2025-11-26 13:54:35.722 | INFO  | traceId= | o.s.boot.StartupInfoLogger.logStarting | Starting OidcPICApplication using Java 21.0.8 with PID 27224 (C:\Users\p10427815\git\OIDC_Demo\OIDC_PIC\target\classes started by p10427815 in C:\Users\p10427815\git\OIDC_Demo\OIDC_PIC)
2025-11-26 13:54:35.726 | INFO  | traceId= | o.s.boot.SpringApplication.logStartupProfileInfo | No active profile set, falling back to 1 default profile: "default"
2025-11-26 13:54:36.748 | INFO  | traceId= | o.s.d.r.c.RepositoryConfigurationDelegate.registerRepositoriesIn | Bootstrapping Spring Data JPA repositories in DEFAULT mode.
2025-11-26 13:54:36.862 | INFO  | traceId= | o.s.d.r.c.RepositoryConfigurationDelegate.registerRepositoriesIn | Finished Spring Data repository scanning in 99 ms. Found 5 JPA repository interfaces.
2025-11-26 13:54:37.736 | INFO  | traceId= | o.s.b.w.e.t.TomcatWebServer.initialize | Tomcat initialized with port 9090 (http)
2025-11-26 13:54:37.757 | INFO  | traceId= | o.a.juli.logging.DirectJDKLog.log | Initializing ProtocolHandler ["http-nio-9090"]
2025-11-26 13:54:37.762 | INFO  | traceId= | o.a.juli.logging.DirectJDKLog.log | Starting service [Tomcat]
2025-11-26 13:54:37.763 | INFO  | traceId= | o.a.juli.logging.DirectJDKLog.log | Starting Servlet engine: [Apache Tomcat/10.1.46]
2025-11-26 13:54:37.877 | INFO  | traceId= | o.a.juli.logging.DirectJDKLog.log | Initializing Spring embedded WebApplicationContext
2025-11-26 13:54:37.879 | INFO  | traceId= | o.s.b.w.s.c.ServletWebServerApplicationContext.prepareWebApplicationContext | Root WebApplicationContext: initialization completed in 2087 ms
2025-11-26 13:54:38.216 | INFO  | traceId= | o.h.j.internal.util.LogHelper.logPersistenceUnitInformation | HHH000204: Processing PersistenceUnitInfo [name: default]
2025-11-26 13:54:38.350 | INFO  | traceId= | org.hibernate.Version.logVersion | HHH000412: Hibernate ORM core version 6.6.29.Final
2025-11-26 13:54:38.424 | INFO  | traceId= | o.h.c.i.RegionFactoryInitiator.initiateService | HHH000026: Second-level cache disabled
2025-11-26 13:54:38.942 | INFO  | traceId= | o.s.o.j.p.SpringPersistenceUnitInfo.addTransformer | No LoadTimeWeaver setup: ignoring JPA class transformer
2025-11-26 13:54:38.998 | INFO  | traceId= | c.z.hikari.HikariDataSource.getConnection | HikariPool-1 - Starting...
2025-11-26 13:54:40.107 | WARN  | traceId= | o.h.e.j.spi.SqlExceptionHelper.logExceptions | SQL Error: 0, SQLState: 08001
2025-11-26 13:54:40.107 | ERROR | traceId= | o.h.e.j.spi.SqlExceptionHelper.logExceptions | Connection to localhost:5432 refused. Check that the hostname and port are correct and that the postmaster is accepting TCP/IP connections.
2025-11-26 13:54:40.109 | WARN  | traceId= | o.h.e.j.e.i.JdbcEnvironmentInitiator.getJdbcEnvironmentUsingJdbcMetadata | HHH000342: Could not obtain connection to query metadata
org.hibernate.exception.JDBCConnectionException: unable to obtain isolated JDBC connection [Connection to localhost:5432 refused. Check that the hostname and port are correct and that the postmaster is accepting TCP/IP connections.] [n/a]
	at org.hibernate.exception.internal.SQLStateConversionDelegate.convert(SQLStateConversionDelegate.java:100)
	at org.hibernate.exception.internal.StandardSQLExceptionConverter.convert(StandardSQLExceptionConverter.java:58)
	at org.hibernate.engine.jdbc.spi.SqlExceptionHelper.convert(SqlExceptionHelper.java:108)
	at org.hibernate.engine.jdbc.spi.SqlExceptionHelper.convert(SqlExceptionHelper.java:94)
	at org.hibernate.resource.transaction.backend.jdbc.internal.JdbcIsolationDelegate.delegateWork(JdbcIsolationDelegate.java:116)
	at org.hibernate.engine.jdbc.env.internal.JdbcEnvironmentInitiator.getJdbcEnvironmentUsingJdbcMetadata(JdbcEnvironmentInitiator.java:334)
	at org.hibernate.engine.jdbc.env.internal.JdbcEnvironmentInitiator.initiateService(JdbcEnvironmentInitiator.java:129)
	at org.hibernate.engine.jdbc.env.internal.JdbcEnvironmentInitiator.initiateService(JdbcEnvironmentInitiator.java:81)
	at org.hibernate.boot.registry.internal.StandardServiceRegistryImpl.initiateService(StandardServiceRegistryImpl.java:130)
	at org.hibernate.service.internal.AbstractServiceRegistryImpl.createService(AbstractServiceRegistryImpl.java:263)
	at org.hibernate.service.internal.AbstractServiceRegistryImpl.initializeService(AbstractServiceRegistryImpl.java:238)
	at org.hibernate.service.internal.AbstractServiceRegistryImpl.getService(AbstractServiceRegistryImpl.java:215)
	at org.hibernate.boot.model.relational.Database.<init>(Database.java:45)
	at org.hibernate.boot.internal.InFlightMetadataCollectorImpl.getDatabase(InFlightMetadataCollectorImpl.java:226)
	at org.hibernate.boot.internal.InFlightMetadataCollectorImpl.<init>(InFlightMetadataCollectorImpl.java:194)
	at org.hibernate.boot.model.process.spi.MetadataBuildingProcess.complete(MetadataBuildingProcess.java:171)
	at org.hibernate.jpa.boot.internal.EntityManagerFactoryBuilderImpl.metadata(EntityManagerFactoryBuilderImpl.java:1442)
	at org.hibernate.jpa.boot.internal.EntityManagerFactoryBuilderImpl.build(EntityManagerFactoryBuilderImpl.java:1513)
	at org.springframework.orm.jpa.vendor.SpringHibernateJpaPersistenceProvider.createContainerEntityManagerFactory(SpringHibernateJpaPersistenceProvider.java:66)
	at org.springframework.orm.jpa.LocalContainerEntityManagerFactoryBean.createNativeEntityManagerFactory(LocalContainerEntityManagerFactoryBean.java:390)
	at org.springframework.orm.jpa.AbstractEntityManagerFactoryBean.buildNativeEntityManagerFactory(AbstractEntityManagerFactoryBean.java:419)
	at org.springframework.orm.jpa.AbstractEntityManagerFactoryBean.afterPropertiesSet(AbstractEntityManagerFactoryBean.java:400)
	at org.springframework.orm.jpa.LocalContainerEntityManagerFactoryBean.afterPropertiesSet(LocalContainerEntityManagerFactoryBean.java:366)
	at org.springframework.beans.factory.support.AbstractAutowireCapableBeanFactory.invokeInitMethods(AbstractAutowireCapableBeanFactory.java:1873)
	at org.springframework.beans.factory.support.AbstractAutowireCapableBeanFactory.initializeBean(AbstractAutowireCapableBeanFactory.java:1822)
	at org.springframework.beans.factory.support.AbstractAutowireCapableBeanFactory.doCreateBean(AbstractAutowireCapableBeanFactory.java:607)
	at org.springframework.beans.factory.support.AbstractAutowireCapableBeanFactory.createBean(AbstractAutowireCapableBeanFactory.java:529)
	at org.springframework.beans.factory.support.AbstractBeanFactory.lambda$doGetBean$0(AbstractBeanFactory.java:339)
	at org.springframework.beans.factory.support.DefaultSingletonBeanRegistry.getSingleton(DefaultSingletonBeanRegistry.java:373)
	at org.springframework.beans.factory.support.AbstractBeanFactory.doGetBean(AbstractBeanFactory.java:337)
	at org.springframework.beans.factory.support.AbstractBeanFactory.getBean(AbstractBeanFactory.java:207)
	at org.springframework.context.support.AbstractApplicationContext.finishBeanFactoryInitialization(AbstractApplicationContext.java:970)
	at org.springframework.context.support.AbstractApplicationContext.refresh(AbstractApplicationContext.java:627)
	at org.springframework.boot.web.servlet.context.ServletWebServerApplicationContext.refresh(ServletWebServerApplicationContext.java:146)
	at org.springframework.boot.SpringApplication.refresh(SpringApplication.java:752)
	at org.springframework.boot.SpringApplication.refreshContext(SpringApplication.java:439)
	at org.springframework.boot.SpringApplication.run(SpringApplication.java:318)
	at org.springframework.boot.SpringApplication.run(SpringApplication.java:1361)
	at org.springframework.boot.SpringApplication.run(SpringApplication.java:1350)
	at com.example.pic.OidcPICApplication.main(OidcPICApplication.java:10)
Caused by: org.postgresql.util.PSQLException: Connection to localhost:5432 refused. Check that the hostname and port are correct and that the postmaster is accepting TCP/IP connections.
	at org.postgresql.core.v3.ConnectionFactoryImpl.openConnectionImpl(ConnectionFactoryImpl.java:373)
	at org.postgresql.core.ConnectionFactory.openConnection(ConnectionFactory.java:57)
	at org.postgresql.jdbc.PgConnection.<init>(PgConnection.java:277)
	at org.postgresql.Driver.makeConnection(Driver.java:448)
	at org.postgresql.Driver.connect(Driver.java:298)
	at com.zaxxer.hikari.util.DriverDataSource.getConnection(DriverDataSource.java:144)
	at com.zaxxer.hikari.pool.PoolBase.newConnection(PoolBase.java:370)
	at com.zaxxer.hikari.pool.PoolBase.newPoolEntry(PoolBase.java:207)
	at com.zaxxer.hikari.pool.HikariPool.createPoolEntry(HikariPool.java:488)
	at com.zaxxer.hikari.pool.HikariPool.checkFailFast(HikariPool.java:576)
	at com.zaxxer.hikari.pool.HikariPool.<init>(HikariPool.java:97)
	at com.zaxxer.hikari.HikariDataSource.getConnection(HikariDataSource.java:111)
	at org.hibernate.engine.jdbc.connections.internal.DatasourceConnectionProviderImpl.getConnection(DatasourceConnectionProviderImpl.java:126)
	at org.hibernate.engine.jdbc.env.internal.JdbcEnvironmentInitiator$ConnectionProviderJdbcConnectionAccess.obtainConnection(JdbcEnvironmentInitiator.java:485)
	at org.hibernate.resource.transaction.backend.jdbc.internal.JdbcIsolationDelegate.delegateWork(JdbcIsolationDelegate.java:61)
	... 35 common frames omitted
Caused by: java.net.ConnectException: Connection refused: getsockopt
	at java.base/sun.nio.ch.Net.pollConnect(Native Method)
	at java.base/sun.nio.ch.Net.pollConnectNow(Net.java:682)
	at java.base/sun.nio.ch.NioSocketImpl.timedFinishConnect(NioSocketImpl.java:542)
	at java.base/sun.nio.ch.NioSocketImpl.connect(NioSocketImpl.java:592)
	at java.base/java.net.SocksSocketImpl.connect(SocksSocketImpl.java:327)
	at java.base/java.net.Socket.connect(Socket.java:751)
	at org.postgresql.core.PGStream.createSocket(PGStream.java:261)
	at org.postgresql.core.PGStream.<init>(PGStream.java:122)
	at org.postgresql.core.v3.ConnectionFactoryImpl.tryConnect(ConnectionFactoryImpl.java:146)
	at org.postgresql.core.v3.ConnectionFactoryImpl.openConnectionImpl(ConnectionFactoryImpl.java:289)
	... 49 common frames omitted
2025-11-26 13:54:40.142 | WARN  | traceId= | o.h.e.j.d.i.DialectFactoryImpl.constructDialect | HHH90000025: PostgreSQLDialect does not need to be specified explicitly using 'hibernate.dialect' (remove the property setting and it will be selected by default)
2025-11-26 13:54:40.161 | INFO  | traceId= | o.h.e.j.e.i.JdbcEnvironmentInitiator.logConnectionInfo | HHH10001005: Database info:
	Database JDBC URL [Connecting through datasource 'HikariDataSource (null)']
	Database driver: undefined/unknown
	Database version: 12.0
	Autocommit mode: undefined/unknown
	Isolation level: undefined/unknown
	Minimum pool size: undefined/unknown
	Maximum pool size: undefined/unknown
2025-11-26 13:54:41.787 | INFO  | traceId= | o.h.e.t.j.p.i.JtaPlatformInitiator.initiateService | HHH000489: No JTA platform available (set 'hibernate.transaction.jta.platform' to enable JTA platform integration)
2025-11-26 13:54:41.824 | INFO  | traceId= | c.z.hikari.HikariDataSource.getConnection | HikariPool-1 - Starting...
2025-11-26 13:54:42.841 | WARN  | traceId= | o.h.e.j.spi.SqlExceptionHelper.logExceptions | SQL Error: 0, SQLState: 08001
2025-11-26 13:54:42.842 | ERROR | traceId= | o.h.e.j.spi.SqlExceptionHelper.logExceptions | Connection to localhost:5432 refused. Check that the hostname and port are correct and that the postmaster is accepting TCP/IP connections.
2025-11-26 13:54:42.855 | ERROR | traceId= | o.s.o.j.AbstractEntityManagerFactoryBean.buildNativeEntityManagerFactory | Failed to initialize JPA EntityManagerFactory: [PersistenceUnit: default] Unable to build Hibernate SessionFactory; nested exception is org.hibernate.exception.JDBCConnectionException: Unable to open JDBC Connection for DDL execution [Connection to localhost:5432 refused. Check that the hostname and port are correct and that the postmaster is accepting TCP/IP connections.] [n/a]
2025-11-26 13:54:42.858 | WARN  | traceId= | o.s.c.s.AbstractApplicationContext.refresh | Exception encountered during context initialization - cancelling refresh attempt: org.springframework.beans.factory.BeanCreationException: Error creating bean with name 'entityManagerFactory' defined in class path resource [org/springframework/boot/autoconfigure/orm/jpa/HibernateJpaConfiguration.class]: [PersistenceUnit: default] Unable to build Hibernate SessionFactory; nested exception is org.hibernate.exception.JDBCConnectionException: Unable to open JDBC Connection for DDL execution [Connection to localhost:5432 refused. Check that the hostname and port are correct and that the postmaster is accepting TCP/IP connections.] [n/a]
2025-11-26 13:54:42.864 | INFO  | traceId= | o.a.juli.logging.DirectJDKLog.log | Stopping service [Tomcat]
2025-11-26 13:54:42.886 | INFO  | traceId= | o.s.b.a.l.ConditionEvaluationReportLogger.logMessage | 

Error starting ApplicationContext. To display the condition evaluation report re-run your application with 'debug' enabled.
2025-11-26 13:54:42.923 | ERROR | traceId= | o.s.boot.SpringApplication.reportFailure | Application run failed
org.springframework.beans.factory.BeanCreationException: Error creating bean with name 'entityManagerFactory' defined in class path resource [org/springframework/boot/autoconfigure/orm/jpa/HibernateJpaConfiguration.class]: [PersistenceUnit: default] Unable to build Hibernate SessionFactory; nested exception is org.hibernate.exception.JDBCConnectionException: Unable to open JDBC Connection for DDL execution [Connection to localhost:5432 refused. Check that the hostname and port are correct and that the postmaster is accepting TCP/IP connections.] [n/a]
	at org.springframework.beans.factory.support.AbstractAutowireCapableBeanFactory.initializeBean(AbstractAutowireCapableBeanFactory.java:1826)
	at org.springframework.beans.factory.support.AbstractAutowireCapableBeanFactory.doCreateBean(AbstractAutowireCapableBeanFactory.java:607)
	at org.springframework.beans.factory.support.AbstractAutowireCapableBeanFactory.createBean(AbstractAutowireCapableBeanFactory.java:529)
	at org.springframework.beans.factory.support.AbstractBeanFactory.lambda$doGetBean$0(AbstractBeanFactory.java:339)
	at org.springframework.beans.factory.support.DefaultSingletonBeanRegistry.getSingleton(DefaultSingletonBeanRegistry.java:373)
	at org.springframework.beans.factory.support.AbstractBeanFactory.doGetBean(AbstractBeanFactory.java:337)
	at org.springframework.beans.factory.support.AbstractBeanFactory.getBean(AbstractBeanFactory.java:207)
	at org.springframework.context.support.AbstractApplicationContext.finishBeanFactoryInitialization(AbstractApplicationContext.java:970)
	at org.springframework.context.support.AbstractApplicationContext.refresh(AbstractApplicationContext.java:627)
	at org.springframework.boot.web.servlet.context.ServletWebServerApplicationContext.refresh(ServletWebServerApplicationContext.java:146)
	at org.springframework.boot.SpringApplication.refresh(SpringApplication.java:752)
	at org.springframework.boot.SpringApplication.refreshContext(SpringApplication.java:439)
	at org.springframework.boot.SpringApplication.run(SpringApplication.java:318)
	at org.springframework.boot.SpringApplication.run(SpringApplication.java:1361)
	at org.springframework.boot.SpringApplication.run(SpringApplication.java:1350)
	at com.example.pic.OidcPICApplication.main(OidcPICApplication.java:10)
Caused by: jakarta.persistence.PersistenceException: [PersistenceUnit: default] Unable to build Hibernate SessionFactory; nested exception is org.hibernate.exception.JDBCConnectionException: Unable to open JDBC Connection for DDL execution [Connection to localhost:5432 refused. Check that the hostname and port are correct and that the postmaster is accepting TCP/IP connections.] [n/a]
	at org.springframework.orm.jpa.AbstractEntityManagerFactoryBean.buildNativeEntityManagerFactory(AbstractEntityManagerFactoryBean.java:431)
	at org.springframework.orm.jpa.AbstractEntityManagerFactoryBean.afterPropertiesSet(AbstractEntityManagerFactoryBean.java:400)
	at org.springframework.orm.jpa.LocalContainerEntityManagerFactoryBean.afterPropertiesSet(LocalContainerEntityManagerFactoryBean.java:366)
	at org.springframework.beans.factory.support.AbstractAutowireCapableBeanFactory.invokeInitMethods(AbstractAutowireCapableBeanFactory.java:1873)
	at org.springframework.beans.factory.support.AbstractAutowireCapableBeanFactory.initializeBean(AbstractAutowireCapableBeanFactory.java:1822)
	... 15 common frames omitted
Caused by: org.hibernate.exception.JDBCConnectionException: Unable to open JDBC Connection for DDL execution [Connection to localhost:5432 refused. Check that the hostname and port are correct and that the postmaster is accepting TCP/IP connections.] [n/a]
	at org.hibernate.exception.internal.SQLStateConversionDelegate.convert(SQLStateConversionDelegate.java:100)
	at org.hibernate.exception.internal.StandardSQLExceptionConverter.convert(StandardSQLExceptionConverter.java:58)
	at org.hibernate.engine.jdbc.spi.SqlExceptionHelper.convert(SqlExceptionHelper.java:108)
	at org.hibernate.engine.jdbc.spi.SqlExceptionHelper.convert(SqlExceptionHelper.java:94)
	at org.hibernate.resource.transaction.backend.jdbc.internal.DdlTransactionIsolatorNonJtaImpl.getIsolatedConnection(DdlTransactionIsolatorNonJtaImpl.java:74)
	at org.hibernate.resource.transaction.backend.jdbc.internal.DdlTransactionIsolatorNonJtaImpl.getIsolatedConnection(DdlTransactionIsolatorNonJtaImpl.java:39)
	at org.hibernate.tool.schema.internal.exec.ImprovedExtractionContextImpl.getJdbcConnection(ImprovedExtractionContextImpl.java:63)
	at org.hibernate.tool.schema.extract.spi.ExtractionContext.getQueryResults(ExtractionContext.java:43)
	at org.hibernate.tool.schema.extract.internal.SequenceInformationExtractorLegacyImpl.extractMetadata(SequenceInformationExtractorLegacyImpl.java:39)
	at org.hibernate.tool.schema.extract.internal.DatabaseInformationImpl.initializeSequences(DatabaseInformationImpl.java:66)
	at org.hibernate.tool.schema.extract.internal.DatabaseInformationImpl.<init>(DatabaseInformationImpl.java:60)
	at org.hibernate.tool.schema.internal.Helper.buildDatabaseInformation(Helper.java:185)
	at org.hibernate.tool.schema.internal.AbstractSchemaMigrator.doMigration(AbstractSchemaMigrator.java:93)
	at org.hibernate.tool.schema.spi.SchemaManagementToolCoordinator.performDatabaseAction(SchemaManagementToolCoordinator.java:280)
	at org.hibernate.tool.schema.spi.SchemaManagementToolCoordinator.lambda$process$5(SchemaManagementToolCoordinator.java:144)
	at java.base/java.util.HashMap.forEach(HashMap.java:1429)
	at org.hibernate.tool.schema.spi.SchemaManagementToolCoordinator.process(SchemaManagementToolCoordinator.java:141)
	at org.hibernate.boot.internal.SessionFactoryObserverForSchemaExport.sessionFactoryCreated(SessionFactoryObserverForSchemaExport.java:37)
	at org.hibernate.internal.SessionFactoryObserverChain.sessionFactoryCreated(SessionFactoryObserverChain.java:35)
	at org.hibernate.internal.SessionFactoryImpl.<init>(SessionFactoryImpl.java:324)
	at org.hibernate.boot.internal.SessionFactoryBuilderImpl.build(SessionFactoryBuilderImpl.java:463)
	at org.hibernate.jpa.boot.internal.EntityManagerFactoryBuilderImpl.build(EntityManagerFactoryBuilderImpl.java:1517)
	at org.springframework.orm.jpa.vendor.SpringHibernateJpaPersistenceProvider.createContainerEntityManagerFactory(SpringHibernateJpaPersistenceProvider.java:66)
	at org.springframework.orm.jpa.LocalContainerEntityManagerFactoryBean.createNativeEntityManagerFactory(LocalContainerEntityManagerFactoryBean.java:390)
	at org.springframework.orm.jpa.AbstractEntityManagerFactoryBean.buildNativeEntityManagerFactory(AbstractEntityManagerFactoryBean.java:419)
	... 19 common frames omitted
Caused by: org.postgresql.util.PSQLException: Connection to localhost:5432 refused. Check that the hostname and port are correct and that the postmaster is accepting TCP/IP connections.
	at org.postgresql.core.v3.ConnectionFactoryImpl.openConnectionImpl(ConnectionFactoryImpl.java:373)
	at org.postgresql.core.ConnectionFactory.openConnection(ConnectionFactory.java:57)
	at org.postgresql.jdbc.PgConnection.<init>(PgConnection.java:277)
	at org.postgresql.Driver.makeConnection(Driver.java:448)
	at org.postgresql.Driver.connect(Driver.java:298)
	at com.zaxxer.hikari.util.DriverDataSource.getConnection(DriverDataSource.java:144)
	at com.zaxxer.hikari.pool.PoolBase.newConnection(PoolBase.java:370)
	at com.zaxxer.hikari.pool.PoolBase.newPoolEntry(PoolBase.java:207)
	at com.zaxxer.hikari.pool.HikariPool.createPoolEntry(HikariPool.java:488)
	at com.zaxxer.hikari.pool.HikariPool.checkFailFast(HikariPool.java:576)
	at com.zaxxer.hikari.pool.HikariPool.<init>(HikariPool.java:97)
	at com.zaxxer.hikari.HikariDataSource.getConnection(HikariDataSource.java:111)
	at org.hibernate.engine.jdbc.connections.internal.DatasourceConnectionProviderImpl.getConnection(DatasourceConnectionProviderImpl.java:126)
	at org.hibernate.engine.jdbc.env.internal.JdbcEnvironmentInitiator$ConnectionProviderJdbcConnectionAccess.obtainConnection(JdbcEnvironmentInitiator.java:485)
	at org.hibernate.resource.transaction.backend.jdbc.internal.DdlTransactionIsolatorNonJtaImpl.getIsolatedConnection(DdlTransactionIsolatorNonJtaImpl.java:46)
	... 39 common frames omitted
Caused by: java.net.ConnectException: Connection refused: getsockopt
	at java.base/sun.nio.ch.Net.pollConnect(Native Method)
	at java.base/sun.nio.ch.Net.pollConnectNow(Net.java:682)
	at java.base/sun.nio.ch.NioSocketImpl.timedFinishConnect(NioSocketImpl.java:542)
	at java.base/sun.nio.ch.NioSocketImpl.connect(NioSocketImpl.java:592)
	at java.base/java.net.SocksSocketImpl.connect(SocksSocketImpl.java:327)
	at java.base/java.net.Socket.connect(Socket.java:751)
	at org.postgresql.core.PGStream.createSocket(PGStream.java:261)
	at org.postgresql.core.PGStream.<init>(PGStream.java:122)
	at org.postgresql.core.v3.ConnectionFactoryImpl.tryConnect(ConnectionFactoryImpl.java:146)
	at org.postgresql.core.v3.ConnectionFactoryImpl.openConnectionImpl(ConnectionFactoryImpl.java:289)
	... 53 common frames omitted
2025-11-26 13:55:23.277 | INFO  | traceId= | o.s.boot.StartupInfoLogger.logStarting | Starting OidcPICApplication using Java 21.0.8 with PID 36140 (C:\Users\p10427815\git\OIDC_Demo\OIDC_PIC\target\classes started by p10427815 in C:\Users\p10427815\git\OIDC_Demo\OIDC_PIC)
2025-11-26 13:55:23.281 | INFO  | traceId= | o.s.boot.SpringApplication.logStartupProfileInfo | No active profile set, falling back to 1 default profile: "default"
2025-11-26 13:55:24.256 | INFO  | traceId= | o.s.d.r.c.RepositoryConfigurationDelegate.registerRepositoriesIn | Bootstrapping Spring Data JPA repositories in DEFAULT mode.
2025-11-26 13:55:24.354 | INFO  | traceId= | o.s.d.r.c.RepositoryConfigurationDelegate.registerRepositoriesIn | Finished Spring Data repository scanning in 83 ms. Found 5 JPA repository interfaces.
2025-11-26 13:55:25.111 | INFO  | traceId= | o.s.b.w.e.t.TomcatWebServer.initialize | Tomcat initialized with port 9090 (http)
2025-11-26 13:55:25.129 | INFO  | traceId= | o.a.juli.logging.DirectJDKLog.log | Initializing ProtocolHandler ["http-nio-9090"]
2025-11-26 13:55:25.133 | INFO  | traceId= | o.a.juli.logging.DirectJDKLog.log | Starting service [Tomcat]
2025-11-26 13:55:25.133 | INFO  | traceId= | o.a.juli.logging.DirectJDKLog.log | Starting Servlet engine: [Apache Tomcat/10.1.46]
2025-11-26 13:55:25.235 | INFO  | traceId= | o.a.juli.logging.DirectJDKLog.log | Initializing Spring embedded WebApplicationContext
2025-11-26 13:55:25.236 | INFO  | traceId= | o.s.b.w.s.c.ServletWebServerApplicationContext.prepareWebApplicationContext | Root WebApplicationContext: initialization completed in 1889 ms
2025-11-26 13:55:25.486 | INFO  | traceId= | o.h.j.internal.util.LogHelper.logPersistenceUnitInformation | HHH000204: Processing PersistenceUnitInfo [name: default]
2025-11-26 13:55:25.565 | INFO  | traceId= | org.hibernate.Version.logVersion | HHH000412: Hibernate ORM core version 6.6.29.Final
2025-11-26 13:55:25.612 | INFO  | traceId= | o.h.c.i.RegionFactoryInitiator.initiateService | HHH000026: Second-level cache disabled
2025-11-26 13:55:25.967 | INFO  | traceId= | o.s.o.j.p.SpringPersistenceUnitInfo.addTransformer | No LoadTimeWeaver setup: ignoring JPA class transformer
2025-11-26 13:55:26.017 | INFO  | traceId= | c.z.hikari.HikariDataSource.getConnection | HikariPool-1 - Starting...
2025-11-26 13:55:26.447 | INFO  | traceId= | c.z.hikari.pool.HikariPool.checkFailFast | HikariPool-1 - Added connection org.postgresql.jdbc.PgConnection@2152fde5
2025-11-26 13:55:26.450 | INFO  | traceId= | c.z.hikari.HikariDataSource.getConnection | HikariPool-1 - Start completed.
2025-11-26 13:55:26.531 | WARN  | traceId= | o.h.e.j.d.i.DialectFactoryImpl.constructDialect | HHH90000025: PostgreSQLDialect does not need to be specified explicitly using 'hibernate.dialect' (remove the property setting and it will be selected by default)
2025-11-26 13:55:26.566 | INFO  | traceId= | o.h.e.j.e.i.JdbcEnvironmentInitiator.logConnectionInfo | HHH10001005: Database info:
	Database JDBC URL [Connecting through datasource 'HikariDataSource (HikariPool-1)']
	Database driver: undefined/unknown
	Database version: 17.5
	Autocommit mode: undefined/unknown
	Isolation level: undefined/unknown
	Minimum pool size: undefined/unknown
	Maximum pool size: undefined/unknown
2025-11-26 13:55:28.645 | INFO  | traceId= | o.h.e.t.j.p.i.JtaPlatformInitiator.initiateService | HHH000489: No JTA platform available (set 'hibernate.transaction.jta.platform' to enable JTA platform integration)
2025-11-26 13:55:28.768 | INFO  | traceId= | o.s.o.j.AbstractEntityManagerFactoryBean.buildNativeEntityManagerFactory | Initialized JPA EntityManagerFactory for persistence unit 'default'
2025-11-26 13:55:30.657 | WARN  | traceId= | o.s.b.a.o.j.JpaBaseConfiguration$JpaWebConfiguration.openEntityManagerInViewInterceptor | spring.jpa.open-in-view is enabled by default. Therefore, database queries may be performed during view rendering. Explicitly configure spring.jpa.open-in-view to disable this warning
2025-11-26 13:55:31.519 | INFO  | traceId= | o.a.juli.logging.DirectJDKLog.log | Starting ProtocolHandler ["http-nio-9090"]
2025-11-26 13:55:31.584 | INFO  | traceId= | o.s.b.w.e.t.TomcatWebServer.start | Tomcat started on port 9090 (http) with context path '/'
2025-11-26 13:55:31.605 | INFO  | traceId= | o.s.boot.StartupInfoLogger.logStarted | Started OidcPICApplication in 9.078 seconds (process running for 9.816)
2025-11-26 13:55:49.157 | INFO  | traceId= | o.a.juli.logging.DirectJDKLog.log | Initializing Spring DispatcherServlet 'dispatcherServlet'
2025-11-26 13:55:49.158 | INFO  | traceId= | o.s.w.servlet.FrameworkServlet.initServletBean | Initializing Servlet 'dispatcherServlet'
2025-11-26 13:55:49.160 | INFO  | traceId= | o.s.w.servlet.FrameworkServlet.initServletBean | Completed initialization in 2 ms
2025-11-26 13:55:49.216 | INFO  | traceId=4ebd4d73-ee39-44ec-8576-262a8fcfe25c | c.e.pic.ServiceImpl.OauthImpl.getAuthUrl | 開始接收授權 url
2025-11-26 13:55:49.451 | INFO  | traceId=4ebd4d73-ee39-44ec-8576-262a8fcfe25c | c.e.pic.ServiceImpl.OauthImpl.tryAutoLogin | 開始驗證是否免登入
2025-11-26 13:56:01.186 | WARN  | traceId=4ebd4d73-ee39-44ec-8576-262a8fcfe25c | c.z.h.pool.ProxyConnection.checkException | HikariPool-1 - Connection org.postgresql.jdbc.PgConnection@2152fde5 marked as broken because of SQLSTATE(08006), ErrorCode(0)
org.postgresql.util.PSQLException: An I/O error occurred while sending to the backend.
	at org.postgresql.core.v3.QueryExecutorImpl.execute(QueryExecutorImpl.java:399)
	at org.postgresql.jdbc.PgStatement.executeInternal(PgStatement.java:518)
	at org.postgresql.jdbc.PgStatement.execute(PgStatement.java:435)
	at org.postgresql.jdbc.PgPreparedStatement.executeWithFlags(PgPreparedStatement.java:196)
	at org.postgresql.jdbc.PgPreparedStatement.executeQuery(PgPreparedStatement.java:139)
	at com.zaxxer.hikari.pool.ProxyPreparedStatement.executeQuery(ProxyPreparedStatement.java:52)
	at com.zaxxer.hikari.pool.HikariProxyPreparedStatement.executeQuery(HikariProxyPreparedStatement.java)
	at org.hibernate.sql.results.jdbc.internal.DeferredResultSetAccess.executeQuery(DeferredResultSetAccess.java:251)
	at org.hibernate.sql.results.jdbc.internal.DeferredResultSetAccess.getResultSet(DeferredResultSetAccess.java:172)
	at org.hibernate.sql.results.jdbc.internal.JdbcValuesResultSetImpl.<init>(JdbcValuesResultSetImpl.java:74)
	at org.hibernate.sql.exec.internal.JdbcSelectExecutorStandardImpl.resolveJdbcValuesSource(JdbcSelectExecutorStandardImpl.java:355)
	at org.hibernate.sql.exec.internal.JdbcSelectExecutorStandardImpl.doExecuteQuery(JdbcSelectExecutorStandardImpl.java:137)
	at org.hibernate.sql.exec.internal.JdbcSelectExecutorStandardImpl.executeQuery(JdbcSelectExecutorStandardImpl.java:102)
	at org.hibernate.sql.exec.spi.JdbcSelectExecutor.executeQuery(JdbcSelectExecutor.java:91)
	at org.hibernate.sql.exec.spi.JdbcSelectExecutor.list(JdbcSelectExecutor.java:165)
	at org.hibernate.loader.ast.internal.SingleIdLoadPlan.load(SingleIdLoadPlan.java:145)
	at org.hibernate.loader.ast.internal.SingleIdLoadPlan.load(SingleIdLoadPlan.java:117)
	at org.hibernate.loader.ast.internal.SingleIdEntityLoaderStandardImpl.load(SingleIdEntityLoaderStandardImpl.java:74)
	at org.hibernate.persister.entity.AbstractEntityPersister.doLoad(AbstractEntityPersister.java:3908)
	at org.hibernate.persister.entity.AbstractEntityPersister.load(AbstractEntityPersister.java:3897)
	at org.hibernate.event.internal.DefaultLoadEventListener.loadFromDatasource(DefaultLoadEventListener.java:604)
	at org.hibernate.event.internal.DefaultLoadEventListener.loadFromCacheOrDatasource(DefaultLoadEventListener.java:590)
	at org.hibernate.event.internal.DefaultLoadEventListener.load(DefaultLoadEventListener.java:560)
	at org.hibernate.event.internal.DefaultLoadEventListener.doLoad(DefaultLoadEventListener.java:544)
	at org.hibernate.event.internal.DefaultLoadEventListener.load(DefaultLoadEventListener.java:206)
	at org.hibernate.event.internal.DefaultLoadEventListener.loadWithRegularProxy(DefaultLoadEventListener.java:289)
	at org.hibernate.event.internal.DefaultLoadEventListener.proxyOrLoad(DefaultLoadEventListener.java:241)
	at org.hibernate.event.internal.DefaultLoadEventListener.doOnLoad(DefaultLoadEventListener.java:110)
	at org.hibernate.event.internal.DefaultLoadEventListener.onLoad(DefaultLoadEventListener.java:69)
	at org.hibernate.event.service.internal.EventListenerGroupImpl.fireEventOnEachListener(EventListenerGroupImpl.java:138)
	at org.hibernate.internal.SessionImpl.fireLoadNoChecks(SessionImpl.java:1229)
	at org.hibernate.internal.SessionImpl.fireLoad(SessionImpl.java:1217)
	at org.hibernate.loader.internal.IdentifierLoadAccessImpl.load(IdentifierLoadAccessImpl.java:210)
	at org.hibernate.loader.internal.IdentifierLoadAccessImpl.doLoad(IdentifierLoadAccessImpl.java:161)
	at org.hibernate.loader.internal.IdentifierLoadAccessImpl.lambda$load$1(IdentifierLoadAccessImpl.java:150)
	at org.hibernate.loader.internal.IdentifierLoadAccessImpl.perform(IdentifierLoadAccessImpl.java:113)
	at org.hibernate.loader.internal.IdentifierLoadAccessImpl.load(IdentifierLoadAccessImpl.java:150)
	at org.hibernate.internal.SessionImpl.get(SessionImpl.java:1030)
	at org.hibernate.event.internal.DefaultMergeEventListener.lambda$entityIsDetached$0(DefaultMergeEventListener.java:413)
	at org.hibernate.engine.spi.LoadQueryInfluencers.fromInternalFetchProfile(LoadQueryInfluencers.java:109)
	at org.hibernate.event.internal.DefaultMergeEventListener.entityIsDetached(DefaultMergeEventListener.java:411)
	at org.hibernate.event.internal.DefaultMergeEventListener.merge(DefaultMergeEventListener.java:214)
	at org.hibernate.event.internal.DefaultMergeEventListener.doMerge(DefaultMergeEventListener.java:152)
	at org.hibernate.event.internal.DefaultMergeEventListener.onMerge(DefaultMergeEventListener.java:136)
	at org.hibernate.event.internal.DefaultMergeEventListener.onMerge(DefaultMergeEventListener.java:89)
	at org.hibernate.event.service.internal.EventListenerGroupImpl.fireEventOnEachListener(EventListenerGroupImpl.java:127)
	at org.hibernate.internal.SessionImpl.fireMerge(SessionImpl.java:854)
	at org.hibernate.internal.SessionImpl.merge(SessionImpl.java:840)
	at java.base/jdk.internal.reflect.DirectMethodHandleAccessor.invoke(DirectMethodHandleAccessor.java:103)
	at java.base/java.lang.reflect.Method.invoke(Method.java:580)
	at org.springframework.orm.jpa.ExtendedEntityManagerCreator$ExtendedEntityManagerInvocationHandler.invoke(ExtendedEntityManagerCreator.java:364)
	at jdk.proxy2/jdk.proxy2.$Proxy118.merge(Unknown Source)
	at java.base/jdk.internal.reflect.DirectMethodHandleAccessor.invoke(DirectMethodHandleAccessor.java:103)
	at java.base/java.lang.reflect.Method.invoke(Method.java:580)
	at org.springframework.orm.jpa.SharedEntityManagerCreator$SharedEntityManagerInvocationHandler.invoke(SharedEntityManagerCreator.java:320)
	at jdk.proxy2/jdk.proxy2.$Proxy118.merge(Unknown Source)
	at org.springframework.data.jpa.repository.support.SimpleJpaRepository.save(SimpleJpaRepository.java:657)
	at java.base/jdk.internal.reflect.DirectMethodHandleAccessor.invoke(DirectMethodHandleAccessor.java:103)
	at java.base/java.lang.reflect.Method.invoke(Method.java:580)
	at org.springframework.aop.support.AopUtils.invokeJoinpointUsingReflection(AopUtils.java:360)
	at org.springframework.data.repository.core.support.RepositoryMethodInvoker$RepositoryFragmentMethodInvoker.lambda$new$0(RepositoryMethodInvoker.java:277)
	at org.springframework.data.repository.core.support.RepositoryMethodInvoker.doInvoke(RepositoryMethodInvoker.java:170)
	at org.springframework.data.repository.core.support.RepositoryMethodInvoker.invoke(RepositoryMethodInvoker.java:158)
	at org.springframework.data.repository.core.support.RepositoryComposition$RepositoryFragments.invoke(RepositoryComposition.java:515)
	at org.springframework.data.repository.core.support.RepositoryComposition.invoke(RepositoryComposition.java:284)
	at org.springframework.data.repository.core.support.RepositoryFactorySupport$ImplementationMethodExecutionInterceptor.invoke(RepositoryFactorySupport.java:734)
	at org.springframework.aop.framework.ReflectiveMethodInvocation.proceed(ReflectiveMethodInvocation.java:184)
	at org.springframework.data.repository.core.support.QueryExecutorMethodInterceptor.doInvoke(QueryExecutorMethodInterceptor.java:174)
	at org.springframework.data.repository.core.support.QueryExecutorMethodInterceptor.invoke(QueryExecutorMethodInterceptor.java:149)
	at org.springframework.aop.framework.ReflectiveMethodInvocation.proceed(ReflectiveMethodInvocation.java:184)
	at org.springframework.data.projection.DefaultMethodInvokingMethodInterceptor.invoke(DefaultMethodInvokingMethodInterceptor.java:69)
	at org.springframework.aop.framework.ReflectiveMethodInvocation.proceed(ReflectiveMethodInvocation.java:184)
	at org.springframework.transaction.interceptor.TransactionAspectSupport.invokeWithinTransaction(TransactionAspectSupport.java:380)
	at org.springframework.transaction.interceptor.TransactionInterceptor.invoke(TransactionInterceptor.java:119)
	at org.springframework.aop.framework.ReflectiveMethodInvocation.proceed(ReflectiveMethodInvocation.java:184)
	at org.springframework.dao.support.PersistenceExceptionTranslationInterceptor.invoke(PersistenceExceptionTranslationInterceptor.java:138)
	at org.springframework.aop.framework.ReflectiveMethodInvocation.proceed(ReflectiveMethodInvocation.java:184)
	at org.springframework.data.jpa.repository.support.CrudMethodMetadataPostProcessor$CrudMethodMetadataPopulatingMethodInterceptor.invoke(CrudMethodMetadataPostProcessor.java:165)
	at org.springframework.aop.framework.ReflectiveMethodInvocation.proceed(ReflectiveMethodInvocation.java:184)
	at org.springframework.aop.framework.JdkDynamicAopProxy.invoke(JdkDynamicAopProxy.java:223)
	at jdk.proxy2/jdk.proxy2.$Proxy125.save(Unknown Source)
	at com.example.pic.ServiceImpl.OauthImpl.tryAutoLogin(OauthImpl.java:362)
	at com.example.pic.ServiceImpl.OauthImpl.getAuthUrl(OauthImpl.java:158)
	at java.base/jdk.internal.reflect.DirectMethodHandleAccessor.invoke(DirectMethodHandleAccessor.java:103)
	at java.base/java.lang.reflect.Method.invoke(Method.java:580)
	at org.springframework.aop.support.AopUtils.invokeJoinpointUsingReflection(AopUtils.java:360)
	at org.springframework.aop.framework.CglibAopProxy$DynamicAdvisedInterceptor.intercept(CglibAopProxy.java:724)
	at com.example.pic.ServiceImpl.OauthImpl$$SpringCGLIB$$0.getAuthUrl(<generated>)
	at com.example.pic.Controller.OidcController.getAuthCode(OidcController.java:63)
	at java.base/jdk.internal.reflect.DirectMethodHandleAccessor.invoke(DirectMethodHandleAccessor.java:103)
	at java.base/java.lang.reflect.Method.invoke(Method.java:580)
	at org.springframework.web.method.support.InvocableHandlerMethod.doInvoke(InvocableHandlerMethod.java:258)
	at org.springframework.web.method.support.InvocableHandlerMethod.invokeForRequest(InvocableHandlerMethod.java:191)
	at org.springframework.web.servlet.mvc.method.annotation.ServletInvocableHandlerMethod.invokeAndHandle(ServletInvocableHandlerMethod.java:118)
	at org.springframework.web.servlet.mvc.method.annotation.RequestMappingHandlerAdapter.invokeHandlerMethod(RequestMappingHandlerAdapter.java:991)
	at org.springframework.web.servlet.mvc.method.annotation.RequestMappingHandlerAdapter.handleInternal(RequestMappingHandlerAdapter.java:896)
	at org.springframework.web.servlet.mvc.method.AbstractHandlerMethodAdapter.handle(AbstractHandlerMethodAdapter.java:87)
	at org.springframework.web.servlet.DispatcherServlet.doDispatch(DispatcherServlet.java:1089)
	at org.springframework.web.servlet.DispatcherServlet.doService(DispatcherServlet.java:979)
	at org.springframework.web.servlet.FrameworkServlet.processRequest(FrameworkServlet.java:1014)
	at org.springframework.web.servlet.FrameworkServlet.doGet(FrameworkServlet.java:903)
	at jakarta.servlet.http.HttpServlet.service(HttpServlet.java:564)
	at org.springframework.web.servlet.FrameworkServlet.service(FrameworkServlet.java:885)
	at jakarta.servlet.http.HttpServlet.service(HttpServlet.java:658)
	at org.apache.catalina.core.ApplicationFilterChain.internalDoFilter(ApplicationFilterChain.java:195)
	at org.apache.catalina.core.ApplicationFilterChain.doFilter(ApplicationFilterChain.java:140)
	at org.apache.tomcat.websocket.server.WsFilter.doFilter(WsFilter.java:51)
	at org.apache.catalina.core.ApplicationFilterChain.internalDoFilter(ApplicationFilterChain.java:164)
	at org.apache.catalina.core.ApplicationFilterChain.doFilter(ApplicationFilterChain.java:140)
	at com.example.pic.config.TraceIdFilter.doFilter(TraceIdFilter.java:29)
	at org.apache.catalina.core.ApplicationFilterChain.internalDoFilter(ApplicationFilterChain.java:164)
	at org.apache.catalina.core.ApplicationFilterChain.doFilter(ApplicationFilterChain.java:140)
	at org.springframework.web.filter.RequestContextFilter.doFilterInternal(RequestContextFilter.java:100)
	at org.springframework.web.filter.OncePerRequestFilter.doFilter(OncePerRequestFilter.java:116)
	at org.apache.catalina.core.ApplicationFilterChain.internalDoFilter(ApplicationFilterChain.java:164)
	at org.apache.catalina.core.ApplicationFilterChain.doFilter(ApplicationFilterChain.java:140)
	at org.springframework.web.filter.FormContentFilter.doFilterInternal(FormContentFilter.java:93)
	at org.springframework.web.filter.OncePerRequestFilter.doFilter(OncePerRequestFilter.java:116)
	at org.apache.catalina.core.ApplicationFilterChain.internalDoFilter(ApplicationFilterChain.java:164)
	at org.apache.catalina.core.ApplicationFilterChain.doFilter(ApplicationFilterChain.java:140)
	at org.springframework.web.filter.CharacterEncodingFilter.doFilterInternal(CharacterEncodingFilter.java:201)
	at org.springframework.web.filter.OncePerRequestFilter.doFilter(OncePerRequestFilter.java:116)
	at org.apache.catalina.core.ApplicationFilterChain.internalDoFilter(ApplicationFilterChain.java:164)
	at org.apache.catalina.core.ApplicationFilterChain.doFilter(ApplicationFilterChain.java:140)
	at org.apache.catalina.core.StandardWrapperValve.invoke(StandardWrapperValve.java:167)
	at org.apache.catalina.core.StandardContextValve.invoke(StandardContextValve.java:90)
	at org.apache.catalina.authenticator.AuthenticatorBase.invoke(AuthenticatorBase.java:483)
	at org.apache.catalina.core.StandardHostValve.invoke(StandardHostValve.java:116)
	at org.apache.catalina.valves.ErrorReportValve.invoke(ErrorReportValve.java:93)
	at org.apache.catalina.core.StandardEngineValve.invoke(StandardEngineValve.java:74)
	at org.apache.catalina.connector.CoyoteAdapter.service(CoyoteAdapter.java:344)
	at org.apache.coyote.http11.Http11Processor.service(Http11Processor.java:398)
	at org.apache.coyote.AbstractProcessorLight.process(AbstractProcessorLight.java:63)
	at org.apache.coyote.AbstractProtocol$ConnectionHandler.process(AbstractProtocol.java:903)
	at org.apache.tomcat.util.net.NioEndpoint$SocketProcessor.doRun(NioEndpoint.java:1776)
	at org.apache.tomcat.util.net.SocketProcessorBase.run(SocketProcessorBase.java:52)
	at org.apache.tomcat.util.threads.ThreadPoolExecutor.runWorker(ThreadPoolExecutor.java:975)
	at org.apache.tomcat.util.threads.ThreadPoolExecutor$Worker.run(ThreadPoolExecutor.java:493)
	at org.apache.tomcat.util.threads.TaskThread$WrappingRunnable.run(TaskThread.java:63)
	at java.base/java.lang.Thread.run(Thread.java:1583)
Caused by: java.net.SocketException: Connection reset by peer
	at java.base/sun.nio.ch.SocketDispatcher.write0(Native Method)
	at java.base/sun.nio.ch.SocketDispatcher.write(SocketDispatcher.java:54)
	at java.base/sun.nio.ch.NioSocketImpl.tryWrite(NioSocketImpl.java:394)
	at java.base/sun.nio.ch.NioSocketImpl.implWrite(NioSocketImpl.java:410)
	at java.base/sun.nio.ch.NioSocketImpl.write(NioSocketImpl.java:440)
	at java.base/sun.nio.ch.NioSocketImpl$2.write(NioSocketImpl.java:819)
	at java.base/java.net.Socket$SocketOutputStream.write(Socket.java:1195)
	at org.postgresql.util.internal.PgBufferedOutputStream.flushBuffer(PgBufferedOutputStream.java:41)
	at org.postgresql.util.internal.PgBufferedOutputStream.flush(PgBufferedOutputStream.java:48)
	at org.postgresql.core.PGStream.flush(PGStream.java:708)
	at org.postgresql.core.v3.QueryExecutorImpl.sendSimpleQuery(QueryExecutorImpl.java:2063)
	at org.postgresql.core.v3.QueryExecutorImpl.sendOneQuery(QueryExecutorImpl.java:1944)
	at org.postgresql.core.v3.QueryExecutorImpl.sendQueryPreamble(QueryExecutorImpl.java:624)
	at org.postgresql.core.v3.QueryExecutorImpl.execute(QueryExecutorImpl.java:362)
	... 139 common frames omitted
2025-11-26 13:56:01.191 | WARN  | traceId=4ebd4d73-ee39-44ec-8576-262a8fcfe25c | o.h.e.j.spi.SqlExceptionHelper.logExceptions | SQL Error: 0, SQLState: 08006
2025-11-26 13:56:01.192 | ERROR | traceId=4ebd4d73-ee39-44ec-8576-262a8fcfe25c | o.h.e.j.spi.SqlExceptionHelper.logExceptions | An I/O error occurred while sending to the backend.
2025-11-26 13:56:01.195 | INFO  | traceId=4ebd4d73-ee39-44ec-8576-262a8fcfe25c | o.h.e.i.DefaultLoadEventListener.doOnLoad | HHH000327: Error performing load command
org.hibernate.exception.JDBCConnectionException: JDBC exception executing SQL [select oact1_0.code,oact1_0.client_id,oact1_0.code_challenge,oact1_0.code_challenge_method,oact1_0.expires_at,oact1_0.redirect_uri,oact1_0.scope,oact1_0.used,oact1_0.user_id from oauth_authorize_code oact1_0 where oact1_0.code=?] [An I/O error occurred while sending to the backend.] [n/a]
	at org.hibernate.exception.internal.SQLStateConversionDelegate.convert(SQLStateConversionDelegate.java:100)
	at org.hibernate.exception.internal.StandardSQLExceptionConverter.convert(StandardSQLExceptionConverter.java:58)
	at org.hibernate.engine.jdbc.spi.SqlExceptionHelper.convert(SqlExceptionHelper.java:108)
	at org.hibernate.engine.jdbc.spi.SqlExceptionHelper.convert(SqlExceptionHelper.java:94)
	at org.hibernate.sql.results.jdbc.internal.DeferredResultSetAccess.executeQuery(DeferredResultSetAccess.java:269)
	at org.hibernate.sql.results.jdbc.internal.DeferredResultSetAccess.getResultSet(DeferredResultSetAccess.java:172)
	at org.hibernate.sql.results.jdbc.internal.JdbcValuesResultSetImpl.<init>(JdbcValuesResultSetImpl.java:74)
	at org.hibernate.sql.exec.internal.JdbcSelectExecutorStandardImpl.resolveJdbcValuesSource(JdbcSelectExecutorStandardImpl.java:355)
	at org.hibernate.sql.exec.internal.JdbcSelectExecutorStandardImpl.doExecuteQuery(JdbcSelectExecutorStandardImpl.java:137)
	at org.hibernate.sql.exec.internal.JdbcSelectExecutorStandardImpl.executeQuery(JdbcSelectExecutorStandardImpl.java:102)
	at org.hibernate.sql.exec.spi.JdbcSelectExecutor.executeQuery(JdbcSelectExecutor.java:91)
	at org.hibernate.sql.exec.spi.JdbcSelectExecutor.list(JdbcSelectExecutor.java:165)
	at org.hibernate.loader.ast.internal.SingleIdLoadPlan.load(SingleIdLoadPlan.java:145)
	at org.hibernate.loader.ast.internal.SingleIdLoadPlan.load(SingleIdLoadPlan.java:117)
	at org.hibernate.loader.ast.internal.SingleIdEntityLoaderStandardImpl.load(SingleIdEntityLoaderStandardImpl.java:74)
	at org.hibernate.persister.entity.AbstractEntityPersister.doLoad(AbstractEntityPersister.java:3908)
	at org.hibernate.persister.entity.AbstractEntityPersister.load(AbstractEntityPersister.java:3897)
	at org.hibernate.event.internal.DefaultLoadEventListener.loadFromDatasource(DefaultLoadEventListener.java:604)
	at org.hibernate.event.internal.DefaultLoadEventListener.loadFromCacheOrDatasource(DefaultLoadEventListener.java:590)
	at org.hibernate.event.internal.DefaultLoadEventListener.load(DefaultLoadEventListener.java:560)
	at org.hibernate.event.internal.DefaultLoadEventListener.doLoad(DefaultLoadEventListener.java:544)
	at org.hibernate.event.internal.DefaultLoadEventListener.load(DefaultLoadEventListener.java:206)
	at org.hibernate.event.internal.DefaultLoadEventListener.loadWithRegularProxy(DefaultLoadEventListener.java:289)
	at org.hibernate.event.internal.DefaultLoadEventListener.proxyOrLoad(DefaultLoadEventListener.java:241)
	at org.hibernate.event.internal.DefaultLoadEventListener.doOnLoad(DefaultLoadEventListener.java:110)
	at org.hibernate.event.internal.DefaultLoadEventListener.onLoad(DefaultLoadEventListener.java:69)
	at org.hibernate.event.service.internal.EventListenerGroupImpl.fireEventOnEachListener(EventListenerGroupImpl.java:138)
	at org.hibernate.internal.SessionImpl.fireLoadNoChecks(SessionImpl.java:1229)
	at org.hibernate.internal.SessionImpl.fireLoad(SessionImpl.java:1217)
	at org.hibernate.loader.internal.IdentifierLoadAccessImpl.load(IdentifierLoadAccessImpl.java:210)
	at org.hibernate.loader.internal.IdentifierLoadAccessImpl.doLoad(IdentifierLoadAccessImpl.java:161)
	at org.hibernate.loader.internal.IdentifierLoadAccessImpl.lambda$load$1(IdentifierLoadAccessImpl.java:150)
	at org.hibernate.loader.internal.IdentifierLoadAccessImpl.perform(IdentifierLoadAccessImpl.java:113)
	at org.hibernate.loader.internal.IdentifierLoadAccessImpl.load(IdentifierLoadAccessImpl.java:150)
	at org.hibernate.internal.SessionImpl.get(SessionImpl.java:1030)
	at org.hibernate.event.internal.DefaultMergeEventListener.lambda$entityIsDetached$0(DefaultMergeEventListener.java:413)
	at org.hibernate.engine.spi.LoadQueryInfluencers.fromInternalFetchProfile(LoadQueryInfluencers.java:109)
	at org.hibernate.event.internal.DefaultMergeEventListener.entityIsDetached(DefaultMergeEventListener.java:411)
	at org.hibernate.event.internal.DefaultMergeEventListener.merge(DefaultMergeEventListener.java:214)
	at org.hibernate.event.internal.DefaultMergeEventListener.doMerge(DefaultMergeEventListener.java:152)
	at org.hibernate.event.internal.DefaultMergeEventListener.onMerge(DefaultMergeEventListener.java:136)
	at org.hibernate.event.internal.DefaultMergeEventListener.onMerge(DefaultMergeEventListener.java:89)
	at org.hibernate.event.service.internal.EventListenerGroupImpl.fireEventOnEachListener(EventListenerGroupImpl.java:127)
	at org.hibernate.internal.SessionImpl.fireMerge(SessionImpl.java:854)
	at org.hibernate.internal.SessionImpl.merge(SessionImpl.java:840)
	at java.base/jdk.internal.reflect.DirectMethodHandleAccessor.invoke(DirectMethodHandleAccessor.java:103)
	at java.base/java.lang.reflect.Method.invoke(Method.java:580)
	at org.springframework.orm.jpa.ExtendedEntityManagerCreator$ExtendedEntityManagerInvocationHandler.invoke(ExtendedEntityManagerCreator.java:364)
	at jdk.proxy2/jdk.proxy2.$Proxy118.merge(Unknown Source)
	at java.base/jdk.internal.reflect.DirectMethodHandleAccessor.invoke(DirectMethodHandleAccessor.java:103)
	at java.base/java.lang.reflect.Method.invoke(Method.java:580)
	at org.springframework.orm.jpa.SharedEntityManagerCreator$SharedEntityManagerInvocationHandler.invoke(SharedEntityManagerCreator.java:320)
	at jdk.proxy2/jdk.proxy2.$Proxy118.merge(Unknown Source)
	at org.springframework.data.jpa.repository.support.SimpleJpaRepository.save(SimpleJpaRepository.java:657)
	at java.base/jdk.internal.reflect.DirectMethodHandleAccessor.invoke(DirectMethodHandleAccessor.java:103)
	at java.base/java.lang.reflect.Method.invoke(Method.java:580)
	at org.springframework.aop.support.AopUtils.invokeJoinpointUsingReflection(AopUtils.java:360)
	at org.springframework.data.repository.core.support.RepositoryMethodInvoker$RepositoryFragmentMethodInvoker.lambda$new$0(RepositoryMethodInvoker.java:277)
	at org.springframework.data.repository.core.support.RepositoryMethodInvoker.doInvoke(RepositoryMethodInvoker.java:170)
	at org.springframework.data.repository.core.support.RepositoryMethodInvoker.invoke(RepositoryMethodInvoker.java:158)
	at org.springframework.data.repository.core.support.RepositoryComposition$RepositoryFragments.invoke(RepositoryComposition.java:515)
	at org.springframework.data.repository.core.support.RepositoryComposition.invoke(RepositoryComposition.java:284)
	at org.springframework.data.repository.core.support.RepositoryFactorySupport$ImplementationMethodExecutionInterceptor.invoke(RepositoryFactorySupport.java:734)
	at org.springframework.aop.framework.ReflectiveMethodInvocation.proceed(ReflectiveMethodInvocation.java:184)
	at org.springframework.data.repository.core.support.QueryExecutorMethodInterceptor.doInvoke(QueryExecutorMethodInterceptor.java:174)
	at org.springframework.data.repository.core.support.QueryExecutorMethodInterceptor.invoke(QueryExecutorMethodInterceptor.java:149)
	at org.springframework.aop.framework.ReflectiveMethodInvocation.proceed(ReflectiveMethodInvocation.java:184)
	at org.springframework.data.projection.DefaultMethodInvokingMethodInterceptor.invoke(DefaultMethodInvokingMethodInterceptor.java:69)
	at org.springframework.aop.framework.ReflectiveMethodInvocation.proceed(ReflectiveMethodInvocation.java:184)
	at org.springframework.transaction.interceptor.TransactionAspectSupport.invokeWithinTransaction(TransactionAspectSupport.java:380)
	at org.springframework.transaction.interceptor.TransactionInterceptor.invoke(TransactionInterceptor.java:119)
	at org.springframework.aop.framework.ReflectiveMethodInvocation.proceed(ReflectiveMethodInvocation.java:184)
	at org.springframework.dao.support.PersistenceExceptionTranslationInterceptor.invoke(PersistenceExceptionTranslationInterceptor.java:138)
	at org.springframework.aop.framework.ReflectiveMethodInvocation.proceed(ReflectiveMethodInvocation.java:184)
	at org.springframework.data.jpa.repository.support.CrudMethodMetadataPostProcessor$CrudMethodMetadataPopulatingMethodInterceptor.invoke(CrudMethodMetadataPostProcessor.java:165)
	at org.springframework.aop.framework.ReflectiveMethodInvocation.proceed(ReflectiveMethodInvocation.java:184)
	at org.springframework.aop.framework.JdkDynamicAopProxy.invoke(JdkDynamicAopProxy.java:223)
	at jdk.proxy2/jdk.proxy2.$Proxy125.save(Unknown Source)
	at com.example.pic.ServiceImpl.OauthImpl.tryAutoLogin(OauthImpl.java:362)
	at com.example.pic.ServiceImpl.OauthImpl.getAuthUrl(OauthImpl.java:158)
	at java.base/jdk.internal.reflect.DirectMethodHandleAccessor.invoke(DirectMethodHandleAccessor.java:103)
	at java.base/java.lang.reflect.Method.invoke(Method.java:580)
	at org.springframework.aop.support.AopUtils.invokeJoinpointUsingReflection(AopUtils.java:360)
	at org.springframework.aop.framework.CglibAopProxy$DynamicAdvisedInterceptor.intercept(CglibAopProxy.java:724)
	at com.example.pic.ServiceImpl.OauthImpl$$SpringCGLIB$$0.getAuthUrl(<generated>)
	at com.example.pic.Controller.OidcController.getAuthCode(OidcController.java:63)
	at java.base/jdk.internal.reflect.DirectMethodHandleAccessor.invoke(DirectMethodHandleAccessor.java:103)
	at java.base/java.lang.reflect.Method.invoke(Method.java:580)
	at org.springframework.web.method.support.InvocableHandlerMethod.doInvoke(InvocableHandlerMethod.java:258)
	at org.springframework.web.method.support.InvocableHandlerMethod.invokeForRequest(InvocableHandlerMethod.java:191)
	at org.springframework.web.servlet.mvc.method.annotation.ServletInvocableHandlerMethod.invokeAndHandle(ServletInvocableHandlerMethod.java:118)
	at org.springframework.web.servlet.mvc.method.annotation.RequestMappingHandlerAdapter.invokeHandlerMethod(RequestMappingHandlerAdapter.java:991)
	at org.springframework.web.servlet.mvc.method.annotation.RequestMappingHandlerAdapter.handleInternal(RequestMappingHandlerAdapter.java:896)
	at org.springframework.web.servlet.mvc.method.AbstractHandlerMethodAdapter.handle(AbstractHandlerMethodAdapter.java:87)
	at org.springframework.web.servlet.DispatcherServlet.doDispatch(DispatcherServlet.java:1089)
	at org.springframework.web.servlet.DispatcherServlet.doService(DispatcherServlet.java:979)
	at org.springframework.web.servlet.FrameworkServlet.processRequest(FrameworkServlet.java:1014)
	at org.springframework.web.servlet.FrameworkServlet.doGet(FrameworkServlet.java:903)
	at jakarta.servlet.http.HttpServlet.service(HttpServlet.java:564)
	at org.springframework.web.servlet.FrameworkServlet.service(FrameworkServlet.java:885)
	at jakarta.servlet.http.HttpServlet.service(HttpServlet.java:658)
	at org.apache.catalina.core.ApplicationFilterChain.internalDoFilter(ApplicationFilterChain.java:195)
	at org.apache.catalina.core.ApplicationFilterChain.doFilter(ApplicationFilterChain.java:140)
	at org.apache.tomcat.websocket.server.WsFilter.doFilter(WsFilter.java:51)
	at org.apache.catalina.core.ApplicationFilterChain.internalDoFilter(ApplicationFilterChain.java:164)
	at org.apache.catalina.core.ApplicationFilterChain.doFilter(ApplicationFilterChain.java:140)
	at com.example.pic.config.TraceIdFilter.doFilter(TraceIdFilter.java:29)
	at org.apache.catalina.core.ApplicationFilterChain.internalDoFilter(ApplicationFilterChain.java:164)
	at org.apache.catalina.core.ApplicationFilterChain.doFilter(ApplicationFilterChain.java:140)
	at org.springframework.web.filter.RequestContextFilter.doFilterInternal(RequestContextFilter.java:100)
	at org.springframework.web.filter.OncePerRequestFilter.doFilter(OncePerRequestFilter.java:116)
	at org.apache.catalina.core.ApplicationFilterChain.internalDoFilter(ApplicationFilterChain.java:164)
	at org.apache.catalina.core.ApplicationFilterChain.doFilter(ApplicationFilterChain.java:140)
	at org.springframework.web.filter.FormContentFilter.doFilterInternal(FormContentFilter.java:93)
	at org.springframework.web.filter.OncePerRequestFilter.doFilter(OncePerRequestFilter.java:116)
	at org.apache.catalina.core.ApplicationFilterChain.internalDoFilter(ApplicationFilterChain.java:164)
	at org.apache.catalina.core.ApplicationFilterChain.doFilter(ApplicationFilterChain.java:140)
	at org.springframework.web.filter.CharacterEncodingFilter.doFilterInternal(CharacterEncodingFilter.java:201)
	at org.springframework.web.filter.OncePerRequestFilter.doFilter(OncePerRequestFilter.java:116)
	at org.apache.catalina.core.ApplicationFilterChain.internalDoFilter(ApplicationFilterChain.java:164)
	at org.apache.catalina.core.ApplicationFilterChain.doFilter(ApplicationFilterChain.java:140)
	at org.apache.catalina.core.StandardWrapperValve.invoke(StandardWrapperValve.java:167)
	at org.apache.catalina.core.StandardContextValve.invoke(StandardContextValve.java:90)
	at org.apache.catalina.authenticator.AuthenticatorBase.invoke(AuthenticatorBase.java:483)
	at org.apache.catalina.core.StandardHostValve.invoke(StandardHostValve.java:116)
	at org.apache.catalina.valves.ErrorReportValve.invoke(ErrorReportValve.java:93)
	at org.apache.catalina.core.StandardEngineValve.invoke(StandardEngineValve.java:74)
	at org.apache.catalina.connector.CoyoteAdapter.service(CoyoteAdapter.java:344)
	at org.apache.coyote.http11.Http11Processor.service(Http11Processor.java:398)
	at org.apache.coyote.AbstractProcessorLight.process(AbstractProcessorLight.java:63)
	at org.apache.coyote.AbstractProtocol$ConnectionHandler.process(AbstractProtocol.java:903)
	at org.apache.tomcat.util.net.NioEndpoint$SocketProcessor.doRun(NioEndpoint.java:1776)
	at org.apache.tomcat.util.net.SocketProcessorBase.run(SocketProcessorBase.java:52)
	at org.apache.tomcat.util.threads.ThreadPoolExecutor.runWorker(ThreadPoolExecutor.java:975)
	at org.apache.tomcat.util.threads.ThreadPoolExecutor$Worker.run(ThreadPoolExecutor.java:493)
	at org.apache.tomcat.util.threads.TaskThread$WrappingRunnable.run(TaskThread.java:63)
	at java.base/java.lang.Thread.run(Thread.java:1583)
Caused by: org.postgresql.util.PSQLException: An I/O error occurred while sending to the backend.
	at org.postgresql.core.v3.QueryExecutorImpl.execute(QueryExecutorImpl.java:399)
	at org.postgresql.jdbc.PgStatement.executeInternal(PgStatement.java:518)
	at org.postgresql.jdbc.PgStatement.execute(PgStatement.java:435)
	at org.postgresql.jdbc.PgPreparedStatement.executeWithFlags(PgPreparedStatement.java:196)
	at org.postgresql.jdbc.PgPreparedStatement.executeQuery(PgPreparedStatement.java:139)
	at com.zaxxer.hikari.pool.ProxyPreparedStatement.executeQuery(ProxyPreparedStatement.java:52)
	at com.zaxxer.hikari.pool.HikariProxyPreparedStatement.executeQuery(HikariProxyPreparedStatement.java)
	at org.hibernate.sql.results.jdbc.internal.DeferredResultSetAccess.executeQuery(DeferredResultSetAccess.java:251)
	... 132 common frames omitted
Caused by: java.net.SocketException: Connection reset by peer
	at java.base/sun.nio.ch.SocketDispatcher.write0(Native Method)
	at java.base/sun.nio.ch.SocketDispatcher.write(SocketDispatcher.java:54)
	at java.base/sun.nio.ch.NioSocketImpl.tryWrite(NioSocketImpl.java:394)
	at java.base/sun.nio.ch.NioSocketImpl.implWrite(NioSocketImpl.java:410)
	at java.base/sun.nio.ch.NioSocketImpl.write(NioSocketImpl.java:440)
	at java.base/sun.nio.ch.NioSocketImpl$2.write(NioSocketImpl.java:819)
	at java.base/java.net.Socket$SocketOutputStream.write(Socket.java:1195)
	at org.postgresql.util.internal.PgBufferedOutputStream.flushBuffer(PgBufferedOutputStream.java:41)
	at org.postgresql.util.internal.PgBufferedOutputStream.flush(PgBufferedOutputStream.java:48)
	at org.postgresql.core.PGStream.flush(PGStream.java:708)
	at org.postgresql.core.v3.QueryExecutorImpl.sendSimpleQuery(QueryExecutorImpl.java:2063)
	at org.postgresql.core.v3.QueryExecutorImpl.sendOneQuery(QueryExecutorImpl.java:1944)
	at org.postgresql.core.v3.QueryExecutorImpl.sendQueryPreamble(QueryExecutorImpl.java:624)
	at org.postgresql.core.v3.QueryExecutorImpl.execute(QueryExecutorImpl.java:362)
	... 139 common frames omitted
2025-11-26 13:56:01.204 | ERROR | traceId=4ebd4d73-ee39-44ec-8576-262a8fcfe25c | o.s.t.i.TransactionAspectSupport.completeTransactionAfterThrowing | Application exception overridden by rollback exception
org.hibernate.exception.JDBCConnectionException: JDBC exception executing SQL [select oact1_0.code,oact1_0.client_id,oact1_0.code_challenge,oact1_0.code_challenge_method,oact1_0.expires_at,oact1_0.redirect_uri,oact1_0.scope,oact1_0.used,oact1_0.user_id from oauth_authorize_code oact1_0 where oact1_0.code=?] [An I/O error occurred while sending to the backend.] [n/a]
	at org.hibernate.exception.internal.SQLStateConversionDelegate.convert(SQLStateConversionDelegate.java:100)
	at org.hibernate.exception.internal.StandardSQLExceptionConverter.convert(StandardSQLExceptionConverter.java:58)
	at org.hibernate.engine.jdbc.spi.SqlExceptionHelper.convert(SqlExceptionHelper.java:108)
	at org.hibernate.engine.jdbc.spi.SqlExceptionHelper.convert(SqlExceptionHelper.java:94)
	at org.hibernate.sql.results.jdbc.internal.DeferredResultSetAccess.executeQuery(DeferredResultSetAccess.java:269)
	at org.hibernate.sql.results.jdbc.internal.DeferredResultSetAccess.getResultSet(DeferredResultSetAccess.java:172)
	at org.hibernate.sql.results.jdbc.internal.JdbcValuesResultSetImpl.<init>(JdbcValuesResultSetImpl.java:74)
	at org.hibernate.sql.exec.internal.JdbcSelectExecutorStandardImpl.resolveJdbcValuesSource(JdbcSelectExecutorStandardImpl.java:355)
	at org.hibernate.sql.exec.internal.JdbcSelectExecutorStandardImpl.doExecuteQuery(JdbcSelectExecutorStandardImpl.java:137)
	at org.hibernate.sql.exec.internal.JdbcSelectExecutorStandardImpl.executeQuery(JdbcSelectExecutorStandardImpl.java:102)
	at org.hibernate.sql.exec.spi.JdbcSelectExecutor.executeQuery(JdbcSelectExecutor.java:91)
	at org.hibernate.sql.exec.spi.JdbcSelectExecutor.list(JdbcSelectExecutor.java:165)
	at org.hibernate.loader.ast.internal.SingleIdLoadPlan.load(SingleIdLoadPlan.java:145)
	at org.hibernate.loader.ast.internal.SingleIdLoadPlan.load(SingleIdLoadPlan.java:117)
	at org.hibernate.loader.ast.internal.SingleIdEntityLoaderStandardImpl.load(SingleIdEntityLoaderStandardImpl.java:74)
	at org.hibernate.persister.entity.AbstractEntityPersister.doLoad(AbstractEntityPersister.java:3908)
	at org.hibernate.persister.entity.AbstractEntityPersister.load(AbstractEntityPersister.java:3897)
	at org.hibernate.event.internal.DefaultLoadEventListener.loadFromDatasource(DefaultLoadEventListener.java:604)
	at org.hibernate.event.internal.DefaultLoadEventListener.loadFromCacheOrDatasource(DefaultLoadEventListener.java:590)
	at org.hibernate.event.internal.DefaultLoadEventListener.load(DefaultLoadEventListener.java:560)
	at org.hibernate.event.internal.DefaultLoadEventListener.doLoad(DefaultLoadEventListener.java:544)
	at org.hibernate.event.internal.DefaultLoadEventListener.load(DefaultLoadEventListener.java:206)
	at org.hibernate.event.internal.DefaultLoadEventListener.loadWithRegularProxy(DefaultLoadEventListener.java:289)
	at org.hibernate.event.internal.DefaultLoadEventListener.proxyOrLoad(DefaultLoadEventListener.java:241)
	at org.hibernate.event.internal.DefaultLoadEventListener.doOnLoad(DefaultLoadEventListener.java:110)
	at org.hibernate.event.internal.DefaultLoadEventListener.onLoad(DefaultLoadEventListener.java:69)
	at org.hibernate.event.service.internal.EventListenerGroupImpl.fireEventOnEachListener(EventListenerGroupImpl.java:138)
	at org.hibernate.internal.SessionImpl.fireLoadNoChecks(SessionImpl.java:1229)
	at org.hibernate.internal.SessionImpl.fireLoad(SessionImpl.java:1217)
	at org.hibernate.loader.internal.IdentifierLoadAccessImpl.load(IdentifierLoadAccessImpl.java:210)
	at org.hibernate.loader.internal.IdentifierLoadAccessImpl.doLoad(IdentifierLoadAccessImpl.java:161)
	at org.hibernate.loader.internal.IdentifierLoadAccessImpl.lambda$load$1(IdentifierLoadAccessImpl.java:150)
	at org.hibernate.loader.internal.IdentifierLoadAccessImpl.perform(IdentifierLoadAccessImpl.java:113)
	at org.hibernate.loader.internal.IdentifierLoadAccessImpl.load(IdentifierLoadAccessImpl.java:150)
	at org.hibernate.internal.SessionImpl.get(SessionImpl.java:1030)
	at org.hibernate.event.internal.DefaultMergeEventListener.lambda$entityIsDetached$0(DefaultMergeEventListener.java:413)
	at org.hibernate.engine.spi.LoadQueryInfluencers.fromInternalFetchProfile(LoadQueryInfluencers.java:109)
	at org.hibernate.event.internal.DefaultMergeEventListener.entityIsDetached(DefaultMergeEventListener.java:411)
	at org.hibernate.event.internal.DefaultMergeEventListener.merge(DefaultMergeEventListener.java:214)
	at org.hibernate.event.internal.DefaultMergeEventListener.doMerge(DefaultMergeEventListener.java:152)
	at org.hibernate.event.internal.DefaultMergeEventListener.onMerge(DefaultMergeEventListener.java:136)
	at org.hibernate.event.internal.DefaultMergeEventListener.onMerge(DefaultMergeEventListener.java:89)
	at org.hibernate.event.service.internal.EventListenerGroupImpl.fireEventOnEachListener(EventListenerGroupImpl.java:127)
	at org.hibernate.internal.SessionImpl.fireMerge(SessionImpl.java:854)
	at org.hibernate.internal.SessionImpl.merge(SessionImpl.java:840)
	at java.base/jdk.internal.reflect.DirectMethodHandleAccessor.invoke(DirectMethodHandleAccessor.java:103)
	at java.base/java.lang.reflect.Method.invoke(Method.java:580)
	at org.springframework.orm.jpa.ExtendedEntityManagerCreator$ExtendedEntityManagerInvocationHandler.invoke(ExtendedEntityManagerCreator.java:364)
	at jdk.proxy2/jdk.proxy2.$Proxy118.merge(Unknown Source)
	at java.base/jdk.internal.reflect.DirectMethodHandleAccessor.invoke(DirectMethodHandleAccessor.java:103)
	at java.base/java.lang.reflect.Method.invoke(Method.java:580)
	at org.springframework.orm.jpa.SharedEntityManagerCreator$SharedEntityManagerInvocationHandler.invoke(SharedEntityManagerCreator.java:320)
	at jdk.proxy2/jdk.proxy2.$Proxy118.merge(Unknown Source)
	at org.springframework.data.jpa.repository.support.SimpleJpaRepository.save(SimpleJpaRepository.java:657)
	at java.base/jdk.internal.reflect.DirectMethodHandleAccessor.invoke(DirectMethodHandleAccessor.java:103)
	at java.base/java.lang.reflect.Method.invoke(Method.java:580)
	at org.springframework.aop.support.AopUtils.invokeJoinpointUsingReflection(AopUtils.java:360)
	at org.springframework.data.repository.core.support.RepositoryMethodInvoker$RepositoryFragmentMethodInvoker.lambda$new$0(RepositoryMethodInvoker.java:277)
	at org.springframework.data.repository.core.support.RepositoryMethodInvoker.doInvoke(RepositoryMethodInvoker.java:170)
	at org.springframework.data.repository.core.support.RepositoryMethodInvoker.invoke(RepositoryMethodInvoker.java:158)
	at org.springframework.data.repository.core.support.RepositoryComposition$RepositoryFragments.invoke(RepositoryComposition.java:515)
	at org.springframework.data.repository.core.support.RepositoryComposition.invoke(RepositoryComposition.java:284)
	at org.springframework.data.repository.core.support.RepositoryFactorySupport$ImplementationMethodExecutionInterceptor.invoke(RepositoryFactorySupport.java:734)
	at org.springframework.aop.framework.ReflectiveMethodInvocation.proceed(ReflectiveMethodInvocation.java:184)
	at org.springframework.data.repository.core.support.QueryExecutorMethodInterceptor.doInvoke(QueryExecutorMethodInterceptor.java:174)
	at org.springframework.data.repository.core.support.QueryExecutorMethodInterceptor.invoke(QueryExecutorMethodInterceptor.java:149)
	at org.springframework.aop.framework.ReflectiveMethodInvocation.proceed(ReflectiveMethodInvocation.java:184)
	at org.springframework.data.projection.DefaultMethodInvokingMethodInterceptor.invoke(DefaultMethodInvokingMethodInterceptor.java:69)
	at org.springframework.aop.framework.ReflectiveMethodInvocation.proceed(ReflectiveMethodInvocation.java:184)
	at org.springframework.transaction.interceptor.TransactionAspectSupport.invokeWithinTransaction(TransactionAspectSupport.java:380)
	at org.springframework.transaction.interceptor.TransactionInterceptor.invoke(TransactionInterceptor.java:119)
	at org.springframework.aop.framework.ReflectiveMethodInvocation.proceed(ReflectiveMethodInvocation.java:184)
	at org.springframework.dao.support.PersistenceExceptionTranslationInterceptor.invoke(PersistenceExceptionTranslationInterceptor.java:138)
	at org.springframework.aop.framework.ReflectiveMethodInvocation.proceed(ReflectiveMethodInvocation.java:184)
	at org.springframework.data.jpa.repository.support.CrudMethodMetadataPostProcessor$CrudMethodMetadataPopulatingMethodInterceptor.invoke(CrudMethodMetadataPostProcessor.java:165)
	at org.springframework.aop.framework.ReflectiveMethodInvocation.proceed(ReflectiveMethodInvocation.java:184)
	at org.springframework.aop.framework.JdkDynamicAopProxy.invoke(JdkDynamicAopProxy.java:223)
	at jdk.proxy2/jdk.proxy2.$Proxy125.save(Unknown Source)
	at com.example.pic.ServiceImpl.OauthImpl.tryAutoLogin(OauthImpl.java:362)
	at com.example.pic.ServiceImpl.OauthImpl.getAuthUrl(OauthImpl.java:158)
	at java.base/jdk.internal.reflect.DirectMethodHandleAccessor.invoke(DirectMethodHandleAccessor.java:103)
	at java.base/java.lang.reflect.Method.invoke(Method.java:580)
	at org.springframework.aop.support.AopUtils.invokeJoinpointUsingReflection(AopUtils.java:360)
	at org.springframework.aop.framework.CglibAopProxy$DynamicAdvisedInterceptor.intercept(CglibAopProxy.java:724)
	at com.example.pic.ServiceImpl.OauthImpl$$SpringCGLIB$$0.getAuthUrl(<generated>)
	at com.example.pic.Controller.OidcController.getAuthCode(OidcController.java:63)
	at java.base/jdk.internal.reflect.DirectMethodHandleAccessor.invoke(DirectMethodHandleAccessor.java:103)
	at java.base/java.lang.reflect.Method.invoke(Method.java:580)
	at org.springframework.web.method.support.InvocableHandlerMethod.doInvoke(InvocableHandlerMethod.java:258)
	at org.springframework.web.method.support.InvocableHandlerMethod.invokeForRequest(InvocableHandlerMethod.java:191)
	at org.springframework.web.servlet.mvc.method.annotation.ServletInvocableHandlerMethod.invokeAndHandle(ServletInvocableHandlerMethod.java:118)
	at org.springframework.web.servlet.mvc.method.annotation.RequestMappingHandlerAdapter.invokeHandlerMethod(RequestMappingHandlerAdapter.java:991)
	at org.springframework.web.servlet.mvc.method.annotation.RequestMappingHandlerAdapter.handleInternal(RequestMappingHandlerAdapter.java:896)
	at org.springframework.web.servlet.mvc.method.AbstractHandlerMethodAdapter.handle(AbstractHandlerMethodAdapter.java:87)
	at org.springframework.web.servlet.DispatcherServlet.doDispatch(DispatcherServlet.java:1089)
	at org.springframework.web.servlet.DispatcherServlet.doService(DispatcherServlet.java:979)
	at org.springframework.web.servlet.FrameworkServlet.processRequest(FrameworkServlet.java:1014)
	at org.springframework.web.servlet.FrameworkServlet.doGet(FrameworkServlet.java:903)
	at jakarta.servlet.http.HttpServlet.service(HttpServlet.java:564)
	at org.springframework.web.servlet.FrameworkServlet.service(FrameworkServlet.java:885)
	at jakarta.servlet.http.HttpServlet.service(HttpServlet.java:658)
	at org.apache.catalina.core.ApplicationFilterChain.internalDoFilter(ApplicationFilterChain.java:195)
	at org.apache.catalina.core.ApplicationFilterChain.doFilter(ApplicationFilterChain.java:140)
	at org.apache.tomcat.websocket.server.WsFilter.doFilter(WsFilter.java:51)
	at org.apache.catalina.core.ApplicationFilterChain.internalDoFilter(ApplicationFilterChain.java:164)
	at org.apache.catalina.core.ApplicationFilterChain.doFilter(ApplicationFilterChain.java:140)
	at com.example.pic.config.TraceIdFilter.doFilter(TraceIdFilter.java:29)
	at org.apache.catalina.core.ApplicationFilterChain.internalDoFilter(ApplicationFilterChain.java:164)
	at org.apache.catalina.core.ApplicationFilterChain.doFilter(ApplicationFilterChain.java:140)
	at org.springframework.web.filter.RequestContextFilter.doFilterInternal(RequestContextFilter.java:100)
	at org.springframework.web.filter.OncePerRequestFilter.doFilter(OncePerRequestFilter.java:116)
	at org.apache.catalina.core.ApplicationFilterChain.internalDoFilter(ApplicationFilterChain.java:164)
	at org.apache.catalina.core.ApplicationFilterChain.doFilter(ApplicationFilterChain.java:140)
	at org.springframework.web.filter.FormContentFilter.doFilterInternal(FormContentFilter.java:93)
	at org.springframework.web.filter.OncePerRequestFilter.doFilter(OncePerRequestFilter.java:116)
	at org.apache.catalina.core.ApplicationFilterChain.internalDoFilter(ApplicationFilterChain.java:164)
	at org.apache.catalina.core.ApplicationFilterChain.doFilter(ApplicationFilterChain.java:140)
	at org.springframework.web.filter.CharacterEncodingFilter.doFilterInternal(CharacterEncodingFilter.java:201)
	at org.springframework.web.filter.OncePerRequestFilter.doFilter(OncePerRequestFilter.java:116)
	at org.apache.catalina.core.ApplicationFilterChain.internalDoFilter(ApplicationFilterChain.java:164)
	at org.apache.catalina.core.ApplicationFilterChain.doFilter(ApplicationFilterChain.java:140)
	at org.apache.catalina.core.StandardWrapperValve.invoke(StandardWrapperValve.java:167)
	at org.apache.catalina.core.StandardContextValve.invoke(StandardContextValve.java:90)
	at org.apache.catalina.authenticator.AuthenticatorBase.invoke(AuthenticatorBase.java:483)
	at org.apache.catalina.core.StandardHostValve.invoke(StandardHostValve.java:116)
	at org.apache.catalina.valves.ErrorReportValve.invoke(ErrorReportValve.java:93)
	at org.apache.catalina.core.StandardEngineValve.invoke(StandardEngineValve.java:74)
	at org.apache.catalina.connector.CoyoteAdapter.service(CoyoteAdapter.java:344)
	at org.apache.coyote.http11.Http11Processor.service(Http11Processor.java:398)
	at org.apache.coyote.AbstractProcessorLight.process(AbstractProcessorLight.java:63)
	at org.apache.coyote.AbstractProtocol$ConnectionHandler.process(AbstractProtocol.java:903)
	at org.apache.tomcat.util.net.NioEndpoint$SocketProcessor.doRun(NioEndpoint.java:1776)
	at org.apache.tomcat.util.net.SocketProcessorBase.run(SocketProcessorBase.java:52)
	at org.apache.tomcat.util.threads.ThreadPoolExecutor.runWorker(ThreadPoolExecutor.java:975)
	at org.apache.tomcat.util.threads.ThreadPoolExecutor$Worker.run(ThreadPoolExecutor.java:493)
	at org.apache.tomcat.util.threads.TaskThread$WrappingRunnable.run(TaskThread.java:63)
	at java.base/java.lang.Thread.run(Thread.java:1583)
Caused by: org.postgresql.util.PSQLException: An I/O error occurred while sending to the backend.
	at org.postgresql.core.v3.QueryExecutorImpl.execute(QueryExecutorImpl.java:399)
	at org.postgresql.jdbc.PgStatement.executeInternal(PgStatement.java:518)
	at org.postgresql.jdbc.PgStatement.execute(PgStatement.java:435)
	at org.postgresql.jdbc.PgPreparedStatement.executeWithFlags(PgPreparedStatement.java:196)
	at org.postgresql.jdbc.PgPreparedStatement.executeQuery(PgPreparedStatement.java:139)
	at com.zaxxer.hikari.pool.ProxyPreparedStatement.executeQuery(ProxyPreparedStatement.java:52)
	at com.zaxxer.hikari.pool.HikariProxyPreparedStatement.executeQuery(HikariProxyPreparedStatement.java)
	at org.hibernate.sql.results.jdbc.internal.DeferredResultSetAccess.executeQuery(DeferredResultSetAccess.java:251)
	... 132 common frames omitted
Caused by: java.net.SocketException: Connection reset by peer
	at java.base/sun.nio.ch.SocketDispatcher.write0(Native Method)
	at java.base/sun.nio.ch.SocketDispatcher.write(SocketDispatcher.java:54)
	at java.base/sun.nio.ch.NioSocketImpl.tryWrite(NioSocketImpl.java:394)
	at java.base/sun.nio.ch.NioSocketImpl.implWrite(NioSocketImpl.java:410)
	at java.base/sun.nio.ch.NioSocketImpl.write(NioSocketImpl.java:440)
	at java.base/sun.nio.ch.NioSocketImpl$2.write(NioSocketImpl.java:819)
	at java.base/java.net.Socket$SocketOutputStream.write(Socket.java:1195)
	at org.postgresql.util.internal.PgBufferedOutputStream.flushBuffer(PgBufferedOutputStream.java:41)
	at org.postgresql.util.internal.PgBufferedOutputStream.flush(PgBufferedOutputStream.java:48)
	at org.postgresql.core.PGStream.flush(PGStream.java:708)
	at org.postgresql.core.v3.QueryExecutorImpl.sendSimpleQuery(QueryExecutorImpl.java:2063)
	at org.postgresql.core.v3.QueryExecutorImpl.sendOneQuery(QueryExecutorImpl.java:1944)
	at org.postgresql.core.v3.QueryExecutorImpl.sendQueryPreamble(QueryExecutorImpl.java:624)
	at org.postgresql.core.v3.QueryExecutorImpl.execute(QueryExecutorImpl.java:362)
	... 139 common frames omitted
2025-11-26 13:56:02.973 | ERROR | traceId=4ebd4d73-ee39-44ec-8576-262a8fcfe25c | c.e.pic.ServiceImpl.OauthImpl.tryAutoLogin | 儲存授權碼失敗
org.springframework.orm.jpa.JpaSystemException: Unable to rollback against JDBC Connection
	at org.springframework.orm.jpa.vendor.HibernateJpaDialect.convertHibernateAccessException(HibernateJpaDialect.java:348)
	at org.springframework.orm.jpa.vendor.HibernateJpaDialect.convertHibernateAccessException(HibernateJpaDialect.java:256)
	at org.springframework.orm.jpa.vendor.HibernateJpaDialect.translateExceptionIfPossible(HibernateJpaDialect.java:241)
	at org.springframework.orm.jpa.JpaTransactionManager.doRollback(JpaTransactionManager.java:594)
	at org.springframework.transaction.support.AbstractPlatformTransactionManager.processRollback(AbstractPlatformTransactionManager.java:897)
	at org.springframework.transaction.support.AbstractPlatformTransactionManager.rollback(AbstractPlatformTransactionManager.java:866)
	at org.springframework.transaction.interceptor.TransactionAspectSupport.completeTransactionAfterThrowing(TransactionAspectSupport.java:716)
	at org.springframework.transaction.interceptor.TransactionAspectSupport.invokeWithinTransaction(TransactionAspectSupport.java:384)
	at org.springframework.transaction.interceptor.TransactionInterceptor.invoke(TransactionInterceptor.java:119)
	at org.springframework.aop.framework.ReflectiveMethodInvocation.proceed(ReflectiveMethodInvocation.java:184)
	at org.springframework.dao.support.PersistenceExceptionTranslationInterceptor.invoke(PersistenceExceptionTranslationInterceptor.java:138)
	at org.springframework.aop.framework.ReflectiveMethodInvocation.proceed(ReflectiveMethodInvocation.java:184)
	at org.springframework.data.jpa.repository.support.CrudMethodMetadataPostProcessor$CrudMethodMetadataPopulatingMethodInterceptor.invoke(CrudMethodMetadataPostProcessor.java:165)
	at org.springframework.aop.framework.ReflectiveMethodInvocation.proceed(ReflectiveMethodInvocation.java:184)
	at org.springframework.aop.framework.JdkDynamicAopProxy.invoke(JdkDynamicAopProxy.java:223)
	at jdk.proxy2/jdk.proxy2.$Proxy125.save(Unknown Source)
	at com.example.pic.ServiceImpl.OauthImpl.tryAutoLogin(OauthImpl.java:362)
	at com.example.pic.ServiceImpl.OauthImpl.getAuthUrl(OauthImpl.java:158)
	at java.base/jdk.internal.reflect.DirectMethodHandleAccessor.invoke(DirectMethodHandleAccessor.java:103)
	at java.base/java.lang.reflect.Method.invoke(Method.java:580)
	at org.springframework.aop.support.AopUtils.invokeJoinpointUsingReflection(AopUtils.java:360)
	at org.springframework.aop.framework.CglibAopProxy$DynamicAdvisedInterceptor.intercept(CglibAopProxy.java:724)
	at com.example.pic.ServiceImpl.OauthImpl$$SpringCGLIB$$0.getAuthUrl(<generated>)
	at com.example.pic.Controller.OidcController.getAuthCode(OidcController.java:63)
	at java.base/jdk.internal.reflect.DirectMethodHandleAccessor.invoke(DirectMethodHandleAccessor.java:103)
	at java.base/java.lang.reflect.Method.invoke(Method.java:580)
	at org.springframework.web.method.support.InvocableHandlerMethod.doInvoke(InvocableHandlerMethod.java:258)
	at org.springframework.web.method.support.InvocableHandlerMethod.invokeForRequest(InvocableHandlerMethod.java:191)
	at org.springframework.web.servlet.mvc.method.annotation.ServletInvocableHandlerMethod.invokeAndHandle(ServletInvocableHandlerMethod.java:118)
	at org.springframework.web.servlet.mvc.method.annotation.RequestMappingHandlerAdapter.invokeHandlerMethod(RequestMappingHandlerAdapter.java:991)
	at org.springframework.web.servlet.mvc.method.annotation.RequestMappingHandlerAdapter.handleInternal(RequestMappingHandlerAdapter.java:896)
	at org.springframework.web.servlet.mvc.method.AbstractHandlerMethodAdapter.handle(AbstractHandlerMethodAdapter.java:87)
	at org.springframework.web.servlet.DispatcherServlet.doDispatch(DispatcherServlet.java:1089)
	at org.springframework.web.servlet.DispatcherServlet.doService(DispatcherServlet.java:979)
	at org.springframework.web.servlet.FrameworkServlet.processRequest(FrameworkServlet.java:1014)
	at org.springframework.web.servlet.FrameworkServlet.doGet(FrameworkServlet.java:903)
	at jakarta.servlet.http.HttpServlet.service(HttpServlet.java:564)
	at org.springframework.web.servlet.FrameworkServlet.service(FrameworkServlet.java:885)
	at jakarta.servlet.http.HttpServlet.service(HttpServlet.java:658)
	at org.apache.catalina.core.ApplicationFilterChain.internalDoFilter(ApplicationFilterChain.java:195)
	at org.apache.catalina.core.ApplicationFilterChain.doFilter(ApplicationFilterChain.java:140)
	at org.apache.tomcat.websocket.server.WsFilter.doFilter(WsFilter.java:51)
	at org.apache.catalina.core.ApplicationFilterChain.internalDoFilter(ApplicationFilterChain.java:164)
	at org.apache.catalina.core.ApplicationFilterChain.doFilter(ApplicationFilterChain.java:140)
	at com.example.pic.config.TraceIdFilter.doFilter(TraceIdFilter.java:29)
	at org.apache.catalina.core.ApplicationFilterChain.internalDoFilter(ApplicationFilterChain.java:164)
	at org.apache.catalina.core.ApplicationFilterChain.doFilter(ApplicationFilterChain.java:140)
	at org.springframework.web.filter.RequestContextFilter.doFilterInternal(RequestContextFilter.java:100)
	at org.springframework.web.filter.OncePerRequestFilter.doFilter(OncePerRequestFilter.java:116)
	at org.apache.catalina.core.ApplicationFilterChain.internalDoFilter(ApplicationFilterChain.java:164)
	at org.apache.catalina.core.ApplicationFilterChain.doFilter(ApplicationFilterChain.java:140)
	at org.springframework.web.filter.FormContentFilter.doFilterInternal(FormContentFilter.java:93)
	at org.springframework.web.filter.OncePerRequestFilter.doFilter(OncePerRequestFilter.java:116)
	at org.apache.catalina.core.ApplicationFilterChain.internalDoFilter(ApplicationFilterChain.java:164)
	at org.apache.catalina.core.ApplicationFilterChain.doFilter(ApplicationFilterChain.java:140)
	at org.springframework.web.filter.CharacterEncodingFilter.doFilterInternal(CharacterEncodingFilter.java:201)
	at org.springframework.web.filter.OncePerRequestFilter.doFilter(OncePerRequestFilter.java:116)
	at org.apache.catalina.core.ApplicationFilterChain.internalDoFilter(ApplicationFilterChain.java:164)
	at org.apache.catalina.core.ApplicationFilterChain.doFilter(ApplicationFilterChain.java:140)
	at org.apache.catalina.core.StandardWrapperValve.invoke(StandardWrapperValve.java:167)
	at org.apache.catalina.core.StandardContextValve.invoke(StandardContextValve.java:90)
	at org.apache.catalina.authenticator.AuthenticatorBase.invoke(AuthenticatorBase.java:483)
	at org.apache.catalina.core.StandardHostValve.invoke(StandardHostValve.java:116)
	at org.apache.catalina.valves.ErrorReportValve.invoke(ErrorReportValve.java:93)
	at org.apache.catalina.core.StandardEngineValve.invoke(StandardEngineValve.java:74)
	at org.apache.catalina.connector.CoyoteAdapter.service(CoyoteAdapter.java:344)
	at org.apache.coyote.http11.Http11Processor.service(Http11Processor.java:398)
	at org.apache.coyote.AbstractProcessorLight.process(AbstractProcessorLight.java:63)
	at org.apache.coyote.AbstractProtocol$ConnectionHandler.process(AbstractProtocol.java:903)
	at org.apache.tomcat.util.net.NioEndpoint$SocketProcessor.doRun(NioEndpoint.java:1776)
	at org.apache.tomcat.util.net.SocketProcessorBase.run(SocketProcessorBase.java:52)
	at org.apache.tomcat.util.threads.ThreadPoolExecutor.runWorker(ThreadPoolExecutor.java:975)
	at org.apache.tomcat.util.threads.ThreadPoolExecutor$Worker.run(ThreadPoolExecutor.java:493)
	at org.apache.tomcat.util.threads.TaskThread$WrappingRunnable.run(TaskThread.java:63)
	at java.base/java.lang.Thread.run(Thread.java:1583)
Caused by: org.hibernate.TransactionException: Unable to rollback against JDBC Connection
	at org.hibernate.resource.jdbc.internal.AbstractLogicalConnectionImplementor.rollback(AbstractLogicalConnectionImplementor.java:137)
	at org.hibernate.resource.transaction.backend.jdbc.internal.JdbcResourceLocalTransactionCoordinatorImpl$TransactionDriverControlImpl.rollback(JdbcResourceLocalTransactionCoordinatorImpl.java:289)
	at org.hibernate.engine.transaction.internal.TransactionImpl.rollback(TransactionImpl.java:142)
	at org.springframework.orm.jpa.JpaTransactionManager.doRollback(JpaTransactionManager.java:590)
	... 71 common frames omitted
Caused by: java.sql.SQLException: Connection is closed
	at com.zaxxer.hikari.pool.ProxyConnection$ClosedConnection.lambda$getClosedConnection$0(ProxyConnection.java:562)
	at jdk.proxy3/jdk.proxy3.$Proxy96.rollback(Unknown Source)
	at com.zaxxer.hikari.pool.ProxyConnection.rollback(ProxyConnection.java:386)
	at com.zaxxer.hikari.pool.HikariProxyConnection.rollback(HikariProxyConnection.java)
	at org.hibernate.resource.jdbc.internal.AbstractLogicalConnectionImplementor.rollback(AbstractLogicalConnectionImplementor.java:127)
	... 74 common frames omitted
2025-11-26 13:56:05.331 | INFO  | traceId=4ebd4d73-ee39-44ec-8576-262a8fcfe25c | c.e.p.c.RequestLogInterceptor.afterCompletion | API: GET /api/oauth/authorize | Status=200 | 耗時=16144ms
2025-11-26 13:56:05.399 | INFO  | traceId=df6356d7-721d-413c-a976-58f3ace61650 | c.e.p.c.RequestLogInterceptor.afterCompletion | API: GET /.well-known/appspecific/com.chrome.devtools.json | Status=200 | 耗時=5ms
2025-11-26 13:56:05.438 | INFO  | traceId=600a8ea1-e49f-483a-9340-118dd7cd5a17 | c.e.p.c.RequestLogInterceptor.afterCompletion | API: GET /favicon.ico | Status=200 | 耗時=8ms
2025-11-26 13:57:10.848 | WARN  | traceId= | c.zaxxer.hikari.pool.PoolBase.isConnectionDead | HikariPool-1 - Failed to validate connection org.postgresql.jdbc.PgConnection@1dfc1226 (This connection has been closed.). Possibly consider using a shorter maxLifetime value.
2025-11-26 13:57:13.139 | WARN  | traceId= | c.zaxxer.hikari.pool.PoolBase.isConnectionDead | HikariPool-1 - Failed to validate connection org.postgresql.jdbc.PgConnection@5cc1181d (This connection has been closed.). Possibly consider using a shorter maxLifetime value.
2025-11-26 13:57:14.693 | WARN  | traceId= | c.zaxxer.hikari.pool.PoolBase.isConnectionDead | HikariPool-1 - Failed to validate connection org.postgresql.jdbc.PgConnection@10472fd2 (This connection has been closed.). Possibly consider using a shorter maxLifetime value.
2025-11-26 13:57:15.641 | WARN  | traceId= | c.zaxxer.hikari.pool.PoolBase.isConnectionDead | HikariPool-1 - Failed to validate connection org.postgresql.jdbc.PgConnection@6d5762de (This connection has been closed.). Possibly consider using a shorter maxLifetime value.
2025-11-26 13:57:17.932 | WARN  | traceId= | c.zaxxer.hikari.pool.PoolBase.isConnectionDead | HikariPool-1 - Failed to validate connection org.postgresql.jdbc.PgConnection@683b0bb8 (This connection has been closed.). Possibly consider using a shorter maxLifetime value.
2025-11-26 13:57:18.714 | WARN  | traceId= | c.zaxxer.hikari.pool.PoolBase.isConnectionDead | HikariPool-1 - Failed to validate connection org.postgresql.jdbc.PgConnection@3ceee752 (This connection has been closed.). Possibly consider using a shorter maxLifetime value.
2025-11-26 13:57:19.308 | WARN  | traceId= | c.zaxxer.hikari.pool.PoolBase.isConnectionDead | HikariPool-1 - Failed to validate connection org.postgresql.jdbc.PgConnection@15fe66a2 (This connection has been closed.). Possibly consider using a shorter maxLifetime value.
2025-11-26 13:57:19.309 | WARN  | traceId= | c.zaxxer.hikari.pool.PoolBase.isConnectionDead | HikariPool-1 - Failed to validate connection org.postgresql.jdbc.PgConnection@4369b751 (This connection has been closed.). Possibly consider using a shorter maxLifetime value.
2025-11-26 14:09:36.276 | INFO  | traceId= | o.s.boot.StartupInfoLogger.logStarting | Starting OidcPICApplication using Java 21.0.8 with PID 34424 (C:\Users\p10427815\git\OIDC_Demo\OIDC_PIC\target\classes started by p10427815 in C:\Users\p10427815\git\OIDC_Demo\OIDC_PIC)
2025-11-26 14:09:36.290 | INFO  | traceId= | o.s.boot.SpringApplication.logStartupProfileInfo | No active profile set, falling back to 1 default profile: "default"
2025-11-26 14:09:37.392 | INFO  | traceId= | o.s.d.r.c.RepositoryConfigurationDelegate.registerRepositoriesIn | Bootstrapping Spring Data JPA repositories in DEFAULT mode.
2025-11-26 14:09:37.494 | INFO  | traceId= | o.s.d.r.c.RepositoryConfigurationDelegate.registerRepositoriesIn | Finished Spring Data repository scanning in 89 ms. Found 5 JPA repository interfaces.
2025-11-26 14:09:38.494 | INFO  | traceId= | o.s.b.w.e.t.TomcatWebServer.initialize | Tomcat initialized with port 9090 (http)
2025-11-26 14:09:38.516 | INFO  | traceId= | o.a.juli.logging.DirectJDKLog.log | Initializing ProtocolHandler ["http-nio-9090"]
2025-11-26 14:09:38.520 | INFO  | traceId= | o.a.juli.logging.DirectJDKLog.log | Starting service [Tomcat]
2025-11-26 14:09:38.521 | INFO  | traceId= | o.a.juli.logging.DirectJDKLog.log | Starting Servlet engine: [Apache Tomcat/10.1.46]
2025-11-26 14:09:38.663 | INFO  | traceId= | o.a.juli.logging.DirectJDKLog.log | Initializing Spring embedded WebApplicationContext
2025-11-26 14:09:38.665 | INFO  | traceId= | o.s.b.w.s.c.ServletWebServerApplicationContext.prepareWebApplicationContext | Root WebApplicationContext: initialization completed in 2303 ms
2025-11-26 14:09:38.945 | INFO  | traceId= | o.h.j.internal.util.LogHelper.logPersistenceUnitInformation | HHH000204: Processing PersistenceUnitInfo [name: default]
2025-11-26 14:09:39.055 | INFO  | traceId= | org.hibernate.Version.logVersion | HHH000412: Hibernate ORM core version 6.6.29.Final
2025-11-26 14:09:39.117 | INFO  | traceId= | o.h.c.i.RegionFactoryInitiator.initiateService | HHH000026: Second-level cache disabled
2025-11-26 14:09:39.528 | INFO  | traceId= | o.s.o.j.p.SpringPersistenceUnitInfo.addTransformer | No LoadTimeWeaver setup: ignoring JPA class transformer
2025-11-26 14:09:39.579 | INFO  | traceId= | c.z.hikari.HikariDataSource.getConnection | HikariPool-1 - Starting...
2025-11-26 14:09:40.673 | WARN  | traceId= | o.h.e.j.spi.SqlExceptionHelper.logExceptions | SQL Error: 0, SQLState: 08001
2025-11-26 14:09:40.674 | ERROR | traceId= | o.h.e.j.spi.SqlExceptionHelper.logExceptions | Connection to localhost:5432 refused. Check that the hostname and port are correct and that the postmaster is accepting TCP/IP connections.
2025-11-26 14:09:40.676 | WARN  | traceId= | o.h.e.j.e.i.JdbcEnvironmentInitiator.getJdbcEnvironmentUsingJdbcMetadata | HHH000342: Could not obtain connection to query metadata
org.hibernate.exception.JDBCConnectionException: unable to obtain isolated JDBC connection [Connection to localhost:5432 refused. Check that the hostname and port are correct and that the postmaster is accepting TCP/IP connections.] [n/a]
	at org.hibernate.exception.internal.SQLStateConversionDelegate.convert(SQLStateConversionDelegate.java:100)
	at org.hibernate.exception.internal.StandardSQLExceptionConverter.convert(StandardSQLExceptionConverter.java:58)
	at org.hibernate.engine.jdbc.spi.SqlExceptionHelper.convert(SqlExceptionHelper.java:108)
	at org.hibernate.engine.jdbc.spi.SqlExceptionHelper.convert(SqlExceptionHelper.java:94)
	at org.hibernate.resource.transaction.backend.jdbc.internal.JdbcIsolationDelegate.delegateWork(JdbcIsolationDelegate.java:116)
	at org.hibernate.engine.jdbc.env.internal.JdbcEnvironmentInitiator.getJdbcEnvironmentUsingJdbcMetadata(JdbcEnvironmentInitiator.java:334)
	at org.hibernate.engine.jdbc.env.internal.JdbcEnvironmentInitiator.initiateService(JdbcEnvironmentInitiator.java:129)
	at org.hibernate.engine.jdbc.env.internal.JdbcEnvironmentInitiator.initiateService(JdbcEnvironmentInitiator.java:81)
	at org.hibernate.boot.registry.internal.StandardServiceRegistryImpl.initiateService(StandardServiceRegistryImpl.java:130)
	at org.hibernate.service.internal.AbstractServiceRegistryImpl.createService(AbstractServiceRegistryImpl.java:263)
	at org.hibernate.service.internal.AbstractServiceRegistryImpl.initializeService(AbstractServiceRegistryImpl.java:238)
	at org.hibernate.service.internal.AbstractServiceRegistryImpl.getService(AbstractServiceRegistryImpl.java:215)
	at org.hibernate.boot.model.relational.Database.<init>(Database.java:45)
	at org.hibernate.boot.internal.InFlightMetadataCollectorImpl.getDatabase(InFlightMetadataCollectorImpl.java:226)
	at org.hibernate.boot.internal.InFlightMetadataCollectorImpl.<init>(InFlightMetadataCollectorImpl.java:194)
	at org.hibernate.boot.model.process.spi.MetadataBuildingProcess.complete(MetadataBuildingProcess.java:171)
	at org.hibernate.jpa.boot.internal.EntityManagerFactoryBuilderImpl.metadata(EntityManagerFactoryBuilderImpl.java:1442)
	at org.hibernate.jpa.boot.internal.EntityManagerFactoryBuilderImpl.build(EntityManagerFactoryBuilderImpl.java:1513)
	at org.springframework.orm.jpa.vendor.SpringHibernateJpaPersistenceProvider.createContainerEntityManagerFactory(SpringHibernateJpaPersistenceProvider.java:66)
	at org.springframework.orm.jpa.LocalContainerEntityManagerFactoryBean.createNativeEntityManagerFactory(LocalContainerEntityManagerFactoryBean.java:390)
	at org.springframework.orm.jpa.AbstractEntityManagerFactoryBean.buildNativeEntityManagerFactory(AbstractEntityManagerFactoryBean.java:419)
	at org.springframework.orm.jpa.AbstractEntityManagerFactoryBean.afterPropertiesSet(AbstractEntityManagerFactoryBean.java:400)
	at org.springframework.orm.jpa.LocalContainerEntityManagerFactoryBean.afterPropertiesSet(LocalContainerEntityManagerFactoryBean.java:366)
	at org.springframework.beans.factory.support.AbstractAutowireCapableBeanFactory.invokeInitMethods(AbstractAutowireCapableBeanFactory.java:1873)
	at org.springframework.beans.factory.support.AbstractAutowireCapableBeanFactory.initializeBean(AbstractAutowireCapableBeanFactory.java:1822)
	at org.springframework.beans.factory.support.AbstractAutowireCapableBeanFactory.doCreateBean(AbstractAutowireCapableBeanFactory.java:607)
	at org.springframework.beans.factory.support.AbstractAutowireCapableBeanFactory.createBean(AbstractAutowireCapableBeanFactory.java:529)
	at org.springframework.beans.factory.support.AbstractBeanFactory.lambda$doGetBean$0(AbstractBeanFactory.java:339)
	at org.springframework.beans.factory.support.DefaultSingletonBeanRegistry.getSingleton(DefaultSingletonBeanRegistry.java:373)
	at org.springframework.beans.factory.support.AbstractBeanFactory.doGetBean(AbstractBeanFactory.java:337)
	at org.springframework.beans.factory.support.AbstractBeanFactory.getBean(AbstractBeanFactory.java:207)
	at org.springframework.context.support.AbstractApplicationContext.finishBeanFactoryInitialization(AbstractApplicationContext.java:970)
	at org.springframework.context.support.AbstractApplicationContext.refresh(AbstractApplicationContext.java:627)
	at org.springframework.boot.web.servlet.context.ServletWebServerApplicationContext.refresh(ServletWebServerApplicationContext.java:146)
	at org.springframework.boot.SpringApplication.refresh(SpringApplication.java:752)
	at org.springframework.boot.SpringApplication.refreshContext(SpringApplication.java:439)
	at org.springframework.boot.SpringApplication.run(SpringApplication.java:318)
	at org.springframework.boot.SpringApplication.run(SpringApplication.java:1361)
	at org.springframework.boot.SpringApplication.run(SpringApplication.java:1350)
	at com.example.pic.OidcPICApplication.main(OidcPICApplication.java:10)
Caused by: org.postgresql.util.PSQLException: Connection to localhost:5432 refused. Check that the hostname and port are correct and that the postmaster is accepting TCP/IP connections.
	at org.postgresql.core.v3.ConnectionFactoryImpl.openConnectionImpl(ConnectionFactoryImpl.java:373)
	at org.postgresql.core.ConnectionFactory.openConnection(ConnectionFactory.java:57)
	at org.postgresql.jdbc.PgConnection.<init>(PgConnection.java:277)
	at org.postgresql.Driver.makeConnection(Driver.java:448)
	at org.postgresql.Driver.connect(Driver.java:298)
	at com.zaxxer.hikari.util.DriverDataSource.getConnection(DriverDataSource.java:144)
	at com.zaxxer.hikari.pool.PoolBase.newConnection(PoolBase.java:370)
	at com.zaxxer.hikari.pool.PoolBase.newPoolEntry(PoolBase.java:207)
	at com.zaxxer.hikari.pool.HikariPool.createPoolEntry(HikariPool.java:488)
	at com.zaxxer.hikari.pool.HikariPool.checkFailFast(HikariPool.java:576)
	at com.zaxxer.hikari.pool.HikariPool.<init>(HikariPool.java:97)
	at com.zaxxer.hikari.HikariDataSource.getConnection(HikariDataSource.java:111)
	at org.hibernate.engine.jdbc.connections.internal.DatasourceConnectionProviderImpl.getConnection(DatasourceConnectionProviderImpl.java:126)
	at org.hibernate.engine.jdbc.env.internal.JdbcEnvironmentInitiator$ConnectionProviderJdbcConnectionAccess.obtainConnection(JdbcEnvironmentInitiator.java:485)
	at org.hibernate.resource.transaction.backend.jdbc.internal.JdbcIsolationDelegate.delegateWork(JdbcIsolationDelegate.java:61)
	... 35 common frames omitted
Caused by: java.net.ConnectException: Connection refused: getsockopt
	at java.base/sun.nio.ch.Net.pollConnect(Native Method)
	at java.base/sun.nio.ch.Net.pollConnectNow(Net.java:682)
	at java.base/sun.nio.ch.NioSocketImpl.timedFinishConnect(NioSocketImpl.java:542)
	at java.base/sun.nio.ch.NioSocketImpl.connect(NioSocketImpl.java:592)
	at java.base/java.net.SocksSocketImpl.connect(SocksSocketImpl.java:327)
	at java.base/java.net.Socket.connect(Socket.java:751)
	at org.postgresql.core.PGStream.createSocket(PGStream.java:261)
	at org.postgresql.core.PGStream.<init>(PGStream.java:122)
	at org.postgresql.core.v3.ConnectionFactoryImpl.tryConnect(ConnectionFactoryImpl.java:146)
	at org.postgresql.core.v3.ConnectionFactoryImpl.openConnectionImpl(ConnectionFactoryImpl.java:289)
	... 49 common frames omitted
2025-11-26 14:09:40.714 | WARN  | traceId= | o.h.e.j.d.i.DialectFactoryImpl.constructDialect | HHH90000025: PostgreSQLDialect does not need to be specified explicitly using 'hibernate.dialect' (remove the property setting and it will be selected by default)
2025-11-26 14:09:40.733 | INFO  | traceId= | o.h.e.j.e.i.JdbcEnvironmentInitiator.logConnectionInfo | HHH10001005: Database info:
	Database JDBC URL [Connecting through datasource 'HikariDataSource (null)']
	Database driver: undefined/unknown
	Database version: 12.0
	Autocommit mode: undefined/unknown
	Isolation level: undefined/unknown
	Minimum pool size: undefined/unknown
	Maximum pool size: undefined/unknown
2025-11-26 14:09:41.852 | INFO  | traceId= | o.h.e.t.j.p.i.JtaPlatformInitiator.initiateService | HHH000489: No JTA platform available (set 'hibernate.transaction.jta.platform' to enable JTA platform integration)
2025-11-26 14:09:41.879 | INFO  | traceId= | c.z.hikari.HikariDataSource.getConnection | HikariPool-1 - Starting...
2025-11-26 14:09:42.888 | WARN  | traceId= | o.h.e.j.spi.SqlExceptionHelper.logExceptions | SQL Error: 0, SQLState: 08001
2025-11-26 14:09:42.889 | ERROR | traceId= | o.h.e.j.spi.SqlExceptionHelper.logExceptions | Connection to localhost:5432 refused. Check that the hostname and port are correct and that the postmaster is accepting TCP/IP connections.
2025-11-26 14:09:42.897 | ERROR | traceId= | o.s.o.j.AbstractEntityManagerFactoryBean.buildNativeEntityManagerFactory | Failed to initialize JPA EntityManagerFactory: [PersistenceUnit: default] Unable to build Hibernate SessionFactory; nested exception is org.hibernate.exception.JDBCConnectionException: Unable to open JDBC Connection for DDL execution [Connection to localhost:5432 refused. Check that the hostname and port are correct and that the postmaster is accepting TCP/IP connections.] [n/a]
2025-11-26 14:09:42.898 | WARN  | traceId= | o.s.c.s.AbstractApplicationContext.refresh | Exception encountered during context initialization - cancelling refresh attempt: org.springframework.beans.factory.BeanCreationException: Error creating bean with name 'entityManagerFactory' defined in class path resource [org/springframework/boot/autoconfigure/orm/jpa/HibernateJpaConfiguration.class]: [PersistenceUnit: default] Unable to build Hibernate SessionFactory; nested exception is org.hibernate.exception.JDBCConnectionException: Unable to open JDBC Connection for DDL execution [Connection to localhost:5432 refused. Check that the hostname and port are correct and that the postmaster is accepting TCP/IP connections.] [n/a]
2025-11-26 14:09:42.901 | INFO  | traceId= | o.a.juli.logging.DirectJDKLog.log | Stopping service [Tomcat]
2025-11-26 14:09:42.928 | INFO  | traceId= | o.s.b.a.l.ConditionEvaluationReportLogger.logMessage | 

Error starting ApplicationContext. To display the condition evaluation report re-run your application with 'debug' enabled.
2025-11-26 14:09:42.954 | ERROR | traceId= | o.s.boot.SpringApplication.reportFailure | Application run failed
org.springframework.beans.factory.BeanCreationException: Error creating bean with name 'entityManagerFactory' defined in class path resource [org/springframework/boot/autoconfigure/orm/jpa/HibernateJpaConfiguration.class]: [PersistenceUnit: default] Unable to build Hibernate SessionFactory; nested exception is org.hibernate.exception.JDBCConnectionException: Unable to open JDBC Connection for DDL execution [Connection to localhost:5432 refused. Check that the hostname and port are correct and that the postmaster is accepting TCP/IP connections.] [n/a]
	at org.springframework.beans.factory.support.AbstractAutowireCapableBeanFactory.initializeBean(AbstractAutowireCapableBeanFactory.java:1826)
	at org.springframework.beans.factory.support.AbstractAutowireCapableBeanFactory.doCreateBean(AbstractAutowireCapableBeanFactory.java:607)
	at org.springframework.beans.factory.support.AbstractAutowireCapableBeanFactory.createBean(AbstractAutowireCapableBeanFactory.java:529)
	at org.springframework.beans.factory.support.AbstractBeanFactory.lambda$doGetBean$0(AbstractBeanFactory.java:339)
	at org.springframework.beans.factory.support.DefaultSingletonBeanRegistry.getSingleton(DefaultSingletonBeanRegistry.java:373)
	at org.springframework.beans.factory.support.AbstractBeanFactory.doGetBean(AbstractBeanFactory.java:337)
	at org.springframework.beans.factory.support.AbstractBeanFactory.getBean(AbstractBeanFactory.java:207)
	at org.springframework.context.support.AbstractApplicationContext.finishBeanFactoryInitialization(AbstractApplicationContext.java:970)
	at org.springframework.context.support.AbstractApplicationContext.refresh(AbstractApplicationContext.java:627)
	at org.springframework.boot.web.servlet.context.ServletWebServerApplicationContext.refresh(ServletWebServerApplicationContext.java:146)
	at org.springframework.boot.SpringApplication.refresh(SpringApplication.java:752)
	at org.springframework.boot.SpringApplication.refreshContext(SpringApplication.java:439)
	at org.springframework.boot.SpringApplication.run(SpringApplication.java:318)
	at org.springframework.boot.SpringApplication.run(SpringApplication.java:1361)
	at org.springframework.boot.SpringApplication.run(SpringApplication.java:1350)
	at com.example.pic.OidcPICApplication.main(OidcPICApplication.java:10)
Caused by: jakarta.persistence.PersistenceException: [PersistenceUnit: default] Unable to build Hibernate SessionFactory; nested exception is org.hibernate.exception.JDBCConnectionException: Unable to open JDBC Connection for DDL execution [Connection to localhost:5432 refused. Check that the hostname and port are correct and that the postmaster is accepting TCP/IP connections.] [n/a]
	at org.springframework.orm.jpa.AbstractEntityManagerFactoryBean.buildNativeEntityManagerFactory(AbstractEntityManagerFactoryBean.java:431)
	at org.springframework.orm.jpa.AbstractEntityManagerFactoryBean.afterPropertiesSet(AbstractEntityManagerFactoryBean.java:400)
	at org.springframework.orm.jpa.LocalContainerEntityManagerFactoryBean.afterPropertiesSet(LocalContainerEntityManagerFactoryBean.java:366)
	at org.springframework.beans.factory.support.AbstractAutowireCapableBeanFactory.invokeInitMethods(AbstractAutowireCapableBeanFactory.java:1873)
	at org.springframework.beans.factory.support.AbstractAutowireCapableBeanFactory.initializeBean(AbstractAutowireCapableBeanFactory.java:1822)
	... 15 common frames omitted
Caused by: org.hibernate.exception.JDBCConnectionException: Unable to open JDBC Connection for DDL execution [Connection to localhost:5432 refused. Check that the hostname and port are correct and that the postmaster is accepting TCP/IP connections.] [n/a]
	at org.hibernate.exception.internal.SQLStateConversionDelegate.convert(SQLStateConversionDelegate.java:100)
	at org.hibernate.exception.internal.StandardSQLExceptionConverter.convert(StandardSQLExceptionConverter.java:58)
	at org.hibernate.engine.jdbc.spi.SqlExceptionHelper.convert(SqlExceptionHelper.java:108)
	at org.hibernate.engine.jdbc.spi.SqlExceptionHelper.convert(SqlExceptionHelper.java:94)
	at org.hibernate.resource.transaction.backend.jdbc.internal.DdlTransactionIsolatorNonJtaImpl.getIsolatedConnection(DdlTransactionIsolatorNonJtaImpl.java:74)
	at org.hibernate.resource.transaction.backend.jdbc.internal.DdlTransactionIsolatorNonJtaImpl.getIsolatedConnection(DdlTransactionIsolatorNonJtaImpl.java:39)
	at org.hibernate.tool.schema.internal.exec.ImprovedExtractionContextImpl.getJdbcConnection(ImprovedExtractionContextImpl.java:63)
	at org.hibernate.tool.schema.extract.spi.ExtractionContext.getQueryResults(ExtractionContext.java:43)
	at org.hibernate.tool.schema.extract.internal.SequenceInformationExtractorLegacyImpl.extractMetadata(SequenceInformationExtractorLegacyImpl.java:39)
	at org.hibernate.tool.schema.extract.internal.DatabaseInformationImpl.initializeSequences(DatabaseInformationImpl.java:66)
	at org.hibernate.tool.schema.extract.internal.DatabaseInformationImpl.<init>(DatabaseInformationImpl.java:60)
	at org.hibernate.tool.schema.internal.Helper.buildDatabaseInformation(Helper.java:185)
	at org.hibernate.tool.schema.internal.AbstractSchemaMigrator.doMigration(AbstractSchemaMigrator.java:93)
	at org.hibernate.tool.schema.spi.SchemaManagementToolCoordinator.performDatabaseAction(SchemaManagementToolCoordinator.java:280)
	at org.hibernate.tool.schema.spi.SchemaManagementToolCoordinator.lambda$process$5(SchemaManagementToolCoordinator.java:144)
	at java.base/java.util.HashMap.forEach(HashMap.java:1429)
	at org.hibernate.tool.schema.spi.SchemaManagementToolCoordinator.process(SchemaManagementToolCoordinator.java:141)
	at org.hibernate.boot.internal.SessionFactoryObserverForSchemaExport.sessionFactoryCreated(SessionFactoryObserverForSchemaExport.java:37)
	at org.hibernate.internal.SessionFactoryObserverChain.sessionFactoryCreated(SessionFactoryObserverChain.java:35)
	at org.hibernate.internal.SessionFactoryImpl.<init>(SessionFactoryImpl.java:324)
	at org.hibernate.boot.internal.SessionFactoryBuilderImpl.build(SessionFactoryBuilderImpl.java:463)
	at org.hibernate.jpa.boot.internal.EntityManagerFactoryBuilderImpl.build(EntityManagerFactoryBuilderImpl.java:1517)
	at org.springframework.orm.jpa.vendor.SpringHibernateJpaPersistenceProvider.createContainerEntityManagerFactory(SpringHibernateJpaPersistenceProvider.java:66)
	at org.springframework.orm.jpa.LocalContainerEntityManagerFactoryBean.createNativeEntityManagerFactory(LocalContainerEntityManagerFactoryBean.java:390)
	at org.springframework.orm.jpa.AbstractEntityManagerFactoryBean.buildNativeEntityManagerFactory(AbstractEntityManagerFactoryBean.java:419)
	... 19 common frames omitted
Caused by: org.postgresql.util.PSQLException: Connection to localhost:5432 refused. Check that the hostname and port are correct and that the postmaster is accepting TCP/IP connections.
	at org.postgresql.core.v3.ConnectionFactoryImpl.openConnectionImpl(ConnectionFactoryImpl.java:373)
	at org.postgresql.core.ConnectionFactory.openConnection(ConnectionFactory.java:57)
	at org.postgresql.jdbc.PgConnection.<init>(PgConnection.java:277)
	at org.postgresql.Driver.makeConnection(Driver.java:448)
	at org.postgresql.Driver.connect(Driver.java:298)
	at com.zaxxer.hikari.util.DriverDataSource.getConnection(DriverDataSource.java:144)
	at com.zaxxer.hikari.pool.PoolBase.newConnection(PoolBase.java:370)
	at com.zaxxer.hikari.pool.PoolBase.newPoolEntry(PoolBase.java:207)
	at com.zaxxer.hikari.pool.HikariPool.createPoolEntry(HikariPool.java:488)
	at com.zaxxer.hikari.pool.HikariPool.checkFailFast(HikariPool.java:576)
	at com.zaxxer.hikari.pool.HikariPool.<init>(HikariPool.java:97)
	at com.zaxxer.hikari.HikariDataSource.getConnection(HikariDataSource.java:111)
	at org.hibernate.engine.jdbc.connections.internal.DatasourceConnectionProviderImpl.getConnection(DatasourceConnectionProviderImpl.java:126)
	at org.hibernate.engine.jdbc.env.internal.JdbcEnvironmentInitiator$ConnectionProviderJdbcConnectionAccess.obtainConnection(JdbcEnvironmentInitiator.java:485)
	at org.hibernate.resource.transaction.backend.jdbc.internal.DdlTransactionIsolatorNonJtaImpl.getIsolatedConnection(DdlTransactionIsolatorNonJtaImpl.java:46)
	... 39 common frames omitted
Caused by: java.net.ConnectException: Connection refused: getsockopt
	at java.base/sun.nio.ch.Net.pollConnect(Native Method)
	at java.base/sun.nio.ch.Net.pollConnectNow(Net.java:682)
	at java.base/sun.nio.ch.NioSocketImpl.timedFinishConnect(NioSocketImpl.java:542)
	at java.base/sun.nio.ch.NioSocketImpl.connect(NioSocketImpl.java:592)
	at java.base/java.net.SocksSocketImpl.connect(SocksSocketImpl.java:327)
	at java.base/java.net.Socket.connect(Socket.java:751)
	at org.postgresql.core.PGStream.createSocket(PGStream.java:261)
	at org.postgresql.core.PGStream.<init>(PGStream.java:122)
	at org.postgresql.core.v3.ConnectionFactoryImpl.tryConnect(ConnectionFactoryImpl.java:146)
	at org.postgresql.core.v3.ConnectionFactoryImpl.openConnectionImpl(ConnectionFactoryImpl.java:289)
	... 53 common frames omitted
2025-11-26 14:10:27.662 | INFO  | traceId= | o.s.boot.StartupInfoLogger.logStarting | Starting OidcPICApplication using Java 21.0.8 with PID 23992 (C:\Users\p10427815\git\OIDC_Demo\OIDC_PIC\target\classes started by p10427815 in C:\Users\p10427815\git\OIDC_Demo\OIDC_PIC)
2025-11-26 14:10:27.666 | INFO  | traceId= | o.s.boot.SpringApplication.logStartupProfileInfo | No active profile set, falling back to 1 default profile: "default"
2025-11-26 14:10:28.613 | INFO  | traceId= | o.s.d.r.c.RepositoryConfigurationDelegate.registerRepositoriesIn | Bootstrapping Spring Data JPA repositories in DEFAULT mode.
2025-11-26 14:10:28.706 | INFO  | traceId= | o.s.d.r.c.RepositoryConfigurationDelegate.registerRepositoriesIn | Finished Spring Data repository scanning in 78 ms. Found 5 JPA repository interfaces.
2025-11-26 14:10:29.465 | INFO  | traceId= | o.s.b.w.e.t.TomcatWebServer.initialize | Tomcat initialized with port 9090 (http)
2025-11-26 14:10:29.486 | INFO  | traceId= | o.a.juli.logging.DirectJDKLog.log | Initializing ProtocolHandler ["http-nio-9090"]
2025-11-26 14:10:29.490 | INFO  | traceId= | o.a.juli.logging.DirectJDKLog.log | Starting service [Tomcat]
2025-11-26 14:10:29.491 | INFO  | traceId= | o.a.juli.logging.DirectJDKLog.log | Starting Servlet engine: [Apache Tomcat/10.1.46]
2025-11-26 14:10:29.598 | INFO  | traceId= | o.a.juli.logging.DirectJDKLog.log | Initializing Spring embedded WebApplicationContext
2025-11-26 14:10:29.599 | INFO  | traceId= | o.s.b.w.s.c.ServletWebServerApplicationContext.prepareWebApplicationContext | Root WebApplicationContext: initialization completed in 1868 ms
2025-11-26 14:10:29.847 | INFO  | traceId= | o.h.j.internal.util.LogHelper.logPersistenceUnitInformation | HHH000204: Processing PersistenceUnitInfo [name: default]
2025-11-26 14:10:29.928 | INFO  | traceId= | org.hibernate.Version.logVersion | HHH000412: Hibernate ORM core version 6.6.29.Final
2025-11-26 14:10:29.970 | INFO  | traceId= | o.h.c.i.RegionFactoryInitiator.initiateService | HHH000026: Second-level cache disabled
2025-11-26 14:10:30.334 | INFO  | traceId= | o.s.o.j.p.SpringPersistenceUnitInfo.addTransformer | No LoadTimeWeaver setup: ignoring JPA class transformer
2025-11-26 14:10:30.383 | INFO  | traceId= | c.z.hikari.HikariDataSource.getConnection | HikariPool-1 - Starting...
2025-11-26 14:10:30.746 | INFO  | traceId= | c.z.hikari.pool.HikariPool.checkFailFast | HikariPool-1 - Added connection org.postgresql.jdbc.PgConnection@3e6acec2
2025-11-26 14:10:30.749 | INFO  | traceId= | c.z.hikari.HikariDataSource.getConnection | HikariPool-1 - Start completed.
2025-11-26 14:10:30.827 | WARN  | traceId= | o.h.e.j.d.i.DialectFactoryImpl.constructDialect | HHH90000025: PostgreSQLDialect does not need to be specified explicitly using 'hibernate.dialect' (remove the property setting and it will be selected by default)
2025-11-26 14:10:30.863 | INFO  | traceId= | o.h.e.j.e.i.JdbcEnvironmentInitiator.logConnectionInfo | HHH10001005: Database info:
	Database JDBC URL [Connecting through datasource 'HikariDataSource (HikariPool-1)']
	Database driver: undefined/unknown
	Database version: 17.5
	Autocommit mode: undefined/unknown
	Isolation level: undefined/unknown
	Minimum pool size: undefined/unknown
	Maximum pool size: undefined/unknown
2025-11-26 14:10:32.125 | INFO  | traceId= | o.h.e.t.j.p.i.JtaPlatformInitiator.initiateService | HHH000489: No JTA platform available (set 'hibernate.transaction.jta.platform' to enable JTA platform integration)
2025-11-26 14:10:32.243 | INFO  | traceId= | o.s.o.j.AbstractEntityManagerFactoryBean.buildNativeEntityManagerFactory | Initialized JPA EntityManagerFactory for persistence unit 'default'
2025-11-26 14:10:33.146 | WARN  | traceId= | o.s.b.a.o.j.JpaBaseConfiguration$JpaWebConfiguration.openEntityManagerInViewInterceptor | spring.jpa.open-in-view is enabled by default. Therefore, database queries may be performed during view rendering. Explicitly configure spring.jpa.open-in-view to disable this warning
2025-11-26 14:10:33.643 | INFO  | traceId= | o.a.juli.logging.DirectJDKLog.log | Starting ProtocolHandler ["http-nio-9090"]
2025-11-26 14:10:33.698 | INFO  | traceId= | o.s.b.w.e.t.TomcatWebServer.start | Tomcat started on port 9090 (http) with context path '/'
2025-11-26 14:10:33.711 | INFO  | traceId= | o.s.boot.StartupInfoLogger.logStarted | Started OidcPICApplication in 6.801 seconds (process running for 7.505)
2025-11-26 14:11:25.832 | INFO  | traceId= | o.a.juli.logging.DirectJDKLog.log | Initializing Spring DispatcherServlet 'dispatcherServlet'
2025-11-26 14:11:25.833 | INFO  | traceId= | o.s.w.servlet.FrameworkServlet.initServletBean | Initializing Servlet 'dispatcherServlet'
2025-11-26 14:11:25.837 | INFO  | traceId= | o.s.w.servlet.FrameworkServlet.initServletBean | Completed initialization in 3 ms
2025-11-26 14:11:25.903 | INFO  | traceId=05cb9464-60db-44ef-9373-88bd4dbb8daf | c.e.pic.ServiceImpl.OauthImpl.getAuthUrl | 開始接收授權 url
2025-11-26 14:11:35.458 | ERROR | traceId=05cb9464-60db-44ef-9373-88bd4dbb8daf | c.e.pic.ServiceImpl.OauthImpl.getAuthUrl | 無效的client Id=aaa
2025-11-26 14:11:37.468 | INFO  | traceId=05cb9464-60db-44ef-9373-88bd4dbb8daf | c.e.p.c.RequestLogInterceptor.afterCompletion | API: GET /api/oauth/authorize | Status=200 | 耗時=11594ms
2025-11-26 14:11:37.533 | INFO  | traceId=d3b819c7-55f5-42f3-af26-a836b648e77e | c.e.p.c.RequestLogInterceptor.afterCompletion | API: GET /favicon.ico | Status=200 | 耗時=10ms
2025-11-26 14:13:08.976 | INFO  | traceId= | o.s.boot.StartupInfoLogger.logStarting | Starting OidcPICApplication using Java 21.0.8 with PID 31000 (C:\Users\p10427815\git\OIDC_Demo\OIDC_PIC\target\classes started by p10427815 in C:\Users\p10427815\git\OIDC_Demo\OIDC_PIC)
2025-11-26 14:13:08.979 | INFO  | traceId= | o.s.boot.SpringApplication.logStartupProfileInfo | No active profile set, falling back to 1 default profile: "default"
2025-11-26 14:13:10.001 | INFO  | traceId= | o.s.d.r.c.RepositoryConfigurationDelegate.registerRepositoriesIn | Bootstrapping Spring Data JPA repositories in DEFAULT mode.
2025-11-26 14:13:10.130 | INFO  | traceId= | o.s.d.r.c.RepositoryConfigurationDelegate.registerRepositoriesIn | Finished Spring Data repository scanning in 111 ms. Found 5 JPA repository interfaces.
2025-11-26 14:13:10.871 | INFO  | traceId= | o.s.b.w.e.t.TomcatWebServer.initialize | Tomcat initialized with port 9090 (http)
2025-11-26 14:13:10.887 | INFO  | traceId= | o.a.juli.logging.DirectJDKLog.log | Initializing ProtocolHandler ["http-nio-9090"]
2025-11-26 14:13:10.891 | INFO  | traceId= | o.a.juli.logging.DirectJDKLog.log | Starting service [Tomcat]
2025-11-26 14:13:10.891 | INFO  | traceId= | o.a.juli.logging.DirectJDKLog.log | Starting Servlet engine: [Apache Tomcat/10.1.46]
2025-11-26 14:13:10.992 | INFO  | traceId= | o.a.juli.logging.DirectJDKLog.log | Initializing Spring embedded WebApplicationContext
2025-11-26 14:13:10.993 | INFO  | traceId= | o.s.b.w.s.c.ServletWebServerApplicationContext.prepareWebApplicationContext | Root WebApplicationContext: initialization completed in 1944 ms
2025-11-26 14:13:11.258 | INFO  | traceId= | o.h.j.internal.util.LogHelper.logPersistenceUnitInformation | HHH000204: Processing PersistenceUnitInfo [name: default]
2025-11-26 14:13:11.345 | INFO  | traceId= | org.hibernate.Version.logVersion | HHH000412: Hibernate ORM core version 6.6.29.Final
2025-11-26 14:13:11.382 | INFO  | traceId= | o.h.c.i.RegionFactoryInitiator.initiateService | HHH000026: Second-level cache disabled
2025-11-26 14:13:11.742 | INFO  | traceId= | o.s.o.j.p.SpringPersistenceUnitInfo.addTransformer | No LoadTimeWeaver setup: ignoring JPA class transformer
2025-11-26 14:13:11.796 | INFO  | traceId= | c.z.hikari.HikariDataSource.getConnection | HikariPool-1 - Starting...
2025-11-26 14:13:12.133 | INFO  | traceId= | c.z.hikari.pool.HikariPool.checkFailFast | HikariPool-1 - Added connection org.postgresql.jdbc.PgConnection@70697478
2025-11-26 14:13:12.136 | INFO  | traceId= | c.z.hikari.HikariDataSource.getConnection | HikariPool-1 - Start completed.
2025-11-26 14:13:12.189 | WARN  | traceId= | o.h.e.j.d.i.DialectFactoryImpl.constructDialect | HHH90000025: PostgreSQLDialect does not need to be specified explicitly using 'hibernate.dialect' (remove the property setting and it will be selected by default)
2025-11-26 14:13:12.220 | INFO  | traceId= | o.h.e.j.e.i.JdbcEnvironmentInitiator.logConnectionInfo | HHH10001005: Database info:
	Database JDBC URL [Connecting through datasource 'HikariDataSource (HikariPool-1)']
	Database driver: undefined/unknown
	Database version: 17.5
	Autocommit mode: undefined/unknown
	Isolation level: undefined/unknown
	Minimum pool size: undefined/unknown
	Maximum pool size: undefined/unknown
2025-11-26 14:13:13.375 | INFO  | traceId= | o.h.e.t.j.p.i.JtaPlatformInitiator.initiateService | HHH000489: No JTA platform available (set 'hibernate.transaction.jta.platform' to enable JTA platform integration)
2025-11-26 14:13:13.450 | INFO  | traceId= | o.s.o.j.AbstractEntityManagerFactoryBean.buildNativeEntityManagerFactory | Initialized JPA EntityManagerFactory for persistence unit 'default'
2025-11-26 14:13:14.328 | WARN  | traceId= | o.s.b.a.o.j.JpaBaseConfiguration$JpaWebConfiguration.openEntityManagerInViewInterceptor | spring.jpa.open-in-view is enabled by default. Therefore, database queries may be performed during view rendering. Explicitly configure spring.jpa.open-in-view to disable this warning
2025-11-26 14:13:14.761 | INFO  | traceId= | o.a.juli.logging.DirectJDKLog.log | Starting ProtocolHandler ["http-nio-9090"]
2025-11-26 14:13:14.771 | WARN  | traceId= | o.s.c.s.AbstractApplicationContext.refresh | Exception encountered during context initialization - cancelling refresh attempt: org.springframework.context.ApplicationContextException: Failed to start bean 'webServerStartStop'
2025-11-26 14:13:14.773 | INFO  | traceId= | o.s.o.j.AbstractEntityManagerFactoryBean.destroy | Closing JPA EntityManagerFactory for persistence unit 'default'
2025-11-26 14:13:14.778 | INFO  | traceId= | c.z.hikari.HikariDataSource.close | HikariPool-1 - Shutdown initiated...
2025-11-26 14:13:14.787 | INFO  | traceId= | c.z.hikari.HikariDataSource.close | HikariPool-1 - Shutdown completed.
2025-11-26 14:13:14.811 | INFO  | traceId= | o.s.b.a.l.ConditionEvaluationReportLogger.logMessage | 

Error starting ApplicationContext. To display the condition evaluation report re-run your application with 'debug' enabled.
2025-11-26 14:13:14.840 | ERROR | traceId= | o.s.b.d.LoggingFailureAnalysisReporter.report | 

***************************
APPLICATION FAILED TO START
***************************

Description:

Web server failed to start. Port 9090 was already in use.

Action:

Identify and stop the process that's listening on port 9090 or configure this application to listen on another port.

2025-11-26 14:13:31.967 | INFO  | traceId= | o.s.boot.StartupInfoLogger.logStarting | Starting OidcPICApplication using Java 21.0.8 with PID 27784 (C:\Users\p10427815\git\OIDC_Demo\OIDC_PIC\target\classes started by p10427815 in C:\Users\p10427815\git\OIDC_Demo\OIDC_PIC)
2025-11-26 14:13:31.971 | INFO  | traceId= | o.s.boot.SpringApplication.logStartupProfileInfo | No active profile set, falling back to 1 default profile: "default"
2025-11-26 14:13:33.032 | INFO  | traceId= | o.s.d.r.c.RepositoryConfigurationDelegate.registerRepositoriesIn | Bootstrapping Spring Data JPA repositories in DEFAULT mode.
2025-11-26 14:13:33.146 | INFO  | traceId= | o.s.d.r.c.RepositoryConfigurationDelegate.registerRepositoriesIn | Finished Spring Data repository scanning in 99 ms. Found 5 JPA repository interfaces.
2025-11-26 14:13:33.924 | INFO  | traceId= | o.s.b.w.e.t.TomcatWebServer.initialize | Tomcat initialized with port 9090 (http)
2025-11-26 14:13:33.943 | INFO  | traceId= | o.a.juli.logging.DirectJDKLog.log | Initializing ProtocolHandler ["http-nio-9090"]
2025-11-26 14:13:33.948 | INFO  | traceId= | o.a.juli.logging.DirectJDKLog.log | Starting service [Tomcat]
2025-11-26 14:13:33.948 | INFO  | traceId= | o.a.juli.logging.DirectJDKLog.log | Starting Servlet engine: [Apache Tomcat/10.1.46]
2025-11-26 14:13:34.044 | INFO  | traceId= | o.a.juli.logging.DirectJDKLog.log | Initializing Spring embedded WebApplicationContext
2025-11-26 14:13:34.045 | INFO  | traceId= | o.s.b.w.s.c.ServletWebServerApplicationContext.prepareWebApplicationContext | Root WebApplicationContext: initialization completed in 2001 ms
2025-11-26 14:13:34.280 | INFO  | traceId= | o.h.j.internal.util.LogHelper.logPersistenceUnitInformation | HHH000204: Processing PersistenceUnitInfo [name: default]
2025-11-26 14:13:34.370 | INFO  | traceId= | org.hibernate.Version.logVersion | HHH000412: Hibernate ORM core version 6.6.29.Final
2025-11-26 14:13:34.422 | INFO  | traceId= | o.h.c.i.RegionFactoryInitiator.initiateService | HHH000026: Second-level cache disabled
2025-11-26 14:13:34.795 | INFO  | traceId= | o.s.o.j.p.SpringPersistenceUnitInfo.addTransformer | No LoadTimeWeaver setup: ignoring JPA class transformer
2025-11-26 14:13:34.837 | INFO  | traceId= | c.z.hikari.HikariDataSource.getConnection | HikariPool-1 - Starting...
2025-11-26 14:13:35.318 | INFO  | traceId= | c.z.hikari.pool.HikariPool.checkFailFast | HikariPool-1 - Added connection org.postgresql.jdbc.PgConnection@21540255
2025-11-26 14:13:35.322 | INFO  | traceId= | c.z.hikari.HikariDataSource.getConnection | HikariPool-1 - Start completed.
2025-11-26 14:13:35.382 | WARN  | traceId= | o.h.e.j.d.i.DialectFactoryImpl.constructDialect | HHH90000025: PostgreSQLDialect does not need to be specified explicitly using 'hibernate.dialect' (remove the property setting and it will be selected by default)
2025-11-26 14:13:35.418 | INFO  | traceId= | o.h.e.j.e.i.JdbcEnvironmentInitiator.logConnectionInfo | HHH10001005: Database info:
	Database JDBC URL [Connecting through datasource 'HikariDataSource (HikariPool-1)']
	Database driver: undefined/unknown
	Database version: 17.5
	Autocommit mode: undefined/unknown
	Isolation level: undefined/unknown
	Minimum pool size: undefined/unknown
	Maximum pool size: undefined/unknown
2025-11-26 14:13:36.566 | INFO  | traceId= | o.h.e.t.j.p.i.JtaPlatformInitiator.initiateService | HHH000489: No JTA platform available (set 'hibernate.transaction.jta.platform' to enable JTA platform integration)
2025-11-26 14:13:36.636 | INFO  | traceId= | o.s.o.j.AbstractEntityManagerFactoryBean.buildNativeEntityManagerFactory | Initialized JPA EntityManagerFactory for persistence unit 'default'
2025-11-26 14:13:37.553 | WARN  | traceId= | o.s.b.a.o.j.JpaBaseConfiguration$JpaWebConfiguration.openEntityManagerInViewInterceptor | spring.jpa.open-in-view is enabled by default. Therefore, database queries may be performed during view rendering. Explicitly configure spring.jpa.open-in-view to disable this warning
2025-11-26 14:13:37.977 | INFO  | traceId= | o.a.juli.logging.DirectJDKLog.log | Starting ProtocolHandler ["http-nio-9090"]
2025-11-26 14:13:38.019 | INFO  | traceId= | o.s.b.w.e.t.TomcatWebServer.start | Tomcat started on port 9090 (http) with context path '/'
2025-11-26 14:13:38.032 | INFO  | traceId= | o.s.boot.StartupInfoLogger.logStarted | Started OidcPICApplication in 6.81 seconds (process running for 7.534)
2025-11-26 14:13:43.043 | INFO  | traceId= | o.a.juli.logging.DirectJDKLog.log | Initializing Spring DispatcherServlet 'dispatcherServlet'
2025-11-26 14:13:43.044 | INFO  | traceId= | o.s.w.servlet.FrameworkServlet.initServletBean | Initializing Servlet 'dispatcherServlet'
2025-11-26 14:13:43.046 | INFO  | traceId= | o.s.w.servlet.FrameworkServlet.initServletBean | Completed initialization in 2 ms
2025-11-26 14:13:43.107 | INFO  | traceId=579b7774-51e8-472b-a190-068c96d7da12 | c.e.pic.ServiceImpl.OauthImpl.getAuthUrl | 開始接收授權 url
2025-11-26 14:13:46.979 | ERROR | traceId=579b7774-51e8-472b-a190-068c96d7da12 | c.e.pic.ServiceImpl.OauthImpl.getAuthUrl | 無效的client Id=aaa
2025-11-26 14:13:47.038 | WARN  | traceId=579b7774-51e8-472b-a190-068c96d7da12 | o.s.w.s.m.m.a.ExceptionHandlerExceptionResolver.doResolveHandlerMethodException | Failure in @ExceptionHandler com.example.pic.config.GlobalExceptionHandler#handleException(Exception)
java.lang.IllegalStateException: getWriter() has already been called for this response
	at org.apache.catalina.connector.Response.getOutputStream(Response.java:504)
	at org.apache.catalina.connector.ResponseFacade.getOutputStream(ResponseFacade.java:179)
	at org.springframework.http.server.ServletServerHttpResponse.getBody(ServletServerHttpResponse.java:98)
	at org.springframework.http.converter.json.AbstractJackson2HttpMessageConverter.writeInternal(AbstractJackson2HttpMessageConverter.java:453)
	at org.springframework.http.converter.AbstractGenericHttpMessageConverter.write(AbstractGenericHttpMessageConverter.java:126)
	at org.springframework.web.servlet.mvc.method.annotation.AbstractMessageConverterMethodProcessor.writeWithMessageConverters(AbstractMessageConverterMethodProcessor.java:345)
	at org.springframework.web.servlet.mvc.method.annotation.RequestResponseBodyMethodProcessor.handleReturnValue(RequestResponseBodyMethodProcessor.java:208)
	at org.springframework.web.method.support.HandlerMethodReturnValueHandlerComposite.handleReturnValue(HandlerMethodReturnValueHandlerComposite.java:78)
	at org.springframework.web.servlet.mvc.method.annotation.ServletInvocableHandlerMethod.invokeAndHandle(ServletInvocableHandlerMethod.java:136)
	at org.springframework.web.servlet.mvc.method.annotation.ExceptionHandlerExceptionResolver.doResolveHandlerMethodException(ExceptionHandlerExceptionResolver.java:471)
	at org.springframework.web.servlet.handler.AbstractHandlerMethodExceptionResolver.doResolveException(AbstractHandlerMethodExceptionResolver.java:73)
	at org.springframework.web.servlet.handler.AbstractHandlerExceptionResolver.resolveException(AbstractHandlerExceptionResolver.java:182)
	at org.springframework.web.servlet.handler.HandlerExceptionResolverComposite.resolveException(HandlerExceptionResolverComposite.java:80)
	at org.springframework.web.servlet.DispatcherServlet.processHandlerException(DispatcherServlet.java:1360)
	at org.springframework.web.servlet.DispatcherServlet.processDispatchResult(DispatcherServlet.java:1161)
	at org.springframework.web.servlet.DispatcherServlet.doDispatch(DispatcherServlet.java:1106)
	at org.springframework.web.servlet.DispatcherServlet.doService(DispatcherServlet.java:979)
	at org.springframework.web.servlet.FrameworkServlet.processRequest(FrameworkServlet.java:1014)
	at org.springframework.web.servlet.FrameworkServlet.doGet(FrameworkServlet.java:903)
	at jakarta.servlet.http.HttpServlet.service(HttpServlet.java:564)
	at org.springframework.web.servlet.FrameworkServlet.service(FrameworkServlet.java:885)
	at jakarta.servlet.http.HttpServlet.service(HttpServlet.java:658)
	at org.apache.catalina.core.ApplicationFilterChain.internalDoFilter(ApplicationFilterChain.java:195)
	at org.apache.catalina.core.ApplicationFilterChain.doFilter(ApplicationFilterChain.java:140)
	at org.apache.tomcat.websocket.server.WsFilter.doFilter(WsFilter.java:51)
	at org.apache.catalina.core.ApplicationFilterChain.internalDoFilter(ApplicationFilterChain.java:164)
	at org.apache.catalina.core.ApplicationFilterChain.doFilter(ApplicationFilterChain.java:140)
	at com.example.pic.config.TraceIdFilter.doFilter(TraceIdFilter.java:29)
	at org.apache.catalina.core.ApplicationFilterChain.internalDoFilter(ApplicationFilterChain.java:164)
	at org.apache.catalina.core.ApplicationFilterChain.doFilter(ApplicationFilterChain.java:140)
	at org.springframework.web.filter.RequestContextFilter.doFilterInternal(RequestContextFilter.java:100)
	at org.springframework.web.filter.OncePerRequestFilter.doFilter(OncePerRequestFilter.java:116)
	at org.apache.catalina.core.ApplicationFilterChain.internalDoFilter(ApplicationFilterChain.java:164)
	at org.apache.catalina.core.ApplicationFilterChain.doFilter(ApplicationFilterChain.java:140)
	at org.springframework.web.filter.FormContentFilter.doFilterInternal(FormContentFilter.java:93)
	at org.springframework.web.filter.OncePerRequestFilter.doFilter(OncePerRequestFilter.java:116)
	at org.apache.catalina.core.ApplicationFilterChain.internalDoFilter(ApplicationFilterChain.java:164)
	at org.apache.catalina.core.ApplicationFilterChain.doFilter(ApplicationFilterChain.java:140)
	at org.springframework.web.filter.CharacterEncodingFilter.doFilterInternal(CharacterEncodingFilter.java:201)
	at org.springframework.web.filter.OncePerRequestFilter.doFilter(OncePerRequestFilter.java:116)
	at org.apache.catalina.core.ApplicationFilterChain.internalDoFilter(ApplicationFilterChain.java:164)
	at org.apache.catalina.core.ApplicationFilterChain.doFilter(ApplicationFilterChain.java:140)
	at org.apache.catalina.core.StandardWrapperValve.invoke(StandardWrapperValve.java:167)
	at org.apache.catalina.core.StandardContextValve.invoke(StandardContextValve.java:90)
	at org.apache.catalina.authenticator.AuthenticatorBase.invoke(AuthenticatorBase.java:483)
	at org.apache.catalina.core.StandardHostValve.invoke(StandardHostValve.java:116)
	at org.apache.catalina.valves.ErrorReportValve.invoke(ErrorReportValve.java:93)
	at org.apache.catalina.core.StandardEngineValve.invoke(StandardEngineValve.java:74)
	at org.apache.catalina.connector.CoyoteAdapter.service(CoyoteAdapter.java:344)
	at org.apache.coyote.http11.Http11Processor.service(Http11Processor.java:398)
	at org.apache.coyote.AbstractProcessorLight.process(AbstractProcessorLight.java:63)
	at org.apache.coyote.AbstractProtocol$ConnectionHandler.process(AbstractProtocol.java:903)
	at org.apache.tomcat.util.net.NioEndpoint$SocketProcessor.doRun(NioEndpoint.java:1776)
	at org.apache.tomcat.util.net.SocketProcessorBase.run(SocketProcessorBase.java:52)
	at org.apache.tomcat.util.threads.ThreadPoolExecutor.runWorker(ThreadPoolExecutor.java:975)
	at org.apache.tomcat.util.threads.ThreadPoolExecutor$Worker.run(ThreadPoolExecutor.java:493)
	at org.apache.tomcat.util.threads.TaskThread$WrappingRunnable.run(TaskThread.java:63)
	at java.base/java.lang.Thread.run(Thread.java:1583)
2025-11-26 14:13:47.044 | INFO  | traceId=579b7774-51e8-472b-a190-068c96d7da12 | c.e.p.c.RequestLogInterceptor.afterCompletion | API: GET /api/oauth/authorize | Status=400 | 耗時=3967ms
2025-11-26 14:13:47.045 | ERROR | traceId= | o.a.juli.logging.DirectJDKLog.log | Servlet.service() for servlet [dispatcherServlet] in context with path [] threw exception [Request processing failed: java.util.NoSuchElementException: No value present] with root cause
java.util.NoSuchElementException: No value present
	at java.base/java.util.Optional.get(Optional.java:143)
	at com.example.pic.ServiceImpl.OauthImpl.getAuthUrl(OauthImpl.java:124)
	at java.base/jdk.internal.reflect.DirectMethodHandleAccessor.invoke(DirectMethodHandleAccessor.java:103)
	at java.base/java.lang.reflect.Method.invoke(Method.java:580)
	at org.springframework.aop.support.AopUtils.invokeJoinpointUsingReflection(AopUtils.java:360)
	at org.springframework.aop.framework.CglibAopProxy$DynamicAdvisedInterceptor.intercept(CglibAopProxy.java:724)
	at com.example.pic.ServiceImpl.OauthImpl$$SpringCGLIB$$0.getAuthUrl(<generated>)
	at com.example.pic.Controller.OidcController.getAuthCode(OidcController.java:63)
	at java.base/jdk.internal.reflect.DirectMethodHandleAccessor.invoke(DirectMethodHandleAccessor.java:103)
	at java.base/java.lang.reflect.Method.invoke(Method.java:580)
	at org.springframework.web.method.support.InvocableHandlerMethod.doInvoke(InvocableHandlerMethod.java:258)
	at org.springframework.web.method.support.InvocableHandlerMethod.invokeForRequest(InvocableHandlerMethod.java:191)
	at org.springframework.web.servlet.mvc.method.annotation.ServletInvocableHandlerMethod.invokeAndHandle(ServletInvocableHandlerMethod.java:118)
	at org.springframework.web.servlet.mvc.method.annotation.RequestMappingHandlerAdapter.invokeHandlerMethod(RequestMappingHandlerAdapter.java:991)
	at org.springframework.web.servlet.mvc.method.annotation.RequestMappingHandlerAdapter.handleInternal(RequestMappingHandlerAdapter.java:896)
	at org.springframework.web.servlet.mvc.method.AbstractHandlerMethodAdapter.handle(AbstractHandlerMethodAdapter.java:87)
	at org.springframework.web.servlet.DispatcherServlet.doDispatch(DispatcherServlet.java:1089)
	at org.springframework.web.servlet.DispatcherServlet.doService(DispatcherServlet.java:979)
	at org.springframework.web.servlet.FrameworkServlet.processRequest(FrameworkServlet.java:1014)
	at org.springframework.web.servlet.FrameworkServlet.doGet(FrameworkServlet.java:903)
	at jakarta.servlet.http.HttpServlet.service(HttpServlet.java:564)
	at org.springframework.web.servlet.FrameworkServlet.service(FrameworkServlet.java:885)
	at jakarta.servlet.http.HttpServlet.service(HttpServlet.java:658)
	at org.apache.catalina.core.ApplicationFilterChain.internalDoFilter(ApplicationFilterChain.java:195)
	at org.apache.catalina.core.ApplicationFilterChain.doFilter(ApplicationFilterChain.java:140)
	at org.apache.tomcat.websocket.server.WsFilter.doFilter(WsFilter.java:51)
	at org.apache.catalina.core.ApplicationFilterChain.internalDoFilter(ApplicationFilterChain.java:164)
	at org.apache.catalina.core.ApplicationFilterChain.doFilter(ApplicationFilterChain.java:140)
	at com.example.pic.config.TraceIdFilter.doFilter(TraceIdFilter.java:29)
	at org.apache.catalina.core.ApplicationFilterChain.internalDoFilter(ApplicationFilterChain.java:164)
	at org.apache.catalina.core.ApplicationFilterChain.doFilter(ApplicationFilterChain.java:140)
	at org.springframework.web.filter.RequestContextFilter.doFilterInternal(RequestContextFilter.java:100)
	at org.springframework.web.filter.OncePerRequestFilter.doFilter(OncePerRequestFilter.java:116)
	at org.apache.catalina.core.ApplicationFilterChain.internalDoFilter(ApplicationFilterChain.java:164)
	at org.apache.catalina.core.ApplicationFilterChain.doFilter(ApplicationFilterChain.java:140)
	at org.springframework.web.filter.FormContentFilter.doFilterInternal(FormContentFilter.java:93)
	at org.springframework.web.filter.OncePerRequestFilter.doFilter(OncePerRequestFilter.java:116)
	at org.apache.catalina.core.ApplicationFilterChain.internalDoFilter(ApplicationFilterChain.java:164)
	at org.apache.catalina.core.ApplicationFilterChain.doFilter(ApplicationFilterChain.java:140)
	at org.springframework.web.filter.CharacterEncodingFilter.doFilterInternal(CharacterEncodingFilter.java:201)
	at org.springframework.web.filter.OncePerRequestFilter.doFilter(OncePerRequestFilter.java:116)
	at org.apache.catalina.core.ApplicationFilterChain.internalDoFilter(ApplicationFilterChain.java:164)
	at org.apache.catalina.core.ApplicationFilterChain.doFilter(ApplicationFilterChain.java:140)
	at org.apache.catalina.core.StandardWrapperValve.invoke(StandardWrapperValve.java:167)
	at org.apache.catalina.core.StandardContextValve.invoke(StandardContextValve.java:90)
	at org.apache.catalina.authenticator.AuthenticatorBase.invoke(AuthenticatorBase.java:483)
	at org.apache.catalina.core.StandardHostValve.invoke(StandardHostValve.java:116)
	at org.apache.catalina.valves.ErrorReportValve.invoke(ErrorReportValve.java:93)
	at org.apache.catalina.core.StandardEngineValve.invoke(StandardEngineValve.java:74)
	at org.apache.catalina.connector.CoyoteAdapter.service(CoyoteAdapter.java:344)
	at org.apache.coyote.http11.Http11Processor.service(Http11Processor.java:398)
	at org.apache.coyote.AbstractProcessorLight.process(AbstractProcessorLight.java:63)
	at org.apache.coyote.AbstractProtocol$ConnectionHandler.process(AbstractProtocol.java:903)
	at org.apache.tomcat.util.net.NioEndpoint$SocketProcessor.doRun(NioEndpoint.java:1776)
	at org.apache.tomcat.util.net.SocketProcessorBase.run(SocketProcessorBase.java:52)
	at org.apache.tomcat.util.threads.ThreadPoolExecutor.runWorker(ThreadPoolExecutor.java:975)
	at org.apache.tomcat.util.threads.ThreadPoolExecutor$Worker.run(ThreadPoolExecutor.java:493)
	at org.apache.tomcat.util.threads.TaskThread$WrappingRunnable.run(TaskThread.java:63)
	at java.base/java.lang.Thread.run(Thread.java:1583)
2025-11-26 14:13:47.076 | INFO  | traceId= | c.e.p.c.RequestLogInterceptor.afterCompletion | API: GET /error | Status=500 | 耗時=23ms
2025-11-26 14:13:47.160 | INFO  | traceId=27b5c917-ac08-43b8-97e8-e64da4bd7d8c | c.e.p.c.RequestLogInterceptor.afterCompletion | API: GET /favicon.ico | Status=200 | 耗時=28ms
2025-11-26 15:08:16.433 | INFO  | traceId= | o.s.boot.StartupInfoLogger.logStarting | Starting OidcPICApplication using Java 21.0.8 with PID 13096 (C:\Users\p10427815\git\OIDC_Demo\OIDC_PIC\target\classes started by p10427815 in C:\Users\p10427815\git\OIDC_Demo\OIDC_PIC)
2025-11-26 15:08:16.438 | INFO  | traceId= | o.s.boot.SpringApplication.logStartupProfileInfo | No active profile set, falling back to 1 default profile: "default"
2025-11-26 15:08:17.444 | INFO  | traceId= | o.s.d.r.c.RepositoryConfigurationDelegate.registerRepositoriesIn | Bootstrapping Spring Data JPA repositories in DEFAULT mode.
2025-11-26 15:08:17.561 | INFO  | traceId= | o.s.d.r.c.RepositoryConfigurationDelegate.registerRepositoriesIn | Finished Spring Data repository scanning in 104 ms. Found 5 JPA repository interfaces.
2025-11-26 15:08:18.410 | INFO  | traceId= | o.s.b.w.e.t.TomcatWebServer.initialize | Tomcat initialized with port 9090 (http)
2025-11-26 15:08:18.437 | INFO  | traceId= | o.a.juli.logging.DirectJDKLog.log | Initializing ProtocolHandler ["http-nio-9090"]
2025-11-26 15:08:18.441 | INFO  | traceId= | o.a.juli.logging.DirectJDKLog.log | Starting service [Tomcat]
2025-11-26 15:08:18.442 | INFO  | traceId= | o.a.juli.logging.DirectJDKLog.log | Starting Servlet engine: [Apache Tomcat/10.1.46]
2025-11-26 15:08:18.590 | INFO  | traceId= | o.a.juli.logging.DirectJDKLog.log | Initializing Spring embedded WebApplicationContext
2025-11-26 15:08:18.592 | INFO  | traceId= | o.s.b.w.s.c.ServletWebServerApplicationContext.prepareWebApplicationContext | Root WebApplicationContext: initialization completed in 2082 ms
2025-11-26 15:08:18.930 | INFO  | traceId= | o.h.j.internal.util.LogHelper.logPersistenceUnitInformation | HHH000204: Processing PersistenceUnitInfo [name: default]
2025-11-26 15:08:19.087 | INFO  | traceId= | org.hibernate.Version.logVersion | HHH000412: Hibernate ORM core version 6.6.29.Final
2025-11-26 15:08:19.153 | INFO  | traceId= | o.h.c.i.RegionFactoryInitiator.initiateService | HHH000026: Second-level cache disabled
2025-11-26 15:08:19.669 | INFO  | traceId= | o.s.o.j.p.SpringPersistenceUnitInfo.addTransformer | No LoadTimeWeaver setup: ignoring JPA class transformer
2025-11-26 15:08:19.729 | INFO  | traceId= | c.z.hikari.HikariDataSource.getConnection | HikariPool-1 - Starting...
2025-11-26 15:08:20.195 | INFO  | traceId= | c.z.hikari.pool.HikariPool.checkFailFast | HikariPool-1 - Added connection org.postgresql.jdbc.PgConnection@2152fde5
2025-11-26 15:08:20.198 | INFO  | traceId= | c.z.hikari.HikariDataSource.getConnection | HikariPool-1 - Start completed.
2025-11-26 15:08:20.270 | WARN  | traceId= | o.h.e.j.d.i.DialectFactoryImpl.constructDialect | HHH90000025: PostgreSQLDialect does not need to be specified explicitly using 'hibernate.dialect' (remove the property setting and it will be selected by default)
2025-11-26 15:08:20.306 | INFO  | traceId= | o.h.e.j.e.i.JdbcEnvironmentInitiator.logConnectionInfo | HHH10001005: Database info:
	Database JDBC URL [Connecting through datasource 'HikariDataSource (HikariPool-1)']
	Database driver: undefined/unknown
	Database version: 17.5
	Autocommit mode: undefined/unknown
	Isolation level: undefined/unknown
	Minimum pool size: undefined/unknown
	Maximum pool size: undefined/unknown
2025-11-26 15:08:22.199 | INFO  | traceId= | o.h.e.t.j.p.i.JtaPlatformInitiator.initiateService | HHH000489: No JTA platform available (set 'hibernate.transaction.jta.platform' to enable JTA platform integration)
2025-11-26 15:08:22.301 | INFO  | traceId= | o.s.o.j.AbstractEntityManagerFactoryBean.buildNativeEntityManagerFactory | Initialized JPA EntityManagerFactory for persistence unit 'default'
2025-11-26 15:08:23.900 | WARN  | traceId= | o.s.b.a.o.j.JpaBaseConfiguration$JpaWebConfiguration.openEntityManagerInViewInterceptor | spring.jpa.open-in-view is enabled by default. Therefore, database queries may be performed during view rendering. Explicitly configure spring.jpa.open-in-view to disable this warning
2025-11-26 15:08:24.499 | INFO  | traceId= | o.a.juli.logging.DirectJDKLog.log | Starting ProtocolHandler ["http-nio-9090"]
2025-11-26 15:08:24.547 | INFO  | traceId= | o.s.b.w.e.t.TomcatWebServer.start | Tomcat started on port 9090 (http) with context path '/'
2025-11-26 15:08:24.563 | INFO  | traceId= | o.s.boot.StartupInfoLogger.logStarted | Started OidcPICApplication in 8.873 seconds (process running for 9.738)
2025-11-26 15:08:36.858 | INFO  | traceId= | o.a.juli.logging.DirectJDKLog.log | Initializing Spring DispatcherServlet 'dispatcherServlet'
2025-11-26 15:08:36.859 | INFO  | traceId= | o.s.w.servlet.FrameworkServlet.initServletBean | Initializing Servlet 'dispatcherServlet'
2025-11-26 15:08:36.861 | INFO  | traceId= | o.s.w.servlet.FrameworkServlet.initServletBean | Completed initialization in 2 ms
2025-11-26 15:08:36.927 | INFO  | traceId=f550eba4-98dd-4425-b370-1afe9032bf24 | c.e.pic.ServiceImpl.OauthImpl.getAuthUrl | 開始接收授權 url
2025-11-26 15:08:37.157 | INFO  | traceId=f550eba4-98dd-4425-b370-1afe9032bf24 | c.e.pic.ServiceImpl.OauthImpl.tryAutoLogin | 開始驗證是否免登入
2025-11-26 15:08:37.254 | INFO  | traceId=f550eba4-98dd-4425-b370-1afe9032bf24 | c.e.pic.ServiceImpl.OauthImpl.tryAutoLogin | 建立授權code:a214aac6-b619-4932-adfe-54b1d2cfd4ba
2025-11-26 15:08:37.255 | INFO  | traceId=f550eba4-98dd-4425-b370-1afe9032bf24 | c.e.pic.ServiceImpl.OauthImpl.getAuthUrl | 使用者免登入,已由 noLogin 處理流程
2025-11-26 15:08:37.257 | INFO  | traceId=f550eba4-98dd-4425-b370-1afe9032bf24 | c.e.p.c.RequestLogInterceptor.afterCompletion | API: GET /api/oauth/authorize | Status=302 | 耗時=364ms
2025-11-26 15:08:37.735 | INFO  | traceId=01da2033-a512-4e42-9c4a-a174273f6d34 | c.e.p.c.RequestLogInterceptor.afterCompletion | API: POST /api/oauth/token | Status=200 | 耗時=258ms
2025-11-26 15:08:37.769 | INFO  | traceId=7d27b64a-9a0c-4cfb-bda5-2d82d261a053 | c.e.p.c.RequestLogInterceptor.afterCompletion | API: GET /.well-known/jwks.json | Status=200 | 耗時=8ms
2025-11-26 15:08:37.900 | INFO  | traceId=440321c5-57ba-447c-8fd6-51dd2dfb8664 | c.e.p.c.RequestLogInterceptor.afterCompletion | API: GET /api/oauth/userInfo | Status=200 | 耗時=18ms
2025-11-26 15:08:45.419 | INFO  | traceId=2ad986c6-8481-4167-8f8a-9c3f358ecf30 | c.e.p.c.RequestLogInterceptor.afterCompletion | API: OPTIONS /api/oauth/revokedSessionId | Status=200 | 耗時=1ms
2025-11-26 15:08:45.490 | INFO  | traceId=d89c2fa7-62d5-47be-826f-a9894e6eb73e | c.e.p.c.RequestLogInterceptor.afterCompletion | API: POST /api/oauth/revokedSessionId | Status=200 | 耗時=63ms
2025-11-26 15:08:47.620 | INFO  | traceId=3f102eb4-af6d-4d3d-8436-aa1fc87d4532 | c.e.pic.ServiceImpl.OauthImpl.getAuthUrl | 開始接收授權 url
2025-11-26 15:08:47.624 | INFO  | traceId=3f102eb4-af6d-4d3d-8436-aa1fc87d4532 | c.e.pic.ServiceImpl.OauthImpl.tryAutoLogin | 開始驗證是否免登入
2025-11-26 15:08:47.625 | WARN  | traceId=3f102eb4-af6d-4d3d-8436-aa1fc87d4532 | c.e.pic.ServiceImpl.OauthImpl.tryAutoLogin | 找不到sessionID
2025-11-26 15:08:47.635 | INFO  | traceId=3f102eb4-af6d-4d3d-8436-aa1fc87d4532 | c.e.pic.ServiceImpl.OauthImpl.getAuthUrl | redirect OIDC Server會員登入頁面
2025-11-26 15:08:47.636 | INFO  | traceId=3f102eb4-af6d-4d3d-8436-aa1fc87d4532 | c.e.p.c.RequestLogInterceptor.afterCompletion | API: GET /api/oauth/authorize | Status=302 | 耗時=17ms
2025-11-26 15:08:49.055 | INFO  | traceId=4aef83c6-8826-4830-8513-315bfbabc4fe | c.e.p.c.RequestLogInterceptor.afterCompletion | API: GET /api/captcha/generate | Status=200 | 耗時=963ms
2025-11-26 15:08:56.796 | INFO  | traceId=326ec97a-0d4b-4d54-9192-0cb1eb629fa2 | c.e.p.c.RequestLogInterceptor.afterCompletion | API: OPTIONS /api/captcha/verify | Status=200 | 耗時=0ms
2025-11-26 15:08:56.802 | INFO  | traceId=ca54e8df-2208-4b48-8609-3d9eacda3940 | c.e.p.c.RequestLogInterceptor.afterCompletion | API: POST /api/captcha/verify | Status=200 | 耗時=2ms
2025-11-26 15:08:56.810 | INFO  | traceId=368d74b0-b701-40a6-aa31-c17a2647382b | c.e.p.c.RequestLogInterceptor.afterCompletion | API: OPTIONS /api/login | Status=200 | 耗時=0ms
2025-11-26 15:08:56.835 | WARN  | traceId=9fa9b8c5-7e9d-4ffc-96b4-08f5cf41238d | o.s.s.c.b.BCryptPasswordEncoder.matches | Encoded password does not look like BCrypt
2025-11-26 15:08:56.836 | WARN  | traceId=9fa9b8c5-7e9d-4ffc-96b4-08f5cf41238d | c.e.p.S.RegisterMemberImpl.queryMember | 登入失敗，密碼錯誤,userId=16
2025-11-26 15:08:56.839 | INFO  | traceId=9fa9b8c5-7e9d-4ffc-96b4-08f5cf41238d | c.e.p.c.RequestLogInterceptor.afterCompletion | API: POST /api/login | Status=200 | 耗時=26ms
2025-11-26 15:09:00.727 | INFO  | traceId=7dfa154e-a47b-4000-873b-1229ac9c6c38 | c.e.p.c.RequestLogInterceptor.afterCompletion | API: POST /api/captcha/verify | Status=200 | 耗時=3ms
2025-11-26 15:09:00.741 | WARN  | traceId=3cf30c0f-cf03-4708-ac4d-2771e5324dea | o.s.s.c.b.BCryptPasswordEncoder.matches | Encoded password does not look like BCrypt
2025-11-26 15:09:00.741 | WARN  | traceId=3cf30c0f-cf03-4708-ac4d-2771e5324dea | c.e.p.S.RegisterMemberImpl.queryMember | 登入失敗，密碼錯誤,userId=16
2025-11-26 15:09:00.743 | INFO  | traceId=3cf30c0f-cf03-4708-ac4d-2771e5324dea | c.e.p.c.RequestLogInterceptor.afterCompletion | API: POST /api/login | Status=200 | 耗時=5ms
2025-11-26 15:09:09.083 | INFO  | traceId=5efa6e6e-8a1d-456b-9a58-c4dc2b72e5f5 | c.e.p.c.RequestLogInterceptor.afterCompletion | API: POST /api/captcha/verify | Status=200 | 耗時=3ms
2025-11-26 15:09:09.090 | WARN  | traceId=834d6fe5-3064-40a1-8304-0d204de21f82 | o.s.s.c.b.BCryptPasswordEncoder.matches | Encoded password does not look like BCrypt
2025-11-26 15:09:09.091 | WARN  | traceId=834d6fe5-3064-40a1-8304-0d204de21f82 | c.e.p.S.RegisterMemberImpl.queryMember | 登入失敗，密碼錯誤,userId=16
2025-11-26 15:09:09.092 | INFO  | traceId=834d6fe5-3064-40a1-8304-0d204de21f82 | c.e.p.c.RequestLogInterceptor.afterCompletion | API: POST /api/login | Status=200 | 耗時=3ms
2025-11-26 15:09:43.810 | INFO  | traceId=90a0b02b-3f6d-49aa-901d-93540ea9de42 | c.e.p.c.RequestLogInterceptor.afterCompletion | API: POST /api/captcha/verify | Status=200 | 耗時=4ms
2025-11-26 15:09:43.822 | WARN  | traceId=b8d47368-4f55-4b69-bd69-281a0980b809 | o.s.s.c.b.BCryptPasswordEncoder.matches | Encoded password does not look like BCrypt
2025-11-26 15:09:43.823 | WARN  | traceId=b8d47368-4f55-4b69-bd69-281a0980b809 | c.e.p.S.RegisterMemberImpl.queryMember | 登入失敗，密碼錯誤,userId=16
2025-11-26 15:09:43.824 | INFO  | traceId=b8d47368-4f55-4b69-bd69-281a0980b809 | c.e.p.c.RequestLogInterceptor.afterCompletion | API: POST /api/login | Status=200 | 耗時=4ms
2025-11-26 15:10:28.143 | INFO  | traceId=096027aa-0e56-4b44-8d94-9f11e5d164ef | c.e.p.c.RequestLogInterceptor.afterCompletion | API: POST /api/captcha/verify | Status=200 | 耗時=2ms
2025-11-26 15:10:28.250 | WARN  | traceId=f6cf5aca-2ebf-4487-a44b-b45d76724360 | c.e.p.S.RegisterMemberImpl.queryMember | 登入失敗，密碼錯誤,userId=33
2025-11-26 15:10:28.252 | INFO  | traceId=f6cf5aca-2ebf-4487-a44b-b45d76724360 | c.e.p.c.RequestLogInterceptor.afterCompletion | API: POST /api/login | Status=200 | 耗時=99ms
2025-11-26 15:10:32.348 | INFO  | traceId=3c5f2699-617e-4b36-b0eb-244f3933a977 | c.e.p.c.RequestLogInterceptor.afterCompletion | API: POST /api/captcha/verify | Status=200 | 耗時=2ms
2025-11-26 15:10:32.429 | WARN  | traceId=8ffa9fd6-0750-4186-8f39-e63cf6eade6f | c.e.p.S.RegisterMemberImpl.queryMember | 登入失敗，密碼錯誤,userId=33
2025-11-26 15:10:32.430 | INFO  | traceId=8ffa9fd6-0750-4186-8f39-e63cf6eade6f | c.e.p.c.RequestLogInterceptor.afterCompletion | API: POST /api/login | Status=200 | 耗時=77ms
2025-11-26 15:10:37.084 | INFO  | traceId=d11885c9-a5f1-4ac8-9937-297cb3955101 | c.e.p.c.RequestLogInterceptor.afterCompletion | API: POST /api/captcha/verify | Status=200 | 耗時=2ms
2025-11-26 15:10:37.177 | INFO  | traceId=dcd1cc93-5186-4c75-b7a9-dc0cf20b4d33 | c.e.p.S.RegisterMemberImpl.queryMember | 會員登入成功,userId=33
2025-11-26 15:10:37.181 | INFO  | traceId=dcd1cc93-5186-4c75-b7a9-dc0cf20b4d33 | c.e.p.c.RequestLogInterceptor.afterCompletion | API: POST /api/login | Status=200 | 耗時=87ms
2025-11-26 15:10:38.946 | INFO  | traceId=f33451a4-1120-4e16-922f-04e07b3a4921 | c.e.pic.ServiceImpl.OauthImpl.approveAuthorization | 收到使用者授權同意, state=hESlPzTh, userId=33
2025-11-26 15:10:38.953 | ERROR | traceId=f33451a4-1120-4e16-922f-04e07b3a4921 | c.e.pic.ServiceImpl.OauthImpl.approveAuthorization | 找不到暫存的授權請求資料,state:hESlPzTh
2025-11-26 15:10:38.956 | INFO  | traceId=f33451a4-1120-4e16-922f-04e07b3a4921 | c.e.p.c.RequestLogInterceptor.afterCompletion | API: GET /api/oauth/approve | Status=400 | 耗時=11ms
2025-11-26 15:10:39.004 | INFO  | traceId=b67f1b65-93a2-4f46-b23f-0d06da23b77d | c.e.p.c.RequestLogInterceptor.afterCompletion | API: GET /.well-known/appspecific/com.chrome.devtools.json | Status=200 | 耗時=9ms
2025-11-26 15:10:39.038 | INFO  | traceId=6233fee1-2aec-4913-852b-1af9e24bd926 | c.e.p.c.RequestLogInterceptor.afterCompletion | API: GET /favicon.ico | Status=200 | 耗時=11ms
2025-11-26 15:21:54.559 | INFO  | traceId= | o.s.boot.StartupInfoLogger.logStarting | Starting OidcPICApplication using Java 21.0.8 with PID 34900 (C:\Users\p10427815\git\OIDC_Demo\OIDC_PIC\target\classes started by p10427815 in C:\Users\p10427815\git\OIDC_Demo\OIDC_PIC)
2025-11-26 15:21:54.564 | INFO  | traceId= | o.s.boot.SpringApplication.logStartupProfileInfo | No active profile set, falling back to 1 default profile: "default"
2025-11-26 15:21:55.713 | INFO  | traceId= | o.s.d.r.c.RepositoryConfigurationDelegate.registerRepositoriesIn | Bootstrapping Spring Data JPA repositories in DEFAULT mode.
2025-11-26 15:21:55.853 | INFO  | traceId= | o.s.d.r.c.RepositoryConfigurationDelegate.registerRepositoriesIn | Finished Spring Data repository scanning in 122 ms. Found 5 JPA repository interfaces.
2025-11-26 15:21:56.865 | INFO  | traceId= | o.s.b.w.e.t.TomcatWebServer.initialize | Tomcat initialized with port 9090 (http)
2025-11-26 15:21:56.900 | INFO  | traceId= | o.a.juli.logging.DirectJDKLog.log | Initializing ProtocolHandler ["http-nio-9090"]
2025-11-26 15:21:56.905 | INFO  | traceId= | o.a.juli.logging.DirectJDKLog.log | Starting service [Tomcat]
2025-11-26 15:21:56.906 | INFO  | traceId= | o.a.juli.logging.DirectJDKLog.log | Starting Servlet engine: [Apache Tomcat/10.1.46]
2025-11-26 15:21:57.053 | INFO  | traceId= | o.a.juli.logging.DirectJDKLog.log | Initializing Spring embedded WebApplicationContext
2025-11-26 15:21:57.055 | INFO  | traceId= | o.s.b.w.s.c.ServletWebServerApplicationContext.prepareWebApplicationContext | Root WebApplicationContext: initialization completed in 2403 ms
2025-11-26 15:21:57.411 | INFO  | traceId= | o.h.j.internal.util.LogHelper.logPersistenceUnitInformation | HHH000204: Processing PersistenceUnitInfo [name: default]
2025-11-26 15:21:57.562 | INFO  | traceId= | org.hibernate.Version.logVersion | HHH000412: Hibernate ORM core version 6.6.29.Final
2025-11-26 15:21:57.665 | INFO  | traceId= | o.h.c.i.RegionFactoryInitiator.initiateService | HHH000026: Second-level cache disabled
2025-11-26 15:21:58.339 | INFO  | traceId= | o.s.o.j.p.SpringPersistenceUnitInfo.addTransformer | No LoadTimeWeaver setup: ignoring JPA class transformer
2025-11-26 15:21:58.410 | INFO  | traceId= | c.z.hikari.HikariDataSource.getConnection | HikariPool-1 - Starting...
2025-11-26 15:21:58.864 | INFO  | traceId= | c.z.hikari.pool.HikariPool.checkFailFast | HikariPool-1 - Added connection org.postgresql.jdbc.PgConnection@21540255
2025-11-26 15:21:58.867 | INFO  | traceId= | c.z.hikari.HikariDataSource.getConnection | HikariPool-1 - Start completed.
2025-11-26 15:21:58.950 | WARN  | traceId= | o.h.e.j.d.i.DialectFactoryImpl.constructDialect | HHH90000025: PostgreSQLDialect does not need to be specified explicitly using 'hibernate.dialect' (remove the property setting and it will be selected by default)
2025-11-26 15:21:58.993 | INFO  | traceId= | o.h.e.j.e.i.JdbcEnvironmentInitiator.logConnectionInfo | HHH10001005: Database info:
	Database JDBC URL [Connecting through datasource 'HikariDataSource (HikariPool-1)']
	Database driver: undefined/unknown
	Database version: 17.5
	Autocommit mode: undefined/unknown
	Isolation level: undefined/unknown
	Minimum pool size: undefined/unknown
	Maximum pool size: undefined/unknown
2025-11-26 15:22:00.353 | INFO  | traceId= | o.h.e.t.j.p.i.JtaPlatformInitiator.initiateService | HHH000489: No JTA platform available (set 'hibernate.transaction.jta.platform' to enable JTA platform integration)
2025-11-26 15:22:00.419 | INFO  | traceId= | o.s.o.j.AbstractEntityManagerFactoryBean.buildNativeEntityManagerFactory | Initialized JPA EntityManagerFactory for persistence unit 'default'
2025-11-26 15:22:01.339 | WARN  | traceId= | o.s.b.a.o.j.JpaBaseConfiguration$JpaWebConfiguration.openEntityManagerInViewInterceptor | spring.jpa.open-in-view is enabled by default. Therefore, database queries may be performed during view rendering. Explicitly configure spring.jpa.open-in-view to disable this warning
2025-11-26 15:22:01.768 | INFO  | traceId= | o.a.juli.logging.DirectJDKLog.log | Starting ProtocolHandler ["http-nio-9090"]
2025-11-26 15:22:01.816 | INFO  | traceId= | o.s.b.w.e.t.TomcatWebServer.start | Tomcat started on port 9090 (http) with context path '/'
2025-11-26 15:22:01.828 | INFO  | traceId= | o.s.boot.StartupInfoLogger.logStarted | Started OidcPICApplication in 8.074 seconds (process running for 8.805)
2025-11-26 15:22:21.462 | INFO  | traceId= | o.a.juli.logging.DirectJDKLog.log | Initializing Spring DispatcherServlet 'dispatcherServlet'
2025-11-26 15:22:21.463 | INFO  | traceId= | o.s.w.servlet.FrameworkServlet.initServletBean | Initializing Servlet 'dispatcherServlet'
2025-11-26 15:22:21.465 | INFO  | traceId= | o.s.w.servlet.FrameworkServlet.initServletBean | Completed initialization in 2 ms
2025-11-26 15:22:21.516 | INFO  | traceId=a8488684-a691-48c9-ad37-9dbdbf62af33 | c.e.pic.ServiceImpl.OauthImpl.getAuthUrl | 開始接收授權 url
2025-11-26 15:22:21.725 | INFO  | traceId=a8488684-a691-48c9-ad37-9dbdbf62af33 | c.e.pic.ServiceImpl.OauthImpl.tryAutoLogin | 開始驗證是否免登入
2025-11-26 15:22:21.827 | INFO  | traceId=a8488684-a691-48c9-ad37-9dbdbf62af33 | c.e.pic.ServiceImpl.OauthImpl.tryAutoLogin | 建立授權code:3d5f61a5-5dd1-439b-b56d-4c68a4bbee36
2025-11-26 15:22:21.829 | INFO  | traceId=a8488684-a691-48c9-ad37-9dbdbf62af33 | c.e.pic.ServiceImpl.OauthImpl.getAuthUrl | 使用者免登入,已由 noLogin 處理流程
2025-11-26 15:22:21.834 | INFO  | traceId=a8488684-a691-48c9-ad37-9dbdbf62af33 | c.e.p.c.RequestLogInterceptor.afterCompletion | API: GET /api/oauth/authorize | Status=302 | 耗時=345ms
2025-11-26 15:22:22.216 | INFO  | traceId=9cb3a462-fec7-4888-ae0d-e75356dac1a1 | c.e.p.c.RequestLogInterceptor.afterCompletion | API: POST /api/oauth/token | Status=200 | 耗時=281ms
2025-11-26 15:22:22.240 | INFO  | traceId=c67bdb2e-4053-47a7-b73f-d0f3e7dbe006 | c.e.p.c.RequestLogInterceptor.afterCompletion | API: GET /.well-known/jwks.json | Status=200 | 耗時=14ms
2025-11-26 15:22:22.299 | INFO  | traceId=ccea8fa5-1b3f-4cca-9dac-c967f1dd38ee | c.e.p.c.RequestLogInterceptor.afterCompletion | API: GET /api/oauth/userInfo | Status=200 | 耗時=22ms
2025-11-26 15:22:23.633 | INFO  | traceId=2dffb739-d4ab-49d0-982c-ffe61d1b31a4 | c.e.p.c.RequestLogInterceptor.afterCompletion | API: POST /api/oauth/revokedSessionId | Status=200 | 耗時=67ms
2025-11-26 15:22:26.910 | INFO  | traceId=ce67c024-e499-40f8-8f0e-5434ac505233 | c.e.pic.ServiceImpl.OauthImpl.getAuthUrl | 開始接收授權 url
2025-11-26 15:22:26.914 | INFO  | traceId=ce67c024-e499-40f8-8f0e-5434ac505233 | c.e.pic.ServiceImpl.OauthImpl.tryAutoLogin | 開始驗證是否免登入
2025-11-26 15:22:26.915 | WARN  | traceId=ce67c024-e499-40f8-8f0e-5434ac505233 | c.e.pic.ServiceImpl.OauthImpl.tryAutoLogin | 找不到sessionID
2025-11-26 15:22:26.922 | INFO  | traceId=ce67c024-e499-40f8-8f0e-5434ac505233 | c.e.pic.ServiceImpl.OauthImpl.getAuthUrl | redirect OIDC Server會員登入頁面
2025-11-26 15:22:26.922 | INFO  | traceId=ce67c024-e499-40f8-8f0e-5434ac505233 | c.e.p.c.RequestLogInterceptor.afterCompletion | API: GET /api/oauth/authorize | Status=302 | 耗時=13ms
2025-11-26 15:22:27.939 | INFO  | traceId=8863f04c-147e-42af-9ac7-1cebb1d2ae53 | c.e.p.c.RequestLogInterceptor.afterCompletion | API: GET /api/captcha/generate | Status=200 | 耗時=851ms
2025-11-26 15:22:32.700 | INFO  | traceId=d1132859-bc06-4b74-9cec-7764f8701dd0 | c.e.p.c.RequestLogInterceptor.afterCompletion | API: GET /api/captcha/generate | Status=200 | 耗時=20ms
2025-11-26 15:22:38.069 | INFO  | traceId=c51bc8a8-ec7e-4574-a728-da4d8b1864bd | c.e.p.c.RequestLogInterceptor.afterCompletion | API: POST /api/captcha/verify | Status=200 | 耗時=3ms
2025-11-26 15:22:38.196 | INFO  | traceId=59980ca6-0b9f-4fa2-acaf-7d17639380b1 | c.e.p.S.RegisterMemberImpl.queryMember | 會員登入成功,userId=33
2025-11-26 15:22:38.199 | INFO  | traceId=59980ca6-0b9f-4fa2-acaf-7d17639380b1 | c.e.p.c.RequestLogInterceptor.afterCompletion | API: POST /api/login | Status=200 | 耗時=125ms
2025-11-26 15:22:39.501 | INFO  | traceId=f4e95c0a-97dd-493c-85c1-5afeec1cbd01 | c.e.pic.ServiceImpl.OauthImpl.approveAuthorization | 收到使用者授權同意, state=_gaXdzEi, userId=33
2025-11-26 15:22:39.508 | ERROR | traceId=f4e95c0a-97dd-493c-85c1-5afeec1cbd01 | c.e.pic.ServiceImpl.OauthImpl.approveAuthorization | 找不到暫存的授權請求資料,state:_gaXdzEi
2025-11-26 15:22:39.510 | INFO  | traceId=f4e95c0a-97dd-493c-85c1-5afeec1cbd01 | c.e.p.c.RequestLogInterceptor.afterCompletion | API: GET /api/oauth/approve | Status=400 | 耗時=12ms
2025-11-26 15:22:41.697 | INFO  | traceId=9c9a143a-d525-432e-b866-eb363b17d016 | c.e.pic.ServiceImpl.OauthImpl.approveAuthorization | 收到使用者授權同意, state=_gaXdzEi, userId=33
2025-11-26 15:22:41.700 | ERROR | traceId=9c9a143a-d525-432e-b866-eb363b17d016 | c.e.pic.ServiceImpl.OauthImpl.approveAuthorization | 找不到暫存的授權請求資料,state:_gaXdzEi
2025-11-26 15:22:41.700 | INFO  | traceId=9c9a143a-d525-432e-b866-eb363b17d016 | c.e.p.c.RequestLogInterceptor.afterCompletion | API: GET /api/oauth/approve | Status=400 | 耗時=4ms
2025-11-26 15:22:47.390 | INFO  | traceId=1d370552-753c-4353-b52e-8ff6f476559e | c.e.pic.ServiceImpl.OauthImpl.approveAuthorization | 收到使用者授權同意, state=_gaXdzEi, userId=33
2025-11-26 15:22:47.395 | ERROR | traceId=1d370552-753c-4353-b52e-8ff6f476559e | c.e.pic.ServiceImpl.OauthImpl.approveAuthorization | 找不到暫存的授權請求資料,state:_gaXdzEi
2025-11-26 15:22:47.396 | INFO  | traceId=1d370552-753c-4353-b52e-8ff6f476559e | c.e.p.c.RequestLogInterceptor.afterCompletion | API: GET /api/oauth/approve | Status=400 | 耗時=7ms
2025-11-26 15:22:59.714 | INFO  | traceId=75585c5c-a5db-4c3f-a4b7-3fde88cf1371 | c.e.pic.ServiceImpl.OauthImpl.approveAuthorization | 收到使用者授權同意, state=_gaXdzEi, userId=33
2025-11-26 15:23:04.566 | ERROR | traceId=75585c5c-a5db-4c3f-a4b7-3fde88cf1371 | c.e.pic.ServiceImpl.OauthImpl.approveAuthorization | 找不到暫存的授權請求資料,state:_gaXdzEi
2025-11-26 15:23:04.568 | INFO  | traceId=75585c5c-a5db-4c3f-a4b7-3fde88cf1371 | c.e.p.c.RequestLogInterceptor.afterCompletion | API: GET /api/oauth/approve | Status=400 | 耗時=11674ms
2025-11-26 15:23:13.620 | INFO  | traceId=57ec7dc0-5e58-4c24-8eb7-9256a4dcc9ce | c.e.pic.ServiceImpl.OauthImpl.approveAuthorization | 收到使用者授權同意, state=_gaXdzEi, userId=33
2025-11-26 15:23:19.046 | ERROR | traceId=57ec7dc0-5e58-4c24-8eb7-9256a4dcc9ce | c.e.pic.ServiceImpl.OauthImpl.approveAuthorization | 找不到暫存的授權請求資料,state:_gaXdzEi
2025-11-26 15:23:19.048 | INFO  | traceId=57ec7dc0-5e58-4c24-8eb7-9256a4dcc9ce | c.e.p.c.RequestLogInterceptor.afterCompletion | API: GET /api/oauth/approve | Status=400 | 耗時=7906ms
2025-11-26 15:23:30.188 | INFO  | traceId=7acc87f7-6709-41d4-819c-3f41de9bbab6 | c.e.pic.ServiceImpl.OauthImpl.approveAuthorization | 收到使用者授權同意, state=_gaXdzEi, userId=33
2025-11-26 15:23:47.623 | INFO  | traceId=7acc87f7-6709-41d4-819c-3f41de9bbab6 | c.e.pic.ServiceImpl.OauthImpl.approveAuthorization | 成功產生授權碼, code=47df6342-d15e-4661-9cd3-a240f37ddeb6, clientId=12345.apps.picusercontent.com, userId=33
2025-11-26 15:23:51.852 | INFO  | traceId=7acc87f7-6709-41d4-819c-3f41de9bbab6 | c.e.p.c.RequestLogInterceptor.afterCompletion | API: GET /api/oauth/approve | Status=302 | 耗時=23928ms
2025-11-26 15:24:08.350 | INFO  | traceId=5de9d1da-fcef-4450-a7cf-00b77155b670 | c.e.pic.ServiceImpl.OauthImpl.approveAuthorization | 收到使用者授權同意, state=_gaXdzEi, userId=33
2025-11-26 15:24:10.108 | INFO  | traceId=5de9d1da-fcef-4450-a7cf-00b77155b670 | c.e.pic.ServiceImpl.OauthImpl.approveAuthorization | 成功產生授權碼, code=5d5ecd27-0d66-4a0b-b087-2ce3a1c2d1ad, clientId=12345.apps.picusercontent.com, userId=33
2025-11-26 15:24:49.646 | INFO  | traceId=5de9d1da-fcef-4450-a7cf-00b77155b670 | c.e.p.c.RequestLogInterceptor.afterCompletion | API: GET /api/oauth/approve | Status=302 | 耗時=42754ms
2025-11-26 15:42:26.482 | INFO  | traceId= | o.s.boot.StartupInfoLogger.logStarting | Starting OidcPICApplication using Java 21.0.8 with PID 3316 (C:\Users\p10427815\git\OIDC_Demo\OIDC_PIC\target\classes started by p10427815 in C:\Users\p10427815\git\OIDC_Demo\OIDC_PIC)
2025-11-26 15:42:26.485 | INFO  | traceId= | o.s.boot.SpringApplication.logStartupProfileInfo | No active profile set, falling back to 1 default profile: "default"
2025-11-26 15:42:27.583 | INFO  | traceId= | o.s.d.r.c.RepositoryConfigurationDelegate.registerRepositoriesIn | Bootstrapping Spring Data JPA repositories in DEFAULT mode.
2025-11-26 15:42:27.693 | INFO  | traceId= | o.s.d.r.c.RepositoryConfigurationDelegate.registerRepositoriesIn | Finished Spring Data repository scanning in 97 ms. Found 5 JPA repository interfaces.
2025-11-26 15:42:28.505 | INFO  | traceId= | o.s.b.w.e.t.TomcatWebServer.initialize | Tomcat initialized with port 9090 (http)
2025-11-26 15:42:28.531 | INFO  | traceId= | o.a.juli.logging.DirectJDKLog.log | Initializing ProtocolHandler ["http-nio-9090"]
2025-11-26 15:42:28.535 | INFO  | traceId= | o.a.juli.logging.DirectJDKLog.log | Starting service [Tomcat]
2025-11-26 15:42:28.536 | INFO  | traceId= | o.a.juli.logging.DirectJDKLog.log | Starting Servlet engine: [Apache Tomcat/10.1.46]
2025-11-26 15:42:28.657 | INFO  | traceId= | o.a.juli.logging.DirectJDKLog.log | Initializing Spring embedded WebApplicationContext
2025-11-26 15:42:28.658 | INFO  | traceId= | o.s.b.w.s.c.ServletWebServerApplicationContext.prepareWebApplicationContext | Root WebApplicationContext: initialization completed in 2107 ms
2025-11-26 15:42:28.955 | INFO  | traceId= | o.h.j.internal.util.LogHelper.logPersistenceUnitInformation | HHH000204: Processing PersistenceUnitInfo [name: default]
2025-11-26 15:42:29.087 | INFO  | traceId= | org.hibernate.Version.logVersion | HHH000412: Hibernate ORM core version 6.6.29.Final
2025-11-26 15:42:29.145 | INFO  | traceId= | o.h.c.i.RegionFactoryInitiator.initiateService | HHH000026: Second-level cache disabled
2025-11-26 15:42:29.576 | INFO  | traceId= | o.s.o.j.p.SpringPersistenceUnitInfo.addTransformer | No LoadTimeWeaver setup: ignoring JPA class transformer
2025-11-26 15:42:29.632 | INFO  | traceId= | c.z.hikari.HikariDataSource.getConnection | HikariPool-1 - Starting...
2025-11-26 15:42:29.959 | INFO  | traceId= | c.z.hikari.pool.HikariPool.checkFailFast | HikariPool-1 - Added connection org.postgresql.jdbc.PgConnection@eb1d475
2025-11-26 15:42:29.962 | INFO  | traceId= | c.z.hikari.HikariDataSource.getConnection | HikariPool-1 - Start completed.
2025-11-26 15:42:30.026 | WARN  | traceId= | o.h.e.j.d.i.DialectFactoryImpl.constructDialect | HHH90000025: PostgreSQLDialect does not need to be specified explicitly using 'hibernate.dialect' (remove the property setting and it will be selected by default)
2025-11-26 15:42:30.054 | INFO  | traceId= | o.h.e.j.e.i.JdbcEnvironmentInitiator.logConnectionInfo | HHH10001005: Database info:
	Database JDBC URL [Connecting through datasource 'HikariDataSource (HikariPool-1)']
	Database driver: undefined/unknown
	Database version: 17.5
	Autocommit mode: undefined/unknown
	Isolation level: undefined/unknown
	Minimum pool size: undefined/unknown
	Maximum pool size: undefined/unknown
2025-11-26 15:42:31.305 | INFO  | traceId= | o.h.e.t.j.p.i.JtaPlatformInitiator.initiateService | HHH000489: No JTA platform available (set 'hibernate.transaction.jta.platform' to enable JTA platform integration)
2025-11-26 15:42:31.385 | INFO  | traceId= | o.s.o.j.AbstractEntityManagerFactoryBean.buildNativeEntityManagerFactory | Initialized JPA EntityManagerFactory for persistence unit 'default'
2025-11-26 15:42:32.320 | WARN  | traceId= | o.s.b.a.o.j.JpaBaseConfiguration$JpaWebConfiguration.openEntityManagerInViewInterceptor | spring.jpa.open-in-view is enabled by default. Therefore, database queries may be performed during view rendering. Explicitly configure spring.jpa.open-in-view to disable this warning
2025-11-26 15:42:32.778 | INFO  | traceId= | o.a.juli.logging.DirectJDKLog.log | Starting ProtocolHandler ["http-nio-9090"]
2025-11-26 15:42:32.834 | INFO  | traceId= | o.s.b.w.e.t.TomcatWebServer.start | Tomcat started on port 9090 (http) with context path '/'
2025-11-26 15:42:32.852 | INFO  | traceId= | o.s.boot.StartupInfoLogger.logStarted | Started OidcPICApplication in 7.115 seconds (process running for 7.866)
2025-11-26 15:42:40.536 | INFO  | traceId= | o.a.juli.logging.DirectJDKLog.log | Initializing Spring DispatcherServlet 'dispatcherServlet'
2025-11-26 15:42:40.537 | INFO  | traceId= | o.s.w.servlet.FrameworkServlet.initServletBean | Initializing Servlet 'dispatcherServlet'
2025-11-26 15:42:40.539 | INFO  | traceId= | o.s.w.servlet.FrameworkServlet.initServletBean | Completed initialization in 2 ms
2025-11-26 15:42:40.588 | INFO  | traceId=f9c4e2da-c4dd-447d-af6f-4eeff920a103 | c.e.pic.ServiceImpl.OauthImpl.getAuthUrl | 開始接收授權 url
2025-11-26 15:42:40.776 | INFO  | traceId=f9c4e2da-c4dd-447d-af6f-4eeff920a103 | c.e.pic.ServiceImpl.OauthImpl.tryAutoLogin | 開始驗證是否免登入
2025-11-26 15:42:40.855 | INFO  | traceId=f9c4e2da-c4dd-447d-af6f-4eeff920a103 | c.e.pic.ServiceImpl.OauthImpl.tryAutoLogin | 建立授權code:20583655-925e-4a86-8bf2-e8fd2b218edb
2025-11-26 15:42:40.856 | INFO  | traceId=f9c4e2da-c4dd-447d-af6f-4eeff920a103 | c.e.pic.ServiceImpl.OauthImpl.getAuthUrl | 使用者免登入,已由 noLogin 處理流程
2025-11-26 15:42:40.858 | INFO  | traceId=f9c4e2da-c4dd-447d-af6f-4eeff920a103 | c.e.p.c.RequestLogInterceptor.afterCompletion | API: GET /api/oauth/authorize | Status=302 | 耗時=296ms
2025-11-26 15:42:41.243 | INFO  | traceId=4923dd4f-e547-4f08-861b-edb867a374ab | c.e.p.c.RequestLogInterceptor.afterCompletion | API: POST /api/oauth/token | Status=200 | 耗時=258ms
2025-11-26 15:42:41.280 | INFO  | traceId=cadccb51-a9d8-4e16-9c5a-60eb8a2c24e7 | c.e.p.c.RequestLogInterceptor.afterCompletion | API: GET /.well-known/jwks.json | Status=200 | 耗時=12ms
2025-11-26 15:42:41.336 | INFO  | traceId=3d49d746-247d-4a4c-bb95-bc4620d2c29e | c.e.p.c.RequestLogInterceptor.afterCompletion | API: GET /api/oauth/userInfo | Status=200 | 耗時=22ms
2025-11-26 15:42:42.455 | INFO  | traceId=c5593d3b-72d6-4c50-8812-c0fc4bdb349c | c.e.p.c.RequestLogInterceptor.afterCompletion | API: OPTIONS /api/oauth/revokedSessionId | Status=200 | 耗時=1ms
2025-11-26 15:42:42.531 | INFO  | traceId=7ad0a8c6-0bdc-4306-a9fe-da3ad8f07b26 | c.e.p.c.RequestLogInterceptor.afterCompletion | API: POST /api/oauth/revokedSessionId | Status=200 | 耗時=67ms
2025-11-26 15:42:48.613 | INFO  | traceId=29d10670-c76c-4366-8fb1-35ebef96377e | c.e.pic.ServiceImpl.OauthImpl.getAuthUrl | 開始接收授權 url
2025-11-26 15:42:48.617 | INFO  | traceId=29d10670-c76c-4366-8fb1-35ebef96377e | c.e.pic.ServiceImpl.OauthImpl.tryAutoLogin | 開始驗證是否免登入
2025-11-26 15:42:48.619 | WARN  | traceId=29d10670-c76c-4366-8fb1-35ebef96377e | c.e.pic.ServiceImpl.OauthImpl.tryAutoLogin | 找不到sessionID
2025-11-26 15:42:48.625 | INFO  | traceId=29d10670-c76c-4366-8fb1-35ebef96377e | c.e.pic.ServiceImpl.OauthImpl.getAuthUrl | redirect OIDC Server會員登入頁面
2025-11-26 15:42:48.626 | INFO  | traceId=29d10670-c76c-4366-8fb1-35ebef96377e | c.e.p.c.RequestLogInterceptor.afterCompletion | API: GET /api/oauth/authorize | Status=302 | 耗時=14ms
2025-11-26 15:42:49.553 | INFO  | traceId=740b2854-67e2-4243-a312-0baf5155dc72 | c.e.p.c.RequestLogInterceptor.afterCompletion | API: GET /api/captcha/generate | Status=200 | 耗時=758ms
2025-11-26 15:42:57.468 | INFO  | traceId=47916deb-5f8c-4536-a59d-0d32ef76a9a6 | c.e.p.c.RequestLogInterceptor.afterCompletion | API: OPTIONS /api/captcha/verify | Status=200 | 耗時=0ms
2025-11-26 15:42:57.475 | INFO  | traceId=30d4b18e-82e8-494b-8579-1580ff071216 | c.e.p.c.RequestLogInterceptor.afterCompletion | API: POST /api/captcha/verify | Status=200 | 耗時=3ms
2025-11-26 15:42:57.480 | INFO  | traceId=6501f4d3-0251-4aa8-901d-414ac8a5b751 | c.e.p.c.RequestLogInterceptor.afterCompletion | API: OPTIONS /api/login | Status=200 | 耗時=0ms
2025-11-26 15:42:57.597 | WARN  | traceId=9f23edb1-5096-4f84-bbfb-8c51d4d6515d | c.e.p.S.RegisterMemberImpl.queryMember | 登入失敗，密碼錯誤,userId=33
2025-11-26 15:42:57.599 | INFO  | traceId=9f23edb1-5096-4f84-bbfb-8c51d4d6515d | c.e.p.c.RequestLogInterceptor.afterCompletion | API: POST /api/login | Status=200 | 耗時=116ms
2025-11-26 15:43:03.844 | INFO  | traceId=dabd1706-fccc-43c4-af9a-a661d59fd913 | c.e.p.c.RequestLogInterceptor.afterCompletion | API: POST /api/captcha/verify | Status=200 | 耗時=2ms
2025-11-26 15:43:03.931 | INFO  | traceId=9be16a37-222b-40ad-8587-70c73263d897 | c.e.p.S.RegisterMemberImpl.queryMember | 會員登入成功,userId=33
2025-11-26 15:43:03.934 | INFO  | traceId=9be16a37-222b-40ad-8587-70c73263d897 | c.e.p.c.RequestLogInterceptor.afterCompletion | API: POST /api/login | Status=200 | 耗時=82ms
2025-11-26 15:43:09.351 | INFO  | traceId=9ba9b19a-d9ff-42f2-beed-ee9fbbc60f64 | c.e.pic.ServiceImpl.OauthImpl.approveAuthorization | 收到使用者授權同意, state=Tx-7MG6M, userId=33
2025-11-26 15:43:19.950 | ERROR | traceId=9ba9b19a-d9ff-42f2-beed-ee9fbbc60f64 | c.e.pic.ServiceImpl.OauthImpl.approveAuthorization | 找不到暫存的授權請求資料,state:Tx-7MG6M
2025-11-26 15:50:56.141 | INFO  | traceId= | o.s.boot.StartupInfoLogger.logStarting | Starting OidcPICApplication using Java 21.0.8 with PID 33344 (C:\Users\p10427815\git\OIDC_Demo\OIDC_PIC\target\classes started by p10427815 in C:\Users\p10427815\git\OIDC_Demo\OIDC_PIC)
2025-11-26 15:50:56.147 | INFO  | traceId= | o.s.boot.SpringApplication.logStartupProfileInfo | No active profile set, falling back to 1 default profile: "default"
2025-11-26 15:50:57.207 | INFO  | traceId= | o.s.d.r.c.RepositoryConfigurationDelegate.registerRepositoriesIn | Bootstrapping Spring Data JPA repositories in DEFAULT mode.
2025-11-26 15:50:57.309 | INFO  | traceId= | o.s.d.r.c.RepositoryConfigurationDelegate.registerRepositoriesIn | Finished Spring Data repository scanning in 86 ms. Found 5 JPA repository interfaces.
2025-11-26 15:50:58.042 | INFO  | traceId= | o.s.b.w.e.t.TomcatWebServer.initialize | Tomcat initialized with port 9090 (http)
2025-11-26 15:50:58.063 | INFO  | traceId= | o.a.juli.logging.DirectJDKLog.log | Initializing ProtocolHandler ["http-nio-9090"]
2025-11-26 15:50:58.066 | INFO  | traceId= | o.a.juli.logging.DirectJDKLog.log | Starting service [Tomcat]
2025-11-26 15:50:58.067 | INFO  | traceId= | o.a.juli.logging.DirectJDKLog.log | Starting Servlet engine: [Apache Tomcat/10.1.46]
2025-11-26 15:50:58.161 | INFO  | traceId= | o.a.juli.logging.DirectJDKLog.log | Initializing Spring embedded WebApplicationContext
2025-11-26 15:50:58.164 | INFO  | traceId= | o.s.b.w.s.c.ServletWebServerApplicationContext.prepareWebApplicationContext | Root WebApplicationContext: initialization completed in 1936 ms
2025-11-26 15:50:58.412 | INFO  | traceId= | o.h.j.internal.util.LogHelper.logPersistenceUnitInformation | HHH000204: Processing PersistenceUnitInfo [name: default]
2025-11-26 15:50:58.498 | INFO  | traceId= | org.hibernate.Version.logVersion | HHH000412: Hibernate ORM core version 6.6.29.Final
2025-11-26 15:50:58.545 | INFO  | traceId= | o.h.c.i.RegionFactoryInitiator.initiateService | HHH000026: Second-level cache disabled
2025-11-26 15:50:58.918 | INFO  | traceId= | o.s.o.j.p.SpringPersistenceUnitInfo.addTransformer | No LoadTimeWeaver setup: ignoring JPA class transformer
2025-11-26 15:50:58.964 | INFO  | traceId= | c.z.hikari.HikariDataSource.getConnection | HikariPool-1 - Starting...
2025-11-26 15:50:59.293 | INFO  | traceId= | c.z.hikari.pool.HikariPool.checkFailFast | HikariPool-1 - Added connection org.postgresql.jdbc.PgConnection@70697478
2025-11-26 15:50:59.296 | INFO  | traceId= | c.z.hikari.HikariDataSource.getConnection | HikariPool-1 - Start completed.
2025-11-26 15:50:59.348 | WARN  | traceId= | o.h.e.j.d.i.DialectFactoryImpl.constructDialect | HHH90000025: PostgreSQLDialect does not need to be specified explicitly using 'hibernate.dialect' (remove the property setting and it will be selected by default)
2025-11-26 15:50:59.373 | INFO  | traceId= | o.h.e.j.e.i.JdbcEnvironmentInitiator.logConnectionInfo | HHH10001005: Database info:
	Database JDBC URL [Connecting through datasource 'HikariDataSource (HikariPool-1)']
	Database driver: undefined/unknown
	Database version: 17.5
	Autocommit mode: undefined/unknown
	Isolation level: undefined/unknown
	Minimum pool size: undefined/unknown
	Maximum pool size: undefined/unknown
2025-11-26 15:51:00.550 | INFO  | traceId= | o.h.e.t.j.p.i.JtaPlatformInitiator.initiateService | HHH000489: No JTA platform available (set 'hibernate.transaction.jta.platform' to enable JTA platform integration)
2025-11-26 15:51:00.623 | INFO  | traceId= | o.s.o.j.AbstractEntityManagerFactoryBean.buildNativeEntityManagerFactory | Initialized JPA EntityManagerFactory for persistence unit 'default'
2025-11-26 15:51:01.379 | WARN  | traceId= | o.s.b.a.o.j.JpaBaseConfiguration$JpaWebConfiguration.openEntityManagerInViewInterceptor | spring.jpa.open-in-view is enabled by default. Therefore, database queries may be performed during view rendering. Explicitly configure spring.jpa.open-in-view to disable this warning
2025-11-26 15:51:01.802 | INFO  | traceId= | o.a.juli.logging.DirectJDKLog.log | Starting ProtocolHandler ["http-nio-9090"]
2025-11-26 15:51:01.839 | INFO  | traceId= | o.s.b.w.e.t.TomcatWebServer.start | Tomcat started on port 9090 (http) with context path '/'
2025-11-26 15:51:01.852 | INFO  | traceId= | o.s.boot.StartupInfoLogger.logStarted | Started OidcPICApplication in 6.534 seconds (process running for 7.256)
2025-11-26 15:51:10.223 | INFO  | traceId= | o.a.juli.logging.DirectJDKLog.log | Initializing Spring DispatcherServlet 'dispatcherServlet'
2025-11-26 15:51:10.224 | INFO  | traceId= | o.s.w.servlet.FrameworkServlet.initServletBean | Initializing Servlet 'dispatcherServlet'
2025-11-26 15:51:10.226 | INFO  | traceId= | o.s.w.servlet.FrameworkServlet.initServletBean | Completed initialization in 2 ms
2025-11-26 15:51:10.289 | INFO  | traceId=673374c8-0d52-4a1c-8096-dd4658efaeb0 | c.e.pic.ServiceImpl.OauthImpl.getAuthUrl | 開始接收授權 url
2025-11-26 15:51:10.495 | INFO  | traceId=673374c8-0d52-4a1c-8096-dd4658efaeb0 | c.e.pic.ServiceImpl.OauthImpl.tryAutoLogin | 開始驗證是否免登入
2025-11-26 15:51:10.591 | INFO  | traceId=673374c8-0d52-4a1c-8096-dd4658efaeb0 | c.e.pic.ServiceImpl.OauthImpl.tryAutoLogin | 建立授權code:20b16409-6f39-4586-9df5-12eadc383ef1
2025-11-26 15:51:10.593 | INFO  | traceId=673374c8-0d52-4a1c-8096-dd4658efaeb0 | c.e.pic.ServiceImpl.OauthImpl.getAuthUrl | 使用者免登入,已由 noLogin 處理流程
2025-11-26 15:51:10.595 | INFO  | traceId=673374c8-0d52-4a1c-8096-dd4658efaeb0 | c.e.p.c.RequestLogInterceptor.afterCompletion | API: GET /api/oauth/authorize | Status=302 | 耗時=335ms
2025-11-26 15:51:10.980 | INFO  | traceId=42c3a9d3-2c18-49b5-bcd2-676fc2cd8464 | c.e.p.c.RequestLogInterceptor.afterCompletion | API: POST /api/oauth/token | Status=200 | 耗時=284ms
2025-11-26 15:51:10.994 | INFO  | traceId=eb37af86-ab64-4441-b704-b2bcf94d8cd6 | c.e.p.c.RequestLogInterceptor.afterCompletion | API: GET /.well-known/jwks.json | Status=200 | 耗時=7ms
2025-11-26 15:51:11.025 | INFO  | traceId=39789ac0-d574-4c03-9c70-48614d18e8b3 | c.e.p.c.RequestLogInterceptor.afterCompletion | API: GET /api/oauth/userInfo | Status=200 | 耗時=14ms
2025-11-26 15:51:12.034 | INFO  | traceId=759137ff-e702-4520-bf87-341a481ec306 | c.e.p.c.RequestLogInterceptor.afterCompletion | API: POST /api/oauth/revokedSessionId | Status=200 | 耗時=67ms
2025-11-26 15:51:16.912 | INFO  | traceId=2caf52f9-d34a-4f45-9b88-849b9a119e42 | c.e.pic.ServiceImpl.OauthImpl.getAuthUrl | 開始接收授權 url
2025-11-26 15:51:16.918 | INFO  | traceId=2caf52f9-d34a-4f45-9b88-849b9a119e42 | c.e.pic.ServiceImpl.OauthImpl.tryAutoLogin | 開始驗證是否免登入
2025-11-26 15:51:16.918 | WARN  | traceId=2caf52f9-d34a-4f45-9b88-849b9a119e42 | c.e.pic.ServiceImpl.OauthImpl.tryAutoLogin | 找不到sessionID
2025-11-26 15:51:16.925 | INFO  | traceId=2caf52f9-d34a-4f45-9b88-849b9a119e42 | c.e.pic.ServiceImpl.OauthImpl.getAuthUrl | redirect OIDC Server會員登入頁面
2025-11-26 15:51:16.926 | INFO  | traceId=2caf52f9-d34a-4f45-9b88-849b9a119e42 | c.e.p.c.RequestLogInterceptor.afterCompletion | API: GET /api/oauth/authorize | Status=302 | 耗時=14ms
2025-11-26 15:51:17.740 | INFO  | traceId=cbe91ed8-66ad-4dc8-a7e2-e477f19f4ab9 | c.e.p.c.RequestLogInterceptor.afterCompletion | API: GET /api/captcha/generate | Status=200 | 耗時=657ms
2025-11-26 15:51:23.288 | INFO  | traceId=e26f43eb-5247-4044-83e5-98e036d466b0 | c.e.p.c.RequestLogInterceptor.afterCompletion | API: POST /api/captcha/verify | Status=200 | 耗時=3ms
2025-11-26 15:51:23.439 | INFO  | traceId=2856a605-28f3-4156-88ee-abfed92f8460 | c.e.p.S.RegisterMemberImpl.queryMember | 會員登入成功,userId=33
2025-11-26 15:51:23.442 | INFO  | traceId=2856a605-28f3-4156-88ee-abfed92f8460 | c.e.p.c.RequestLogInterceptor.afterCompletion | API: POST /api/login | Status=200 | 耗時=144ms
2025-11-26 15:51:30.353 | INFO  | traceId=33a90fe4-a653-48e8-b793-741106f0b49c | c.e.pic.ServiceImpl.OauthImpl.approveAuthorization | 收到使用者授權同意, state=YJd1-7l8, userId=33
2025-11-26 15:51:31.546 | ERROR | traceId=33a90fe4-a653-48e8-b793-741106f0b49c | c.e.pic.ServiceImpl.OauthImpl.approveAuthorization | 找不到暫存的授權請求資料,state:YJd1-7l8
2025-11-26 15:52:14.224 | INFO  | traceId= | o.s.boot.StartupInfoLogger.logStarting | Starting OidcPICApplication using Java 21.0.8 with PID 36752 (C:\Users\p10427815\git\OIDC_Demo\OIDC_PIC\target\classes started by p10427815 in C:\Users\p10427815\git\OIDC_Demo\OIDC_PIC)
2025-11-26 15:52:14.229 | INFO  | traceId= | o.s.boot.SpringApplication.logStartupProfileInfo | No active profile set, falling back to 1 default profile: "default"
2025-11-26 15:52:15.310 | INFO  | traceId= | o.s.d.r.c.RepositoryConfigurationDelegate.registerRepositoriesIn | Bootstrapping Spring Data JPA repositories in DEFAULT mode.
2025-11-26 15:52:15.411 | INFO  | traceId= | o.s.d.r.c.RepositoryConfigurationDelegate.registerRepositoriesIn | Finished Spring Data repository scanning in 86 ms. Found 5 JPA repository interfaces.
2025-11-26 15:52:16.194 | INFO  | traceId= | o.s.b.w.e.t.TomcatWebServer.initialize | Tomcat initialized with port 9090 (http)
2025-11-26 15:52:16.213 | INFO  | traceId= | o.a.juli.logging.DirectJDKLog.log | Initializing ProtocolHandler ["http-nio-9090"]
2025-11-26 15:52:16.217 | INFO  | traceId= | o.a.juli.logging.DirectJDKLog.log | Starting service [Tomcat]
2025-11-26 15:52:16.218 | INFO  | traceId= | o.a.juli.logging.DirectJDKLog.log | Starting Servlet engine: [Apache Tomcat/10.1.46]
2025-11-26 15:52:16.314 | INFO  | traceId= | o.a.juli.logging.DirectJDKLog.log | Initializing Spring embedded WebApplicationContext
2025-11-26 15:52:16.316 | INFO  | traceId= | o.s.b.w.s.c.ServletWebServerApplicationContext.prepareWebApplicationContext | Root WebApplicationContext: initialization completed in 2018 ms
2025-11-26 15:52:16.583 | INFO  | traceId= | o.h.j.internal.util.LogHelper.logPersistenceUnitInformation | HHH000204: Processing PersistenceUnitInfo [name: default]
2025-11-26 15:52:16.672 | INFO  | traceId= | org.hibernate.Version.logVersion | HHH000412: Hibernate ORM core version 6.6.29.Final
2025-11-26 15:52:16.716 | INFO  | traceId= | o.h.c.i.RegionFactoryInitiator.initiateService | HHH000026: Second-level cache disabled
2025-11-26 15:52:17.122 | INFO  | traceId= | o.s.o.j.p.SpringPersistenceUnitInfo.addTransformer | No LoadTimeWeaver setup: ignoring JPA class transformer
2025-11-26 15:52:17.166 | INFO  | traceId= | c.z.hikari.HikariDataSource.getConnection | HikariPool-1 - Starting...
2025-11-26 15:52:17.545 | INFO  | traceId= | c.z.hikari.pool.HikariPool.checkFailFast | HikariPool-1 - Added connection org.postgresql.jdbc.PgConnection@42b43a6
2025-11-26 15:52:17.548 | INFO  | traceId= | c.z.hikari.HikariDataSource.getConnection | HikariPool-1 - Start completed.
2025-11-26 15:52:17.601 | WARN  | traceId= | o.h.e.j.d.i.DialectFactoryImpl.constructDialect | HHH90000025: PostgreSQLDialect does not need to be specified explicitly using 'hibernate.dialect' (remove the property setting and it will be selected by default)
2025-11-26 15:52:17.632 | INFO  | traceId= | o.h.e.j.e.i.JdbcEnvironmentInitiator.logConnectionInfo | HHH10001005: Database info:
	Database JDBC URL [Connecting through datasource 'HikariDataSource (HikariPool-1)']
	Database driver: undefined/unknown
	Database version: 17.5
	Autocommit mode: undefined/unknown
	Isolation level: undefined/unknown
	Minimum pool size: undefined/unknown
	Maximum pool size: undefined/unknown
2025-11-26 15:52:18.893 | INFO  | traceId= | o.h.e.t.j.p.i.JtaPlatformInitiator.initiateService | HHH000489: No JTA platform available (set 'hibernate.transaction.jta.platform' to enable JTA platform integration)
2025-11-26 15:52:19.004 | INFO  | traceId= | o.s.o.j.AbstractEntityManagerFactoryBean.buildNativeEntityManagerFactory | Initialized JPA EntityManagerFactory for persistence unit 'default'
2025-11-26 15:52:19.928 | WARN  | traceId= | o.s.b.a.o.j.JpaBaseConfiguration$JpaWebConfiguration.openEntityManagerInViewInterceptor | spring.jpa.open-in-view is enabled by default. Therefore, database queries may be performed during view rendering. Explicitly configure spring.jpa.open-in-view to disable this warning
2025-11-26 15:52:20.438 | INFO  | traceId= | o.a.juli.logging.DirectJDKLog.log | Starting ProtocolHandler ["http-nio-9090"]
2025-11-26 15:52:20.480 | INFO  | traceId= | o.s.b.w.e.t.TomcatWebServer.start | Tomcat started on port 9090 (http) with context path '/'
2025-11-26 15:52:20.493 | INFO  | traceId= | o.s.boot.StartupInfoLogger.logStarted | Started OidcPICApplication in 7.051 seconds (process running for 7.793)
2025-11-26 15:52:20.828 | INFO  | traceId= | o.a.juli.logging.DirectJDKLog.log | Initializing Spring DispatcherServlet 'dispatcherServlet'
2025-11-26 15:52:20.829 | INFO  | traceId= | o.s.w.servlet.FrameworkServlet.initServletBean | Initializing Servlet 'dispatcherServlet'
2025-11-26 15:52:20.831 | INFO  | traceId= | o.s.w.servlet.FrameworkServlet.initServletBean | Completed initialization in 2 ms
2025-11-26 15:52:24.887 | INFO  | traceId=a936e914-762c-432a-a391-8598cdf2f405 | c.e.pic.ServiceImpl.OauthImpl.approveAuthorization | 收到使用者授權同意, state=YJd1-7l8, userId=33
2025-11-26 15:52:26.237 | ERROR | traceId=a936e914-762c-432a-a391-8598cdf2f405 | c.e.pic.ServiceImpl.OauthImpl.approveAuthorization | 找不到暫存的授權請求資料,state:YJd1-7l8
2025-11-26 15:54:03.216 | INFO  | traceId= | o.s.boot.StartupInfoLogger.logStarting | Starting OidcPICApplication using Java 21.0.8 with PID 1624 (C:\Users\p10427815\git\OIDC_Demo\OIDC_PIC\target\classes started by p10427815 in C:\Users\p10427815\git\OIDC_Demo\OIDC_PIC)
2025-11-26 15:54:03.220 | INFO  | traceId= | o.s.boot.SpringApplication.logStartupProfileInfo | No active profile set, falling back to 1 default profile: "default"
2025-11-26 15:54:04.272 | INFO  | traceId= | o.s.d.r.c.RepositoryConfigurationDelegate.registerRepositoriesIn | Bootstrapping Spring Data JPA repositories in DEFAULT mode.
2025-11-26 15:54:04.373 | INFO  | traceId= | o.s.d.r.c.RepositoryConfigurationDelegate.registerRepositoriesIn | Finished Spring Data repository scanning in 87 ms. Found 5 JPA repository interfaces.
2025-11-26 15:54:05.102 | INFO  | traceId= | o.s.b.w.e.t.TomcatWebServer.initialize | Tomcat initialized with port 9090 (http)
2025-11-26 15:54:05.118 | INFO  | traceId= | o.a.juli.logging.DirectJDKLog.log | Initializing ProtocolHandler ["http-nio-9090"]
2025-11-26 15:54:05.122 | INFO  | traceId= | o.a.juli.logging.DirectJDKLog.log | Starting service [Tomcat]
2025-11-26 15:54:05.123 | INFO  | traceId= | o.a.juli.logging.DirectJDKLog.log | Starting Servlet engine: [Apache Tomcat/10.1.46]
2025-11-26 15:54:05.226 | INFO  | traceId= | o.a.juli.logging.DirectJDKLog.log | Initializing Spring embedded WebApplicationContext
2025-11-26 15:54:05.227 | INFO  | traceId= | o.s.b.w.s.c.ServletWebServerApplicationContext.prepareWebApplicationContext | Root WebApplicationContext: initialization completed in 1938 ms
2025-11-26 15:54:05.492 | INFO  | traceId= | o.h.j.internal.util.LogHelper.logPersistenceUnitInformation | HHH000204: Processing PersistenceUnitInfo [name: default]
2025-11-26 15:54:05.580 | INFO  | traceId= | org.hibernate.Version.logVersion | HHH000412: Hibernate ORM core version 6.6.29.Final
2025-11-26 15:54:05.636 | INFO  | traceId= | o.h.c.i.RegionFactoryInitiator.initiateService | HHH000026: Second-level cache disabled
2025-11-26 15:54:06.001 | INFO  | traceId= | o.s.o.j.p.SpringPersistenceUnitInfo.addTransformer | No LoadTimeWeaver setup: ignoring JPA class transformer
2025-11-26 15:54:06.037 | INFO  | traceId= | c.z.hikari.HikariDataSource.getConnection | HikariPool-1 - Starting...
2025-11-26 15:54:06.371 | INFO  | traceId= | c.z.hikari.pool.HikariPool.checkFailFast | HikariPool-1 - Added connection org.postgresql.jdbc.PgConnection@3e6acec2
2025-11-26 15:54:06.374 | INFO  | traceId= | c.z.hikari.HikariDataSource.getConnection | HikariPool-1 - Start completed.
2025-11-26 15:54:06.437 | WARN  | traceId= | o.h.e.j.d.i.DialectFactoryImpl.constructDialect | HHH90000025: PostgreSQLDialect does not need to be specified explicitly using 'hibernate.dialect' (remove the property setting and it will be selected by default)
2025-11-26 15:54:06.479 | INFO  | traceId= | o.h.e.j.e.i.JdbcEnvironmentInitiator.logConnectionInfo | HHH10001005: Database info:
	Database JDBC URL [Connecting through datasource 'HikariDataSource (HikariPool-1)']
	Database driver: undefined/unknown
	Database version: 17.5
	Autocommit mode: undefined/unknown
	Isolation level: undefined/unknown
	Minimum pool size: undefined/unknown
	Maximum pool size: undefined/unknown
2025-11-26 15:54:07.702 | INFO  | traceId= | o.h.e.t.j.p.i.JtaPlatformInitiator.initiateService | HHH000489: No JTA platform available (set 'hibernate.transaction.jta.platform' to enable JTA platform integration)
2025-11-26 15:54:07.777 | INFO  | traceId= | o.s.o.j.AbstractEntityManagerFactoryBean.buildNativeEntityManagerFactory | Initialized JPA EntityManagerFactory for persistence unit 'default'
2025-11-26 15:54:08.508 | WARN  | traceId= | o.s.b.a.o.j.JpaBaseConfiguration$JpaWebConfiguration.openEntityManagerInViewInterceptor | spring.jpa.open-in-view is enabled by default. Therefore, database queries may be performed during view rendering. Explicitly configure spring.jpa.open-in-view to disable this warning
2025-11-26 15:54:08.954 | INFO  | traceId= | o.a.juli.logging.DirectJDKLog.log | Starting ProtocolHandler ["http-nio-9090"]
2025-11-26 15:54:09.011 | INFO  | traceId= | o.s.b.w.e.t.TomcatWebServer.start | Tomcat started on port 9090 (http) with context path '/'
2025-11-26 15:54:09.024 | INFO  | traceId= | o.s.boot.StartupInfoLogger.logStarted | Started OidcPICApplication in 6.56 seconds (process running for 7.279)
2025-11-26 15:54:14.665 | INFO  | traceId= | o.a.juli.logging.DirectJDKLog.log | Initializing Spring DispatcherServlet 'dispatcherServlet'
2025-11-26 15:54:14.666 | INFO  | traceId= | o.s.w.servlet.FrameworkServlet.initServletBean | Initializing Servlet 'dispatcherServlet'
2025-11-26 15:54:14.669 | INFO  | traceId= | o.s.w.servlet.FrameworkServlet.initServletBean | Completed initialization in 3 ms
2025-11-26 15:54:14.721 | INFO  | traceId=92a4864d-d1b7-4044-be0d-bc8a947090a1 | c.e.pic.ServiceImpl.OauthImpl.getAuthUrl | 開始接收授權 url
2025-11-26 15:54:14.916 | INFO  | traceId=92a4864d-d1b7-4044-be0d-bc8a947090a1 | c.e.pic.ServiceImpl.OauthImpl.tryAutoLogin | 開始驗證是否免登入
2025-11-26 15:54:15.016 | INFO  | traceId=92a4864d-d1b7-4044-be0d-bc8a947090a1 | c.e.pic.ServiceImpl.OauthImpl.tryAutoLogin | 建立授權code:211588f3-1a7e-42da-8d65-05149e4b1dfa
2025-11-26 15:54:15.018 | INFO  | traceId=92a4864d-d1b7-4044-be0d-bc8a947090a1 | c.e.pic.ServiceImpl.OauthImpl.getAuthUrl | 使用者免登入,已由 noLogin 處理流程
2025-11-26 15:54:15.021 | INFO  | traceId=92a4864d-d1b7-4044-be0d-bc8a947090a1 | c.e.p.c.RequestLogInterceptor.afterCompletion | API: GET /api/oauth/authorize | Status=302 | 耗時=330ms
2025-11-26 15:54:15.377 | INFO  | traceId=254ff432-4bd8-4744-b8b5-679f9e4dfa89 | c.e.p.c.RequestLogInterceptor.afterCompletion | API: POST /api/oauth/token | Status=200 | 耗時=244ms
2025-11-26 15:54:15.396 | INFO  | traceId=f14073a8-d504-44f6-b7d3-6a22f74ec504 | c.e.p.c.RequestLogInterceptor.afterCompletion | API: GET /.well-known/jwks.json | Status=200 | 耗時=10ms
2025-11-26 15:54:15.426 | INFO  | traceId=6e960130-76f6-4c76-9ebe-ab988cd8df9c | c.e.p.c.RequestLogInterceptor.afterCompletion | API: GET /api/oauth/userInfo | Status=200 | 耗時=16ms
2025-11-26 15:54:16.986 | INFO  | traceId=001e8045-ad28-470b-8ccd-41f452ecb2e3 | c.e.p.c.RequestLogInterceptor.afterCompletion | API: POST /api/oauth/revokedSessionId | Status=200 | 耗時=66ms
2025-11-26 15:54:19.023 | INFO  | traceId=a22f8733-207d-44f7-aa3a-521d3f9a7334 | c.e.pic.ServiceImpl.OauthImpl.getAuthUrl | 開始接收授權 url
2025-11-26 15:54:19.029 | INFO  | traceId=a22f8733-207d-44f7-aa3a-521d3f9a7334 | c.e.pic.ServiceImpl.OauthImpl.tryAutoLogin | 開始驗證是否免登入
2025-11-26 15:54:19.030 | WARN  | traceId=a22f8733-207d-44f7-aa3a-521d3f9a7334 | c.e.pic.ServiceImpl.OauthImpl.tryAutoLogin | 找不到sessionID
2025-11-26 15:54:19.037 | INFO  | traceId=a22f8733-207d-44f7-aa3a-521d3f9a7334 | c.e.pic.ServiceImpl.OauthImpl.getAuthUrl | redirect OIDC Server會員登入頁面
2025-11-26 15:54:19.038 | INFO  | traceId=a22f8733-207d-44f7-aa3a-521d3f9a7334 | c.e.p.c.RequestLogInterceptor.afterCompletion | API: GET /api/oauth/authorize | Status=302 | 耗時=15ms
2025-11-26 15:54:19.794 | INFO  | traceId=31e87352-a7c4-4d37-8730-4cc946427fd3 | c.e.p.c.RequestLogInterceptor.afterCompletion | API: GET /api/captcha/generate | Status=200 | 耗時=604ms
2025-11-26 15:54:29.411 | INFO  | traceId=19630ab2-b9c8-4550-be23-dcfc366a397e | c.e.p.c.RequestLogInterceptor.afterCompletion | API: POST /api/captcha/verify | Status=200 | 耗時=6ms
2025-11-26 15:54:29.531 | INFO  | traceId=c6467564-d0ce-48dc-9c4d-65d68f8f9a02 | c.e.p.S.RegisterMemberImpl.queryMember | 會員登入成功,userId=33
2025-11-26 15:54:29.533 | INFO  | traceId=c6467564-d0ce-48dc-9c4d-65d68f8f9a02 | c.e.p.c.RequestLogInterceptor.afterCompletion | API: POST /api/login | Status=200 | 耗時=116ms
2025-11-26 15:54:35.423 | INFO  | traceId=9d647f55-3a78-42cf-b152-0ec3476169a8 | c.e.pic.ServiceImpl.OauthImpl.approveAuthorization | 收到使用者授權同意, state=PQlGLv2V, userId=33
2025-11-26 15:55:48.737 | INFO  | traceId=7bc24292-ffd4-475a-a453-f339bc5ffd91 | c.e.pic.ServiceImpl.OauthImpl.getAuthUrl | 開始接收授權 url
2025-11-26 15:55:48.745 | INFO  | traceId=7bc24292-ffd4-475a-a453-f339bc5ffd91 | c.e.pic.ServiceImpl.OauthImpl.tryAutoLogin | 開始驗證是否免登入
2025-11-26 15:55:48.758 | INFO  | traceId=7bc24292-ffd4-475a-a453-f339bc5ffd91 | c.e.pic.ServiceImpl.OauthImpl.tryAutoLogin | 建立授權code:3184a561-eac5-4a22-b29f-ed8dab57b491
2025-11-26 15:55:48.759 | INFO  | traceId=7bc24292-ffd4-475a-a453-f339bc5ffd91 | c.e.pic.ServiceImpl.OauthImpl.getAuthUrl | 使用者免登入,已由 noLogin 處理流程
2025-11-26 15:55:48.759 | INFO  | traceId=7bc24292-ffd4-475a-a453-f339bc5ffd91 | c.e.p.c.RequestLogInterceptor.afterCompletion | API: GET /api/oauth/authorize | Status=302 | 耗時=23ms
2025-11-26 15:55:48.896 | INFO  | traceId=b7ec5b42-8f59-40ba-9e3f-04ce0c839d3e | c.e.p.c.RequestLogInterceptor.afterCompletion | API: POST /api/oauth/token | Status=200 | 耗時=24ms
2025-11-26 15:55:48.904 | INFO  | traceId=c5d56b22-f7cc-4fc5-93ed-5fa8d63e0ed1 | c.e.p.c.RequestLogInterceptor.afterCompletion | API: GET /.well-known/jwks.json | Status=200 | 耗時=2ms
2025-11-26 15:55:48.929 | INFO  | traceId=b7645ef2-67e9-44cc-a9dc-963a2a28d11a | c.e.p.c.RequestLogInterceptor.afterCompletion | API: GET /api/oauth/userInfo | Status=200 | 耗時=8ms
2025-11-26 15:55:49.886 | INFO  | traceId=7faeece2-e473-4ba2-9531-c1cf6467b564 | c.e.p.c.RequestLogInterceptor.afterCompletion | API: POST /api/oauth/revokedSessionId | Status=200 | 耗時=15ms
2025-11-26 15:55:51.798 | INFO  | traceId=1d0938a4-ee4e-4180-b1b2-929e68c73f81 | c.e.pic.ServiceImpl.OauthImpl.getAuthUrl | 開始接收授權 url
2025-11-26 15:55:51.803 | INFO  | traceId=1d0938a4-ee4e-4180-b1b2-929e68c73f81 | c.e.pic.ServiceImpl.OauthImpl.tryAutoLogin | 開始驗證是否免登入
2025-11-26 15:55:51.804 | WARN  | traceId=1d0938a4-ee4e-4180-b1b2-929e68c73f81 | c.e.pic.ServiceImpl.OauthImpl.tryAutoLogin | 找不到sessionID
2025-11-26 15:55:51.809 | INFO  | traceId=1d0938a4-ee4e-4180-b1b2-929e68c73f81 | c.e.pic.ServiceImpl.OauthImpl.getAuthUrl | redirect OIDC Server會員登入頁面
2025-11-26 15:55:51.810 | INFO  | traceId=1d0938a4-ee4e-4180-b1b2-929e68c73f81 | c.e.p.c.RequestLogInterceptor.afterCompletion | API: GET /api/oauth/authorize | Status=302 | 耗時=12ms
2025-11-26 15:55:52.005 | INFO  | traceId=8843debc-630d-47be-900b-7ab00977dc4c | c.e.p.c.RequestLogInterceptor.afterCompletion | API: GET /api/captcha/generate | Status=200 | 耗時=21ms
2025-11-26 15:56:35.247 | INFO  | traceId=2ddc9f4f-18ac-4398-b5a0-afb42b15aadd | c.e.p.c.RequestLogInterceptor.afterCompletion | API: GET /api/captcha/generate | Status=200 | 耗時=28ms
2025-11-26 15:56:42.837 | INFO  | traceId=5947ce24-3770-425b-a911-759e8e0ae86b | c.e.pic.ServiceImpl.OauthImpl.getAuthUrl | 開始接收授權 url
2025-11-26 15:56:42.842 | INFO  | traceId=5947ce24-3770-425b-a911-759e8e0ae86b | c.e.pic.ServiceImpl.OauthImpl.tryAutoLogin | 開始驗證是否免登入
2025-11-26 15:56:42.843 | WARN  | traceId=5947ce24-3770-425b-a911-759e8e0ae86b | c.e.pic.ServiceImpl.OauthImpl.tryAutoLogin | 找不到sessionID
2025-11-26 15:56:42.848 | INFO  | traceId=5947ce24-3770-425b-a911-759e8e0ae86b | c.e.pic.ServiceImpl.OauthImpl.getAuthUrl | redirect OIDC Server會員登入頁面
2025-11-26 15:56:42.849 | INFO  | traceId=5947ce24-3770-425b-a911-759e8e0ae86b | c.e.p.c.RequestLogInterceptor.afterCompletion | API: GET /api/oauth/authorize | Status=302 | 耗時=13ms
2025-11-26 15:56:43.022 | INFO  | traceId=7ef44319-86c1-4ba3-bbfd-cdb1f47755e6 | c.e.p.c.RequestLogInterceptor.afterCompletion | API: GET /api/captcha/generate | Status=200 | 耗時=20ms
2025-11-26 15:56:54.309 | INFO  | traceId=72e58ede-1304-4f4d-9b5c-74819aa6e854 | c.e.p.c.RequestLogInterceptor.afterCompletion | API: POST /api/captcha/verify | Status=200 | 耗時=3ms
2025-11-26 15:56:54.423 | INFO  | traceId=518d8b94-33bf-4f53-b304-4fb9d1cccacb | c.e.p.S.RegisterMemberImpl.queryMember | 會員登入成功,userId=33
2025-11-26 15:56:54.424 | INFO  | traceId=518d8b94-33bf-4f53-b304-4fb9d1cccacb | c.e.p.c.RequestLogInterceptor.afterCompletion | API: POST /api/login | Status=200 | 耗時=110ms
2025-11-26 15:58:15.090 | INFO  | traceId=be203f08-7813-4092-a598-95e19f28f628 | c.e.pic.ServiceImpl.OauthImpl.getAuthUrl | 開始接收授權 url
2025-11-26 15:58:15.097 | INFO  | traceId=be203f08-7813-4092-a598-95e19f28f628 | c.e.pic.ServiceImpl.OauthImpl.tryAutoLogin | 開始驗證是否免登入
2025-11-26 15:58:15.106 | INFO  | traceId=be203f08-7813-4092-a598-95e19f28f628 | c.e.pic.ServiceImpl.OauthImpl.tryAutoLogin | 建立授權code:3650733a-d573-4546-ac25-2dcddce0f7df
2025-11-26 15:58:15.106 | INFO  | traceId=be203f08-7813-4092-a598-95e19f28f628 | c.e.pic.ServiceImpl.OauthImpl.getAuthUrl | 使用者免登入,已由 noLogin 處理流程
2025-11-26 15:58:15.107 | INFO  | traceId=be203f08-7813-4092-a598-95e19f28f628 | c.e.p.c.RequestLogInterceptor.afterCompletion | API: GET /api/oauth/authorize | Status=302 | 耗時=18ms
2025-11-26 15:58:15.329 | INFO  | traceId=261d184f-d03c-40a3-b647-285685f57aaf | c.e.p.c.RequestLogInterceptor.afterCompletion | API: POST /api/oauth/token | Status=200 | 耗時=26ms
2025-11-26 15:58:15.336 | INFO  | traceId=20cabfc8-8eb2-4582-8603-eebb347fda94 | c.e.p.c.RequestLogInterceptor.afterCompletion | API: GET /.well-known/jwks.json | Status=200 | 耗時=1ms
2025-11-26 15:58:15.361 | INFO  | traceId=bf9a42cd-f0e5-4865-813a-a23cf4501725 | c.e.p.c.RequestLogInterceptor.afterCompletion | API: GET /api/oauth/userInfo | Status=200 | 耗時=7ms
2025-11-26 15:58:16.865 | INFO  | traceId=39f95c8c-49a7-4478-bc39-6d75353fdf3f | c.e.p.c.RequestLogInterceptor.afterCompletion | API: POST /api/oauth/revokedSessionId | Status=200 | 耗時=36ms
2025-11-26 15:58:19.327 | INFO  | traceId=fea6cbb7-e77d-4197-8a47-306fc250a7b3 | c.e.pic.ServiceImpl.OauthImpl.getAuthUrl | 開始接收授權 url
2025-11-26 15:58:19.333 | INFO  | traceId=fea6cbb7-e77d-4197-8a47-306fc250a7b3 | c.e.pic.ServiceImpl.OauthImpl.tryAutoLogin | 開始驗證是否免登入
2025-11-26 15:58:19.334 | WARN  | traceId=fea6cbb7-e77d-4197-8a47-306fc250a7b3 | c.e.pic.ServiceImpl.OauthImpl.tryAutoLogin | 找不到sessionID
2025-11-26 15:58:19.339 | INFO  | traceId=fea6cbb7-e77d-4197-8a47-306fc250a7b3 | c.e.pic.ServiceImpl.OauthImpl.getAuthUrl | redirect OIDC Server會員登入頁面
2025-11-26 15:58:19.340 | INFO  | traceId=fea6cbb7-e77d-4197-8a47-306fc250a7b3 | c.e.p.c.RequestLogInterceptor.afterCompletion | API: GET /api/oauth/authorize | Status=302 | 耗時=13ms
2025-11-26 15:58:19.631 | INFO  | traceId=5f4e2209-04e5-4889-a44b-12cb7b25f92f | c.e.p.c.RequestLogInterceptor.afterCompletion | API: GET /api/captcha/generate | Status=200 | 耗時=24ms
2025-11-26 15:59:09.690 | INFO  | traceId=5ee9c122-4efa-487d-9aea-20055959c1b9 | c.e.p.c.RequestLogInterceptor.afterCompletion | API: GET /api/captcha/generate | Status=200 | 耗時=36ms
2025-11-26 15:59:16.105 | INFO  | traceId=a3f1d679-f468-46e8-bb06-a9bdc2576849 | c.e.pic.ServiceImpl.OauthImpl.getAuthUrl | 開始接收授權 url
2025-11-26 15:59:16.109 | INFO  | traceId=a3f1d679-f468-46e8-bb06-a9bdc2576849 | c.e.pic.ServiceImpl.OauthImpl.tryAutoLogin | 開始驗證是否免登入
2025-11-26 15:59:16.110 | WARN  | traceId=a3f1d679-f468-46e8-bb06-a9bdc2576849 | c.e.pic.ServiceImpl.OauthImpl.tryAutoLogin | 找不到sessionID
2025-11-26 15:59:16.114 | INFO  | traceId=a3f1d679-f468-46e8-bb06-a9bdc2576849 | c.e.pic.ServiceImpl.OauthImpl.getAuthUrl | redirect OIDC Server會員登入頁面
2025-11-26 15:59:16.115 | INFO  | traceId=a3f1d679-f468-46e8-bb06-a9bdc2576849 | c.e.p.c.RequestLogInterceptor.afterCompletion | API: GET /api/oauth/authorize | Status=302 | 耗時=11ms
2025-11-26 15:59:16.389 | INFO  | traceId=65b9e091-45aa-4f6b-b71d-2b5801a719eb | c.e.p.c.RequestLogInterceptor.afterCompletion | API: GET /api/captcha/generate | Status=200 | 耗時=22ms
2025-11-26 15:59:34.454 | INFO  | traceId=85edab4f-1c8b-4de0-a809-6f0cbd745582 | c.e.p.c.RequestLogInterceptor.afterCompletion | API: GET /api/captcha/generate | Status=200 | 耗時=50ms
2025-11-26 15:59:59.807 | INFO  | traceId=efdbc359-8a7f-490c-8173-5a2bc9b6b75f | c.e.p.c.RequestLogInterceptor.afterCompletion | API: GET /api/captcha/generate | Status=200 | 耗時=17ms
2025-11-26 16:00:03.560 | INFO  | traceId=7a070e28-d782-42bd-ad6a-82aa869d80a7 | c.e.p.c.RequestLogInterceptor.afterCompletion | API: POST /api/captcha/verify | Status=200 | 耗時=3ms
2025-11-26 16:00:03.674 | INFO  | traceId=bd0519b2-4f7b-446c-96be-67b08b297db1 | c.e.p.S.RegisterMemberImpl.queryMember | 會員登入成功,userId=33
2025-11-26 16:00:03.677 | INFO  | traceId=bd0519b2-4f7b-446c-96be-67b08b297db1 | c.e.p.c.RequestLogInterceptor.afterCompletion | API: POST /api/login | Status=200 | 耗時=110ms
2025-11-26 16:00:17.950 | ERROR | traceId=9d647f55-3a78-42cf-b152-0ec3476169a8 | c.e.pic.ServiceImpl.OauthImpl.approveAuthorization | 找不到暫存的授權請求資料,state:PQlGLv2V
2025-11-26 16:00:22.455 | INFO  | traceId=9d647f55-3a78-42cf-b152-0ec3476169a8 | c.e.p.c.RequestLogInterceptor.afterCompletion | API: GET /api/oauth/approve | Status=302 | 耗時=351298ms
2025-11-26 16:00:24.070 | INFO  | traceId=5339273d-62da-4b4a-990a-6f86d45ea32c | c.e.pic.ServiceImpl.OauthImpl.approveAuthorization | 收到使用者授權同意, state=Kt8fUf1h, userId=33
2025-11-26 16:00:25.640 | INFO  | traceId=8f394c6d-ef80-40ea-8ed1-8d4c01379975 | c.e.pic.ServiceImpl.OauthImpl.approveAuthorization | 收到使用者授權同意, state=sd-yNerd, userId=33
2025-11-26 16:00:27.132 | ERROR | traceId=8f394c6d-ef80-40ea-8ed1-8d4c01379975 | c.e.pic.ServiceImpl.OauthImpl.approveAuthorization | 找不到暫存的授權請求資料,state:sd-yNerd
2025-11-26 16:00:31.352 | INFO  | traceId=8f394c6d-ef80-40ea-8ed1-8d4c01379975 | c.e.p.c.RequestLogInterceptor.afterCompletion | API: GET /api/oauth/approve | Status=302 | 耗時=17003ms
2025-11-26 16:01:35.674 | INFO  | traceId=ee4b8cb7-7545-46b0-a091-53c9a27285cf | c.e.p.c.RequestLogInterceptor.afterCompletion | API: GET /api/oauth/userInfo | Status=200 | 耗時=11ms
2025-11-26 16:02:18.207 | INFO  | traceId=d896d2fd-2b0e-4893-9949-adc0a091fcf0 | c.e.pic.ServiceImpl.OauthImpl.getAuthUrl | 開始接收授權 url
2025-11-26 16:02:18.212 | INFO  | traceId=d896d2fd-2b0e-4893-9949-adc0a091fcf0 | c.e.pic.ServiceImpl.OauthImpl.tryAutoLogin | 開始驗證是否免登入
2025-11-26 16:02:18.221 | INFO  | traceId=d896d2fd-2b0e-4893-9949-adc0a091fcf0 | c.e.pic.ServiceImpl.OauthImpl.tryAutoLogin | 建立授權code:443c91fa-96be-43e6-a345-12c130d881da
2025-11-26 16:02:18.221 | INFO  | traceId=d896d2fd-2b0e-4893-9949-adc0a091fcf0 | c.e.pic.ServiceImpl.OauthImpl.getAuthUrl | 使用者免登入,已由 noLogin 處理流程
2025-11-26 16:02:18.222 | INFO  | traceId=d896d2fd-2b0e-4893-9949-adc0a091fcf0 | c.e.p.c.RequestLogInterceptor.afterCompletion | API: GET /api/oauth/authorize | Status=302 | 耗時=15ms
2025-11-26 16:02:18.429 | INFO  | traceId=20f9a984-ab04-4b6a-b6fd-cd66bef7e778 | c.e.p.c.RequestLogInterceptor.afterCompletion | API: POST /api/oauth/token | Status=200 | 耗時=29ms
2025-11-26 16:02:18.436 | INFO  | traceId=c6046498-7888-476c-92ff-a35ee9dc0e55 | c.e.p.c.RequestLogInterceptor.afterCompletion | API: GET /.well-known/jwks.json | Status=200 | 耗時=1ms
2025-11-26 16:02:18.457 | INFO  | traceId=c991682b-63e5-4340-b345-8c97aad69506 | c.e.p.c.RequestLogInterceptor.afterCompletion | API: GET /api/oauth/userInfo | Status=200 | 耗時=6ms
2025-11-26 16:02:19.746 | INFO  | traceId=5bd5d2e4-0fcb-4a4a-b0d4-507e4dd2f0b4 | c.e.p.c.RequestLogInterceptor.afterCompletion | API: POST /api/oauth/revokedSessionId | Status=200 | 耗時=10ms
2025-11-26 16:02:22.327 | INFO  | traceId=1a2c5986-e4ca-4ccf-934f-42bc5d444fc0 | c.e.pic.ServiceImpl.OauthImpl.getAuthUrl | 開始接收授權 url
2025-11-26 16:02:22.330 | INFO  | traceId=1a2c5986-e4ca-4ccf-934f-42bc5d444fc0 | c.e.pic.ServiceImpl.OauthImpl.tryAutoLogin | 開始驗證是否免登入
2025-11-26 16:02:22.331 | WARN  | traceId=1a2c5986-e4ca-4ccf-934f-42bc5d444fc0 | c.e.pic.ServiceImpl.OauthImpl.tryAutoLogin | 找不到sessionID
2025-11-26 16:02:22.336 | INFO  | traceId=1a2c5986-e4ca-4ccf-934f-42bc5d444fc0 | c.e.pic.ServiceImpl.OauthImpl.getAuthUrl | redirect OIDC Server會員登入頁面
2025-11-26 16:02:22.337 | INFO  | traceId=1a2c5986-e4ca-4ccf-934f-42bc5d444fc0 | c.e.p.c.RequestLogInterceptor.afterCompletion | API: GET /api/oauth/authorize | Status=302 | 耗時=11ms
2025-11-26 16:02:22.649 | INFO  | traceId=0c64a3f9-5b2d-4437-9702-cf7b672d8984 | c.e.p.c.RequestLogInterceptor.afterCompletion | API: GET /api/captcha/generate | Status=200 | 耗時=29ms
2025-11-26 16:02:32.436 | INFO  | traceId=05606892-c57c-4b48-864c-dbf7b9f63a09 | c.e.p.c.RequestLogInterceptor.afterCompletion | API: POST /api/captcha/verify | Status=200 | 耗時=1ms
2025-11-26 16:02:32.555 | INFO  | traceId=c0229b12-91da-4795-bee4-422ce2bf9fe1 | c.e.p.S.RegisterMemberImpl.queryMember | 會員登入成功,userId=33
2025-11-26 16:02:32.557 | INFO  | traceId=c0229b12-91da-4795-bee4-422ce2bf9fe1 | c.e.p.c.RequestLogInterceptor.afterCompletion | API: POST /api/login | Status=200 | 耗時=115ms
2025-11-26 16:02:36.181 | ERROR | traceId=5339273d-62da-4b4a-990a-6f86d45ea32c | c.e.pic.ServiceImpl.OauthImpl.approveAuthorization | 找不到暫存的授權請求資料,state:Kt8fUf1h
2025-11-26 16:02:36.464 | INFO  | traceId=5339273d-62da-4b4a-990a-6f86d45ea32c | c.e.p.c.RequestLogInterceptor.afterCompletion | API: GET /api/oauth/approve | Status=302 | 耗時=340742ms
2025-11-26 16:02:36.626 | INFO  | traceId=428f1bdc-2053-4af3-94b2-dec74468486d | c.e.pic.ServiceImpl.OauthImpl.approveAuthorization | 收到使用者授權同意, state=OEMH1tYH, userId=33
2025-11-26 16:02:37.628 | ERROR | traceId=428f1bdc-2053-4af3-94b2-dec74468486d | c.e.pic.ServiceImpl.OauthImpl.approveAuthorization | 找不到暫存的授權請求資料,state:OEMH1tYH
2025-11-26 16:02:38.364 | INFO  | traceId=428f1bdc-2053-4af3-94b2-dec74468486d | c.e.p.c.RequestLogInterceptor.afterCompletion | API: GET /api/oauth/approve | Status=302 | 耗時=3944ms
2025-11-26 16:22:52.941 | INFO  | traceId= | o.s.boot.StartupInfoLogger.logStarting | Starting OidcPICApplication using Java 21.0.8 with PID 29588 (C:\Users\p10427815\git\OIDC_Demo\OIDC_PIC\target\classes started by p10427815 in C:\Users\p10427815\git\OIDC_Demo\OIDC_PIC)
2025-11-26 16:22:52.945 | INFO  | traceId= | o.s.boot.SpringApplication.logStartupProfileInfo | No active profile set, falling back to 1 default profile: "default"
2025-11-26 16:22:54.035 | INFO  | traceId= | o.s.d.r.c.RepositoryConfigurationDelegate.registerRepositoriesIn | Bootstrapping Spring Data JPA repositories in DEFAULT mode.
2025-11-26 16:22:54.136 | INFO  | traceId= | o.s.d.r.c.RepositoryConfigurationDelegate.registerRepositoriesIn | Finished Spring Data repository scanning in 85 ms. Found 5 JPA repository interfaces.
2025-11-26 16:22:54.916 | INFO  | traceId= | o.s.b.w.e.t.TomcatWebServer.initialize | Tomcat initialized with port 9090 (http)
2025-11-26 16:22:54.936 | INFO  | traceId= | o.a.juli.logging.DirectJDKLog.log | Initializing ProtocolHandler ["http-nio-9090"]
2025-11-26 16:22:54.940 | INFO  | traceId= | o.a.juli.logging.DirectJDKLog.log | Starting service [Tomcat]
2025-11-26 16:22:54.940 | INFO  | traceId= | o.a.juli.logging.DirectJDKLog.log | Starting Servlet engine: [Apache Tomcat/10.1.46]
2025-11-26 16:22:55.045 | INFO  | traceId= | o.a.juli.logging.DirectJDKLog.log | Initializing Spring embedded WebApplicationContext
2025-11-26 16:22:55.046 | INFO  | traceId= | o.s.b.w.s.c.ServletWebServerApplicationContext.prepareWebApplicationContext | Root WebApplicationContext: initialization completed in 2020 ms
2025-11-26 16:22:55.311 | INFO  | traceId= | o.h.j.internal.util.LogHelper.logPersistenceUnitInformation | HHH000204: Processing PersistenceUnitInfo [name: default]
2025-11-26 16:22:55.417 | INFO  | traceId= | org.hibernate.Version.logVersion | HHH000412: Hibernate ORM core version 6.6.29.Final
2025-11-26 16:22:55.482 | INFO  | traceId= | o.h.c.i.RegionFactoryInitiator.initiateService | HHH000026: Second-level cache disabled
2025-11-26 16:22:55.903 | INFO  | traceId= | o.s.o.j.p.SpringPersistenceUnitInfo.addTransformer | No LoadTimeWeaver setup: ignoring JPA class transformer
2025-11-26 16:22:55.959 | INFO  | traceId= | c.z.hikari.HikariDataSource.getConnection | HikariPool-1 - Starting...
2025-11-26 16:22:56.309 | INFO  | traceId= | c.z.hikari.pool.HikariPool.checkFailFast | HikariPool-1 - Added connection org.postgresql.jdbc.PgConnection@2b6fcca1
2025-11-26 16:22:56.313 | INFO  | traceId= | c.z.hikari.HikariDataSource.getConnection | HikariPool-1 - Start completed.
2025-11-26 16:22:56.381 | WARN  | traceId= | o.h.e.j.d.i.DialectFactoryImpl.constructDialect | HHH90000025: PostgreSQLDialect does not need to be specified explicitly using 'hibernate.dialect' (remove the property setting and it will be selected by default)
2025-11-26 16:22:56.411 | INFO  | traceId= | o.h.e.j.e.i.JdbcEnvironmentInitiator.logConnectionInfo | HHH10001005: Database info:
	Database JDBC URL [Connecting through datasource 'HikariDataSource (HikariPool-1)']
	Database driver: undefined/unknown
	Database version: 17.5
	Autocommit mode: undefined/unknown
	Isolation level: undefined/unknown
	Minimum pool size: undefined/unknown
	Maximum pool size: undefined/unknown
2025-11-26 16:22:57.765 | INFO  | traceId= | o.h.e.t.j.p.i.JtaPlatformInitiator.initiateService | HHH000489: No JTA platform available (set 'hibernate.transaction.jta.platform' to enable JTA platform integration)
2025-11-26 16:22:57.854 | INFO  | traceId= | o.s.o.j.AbstractEntityManagerFactoryBean.buildNativeEntityManagerFactory | Initialized JPA EntityManagerFactory for persistence unit 'default'
2025-11-26 16:22:58.756 | WARN  | traceId= | o.s.b.a.o.j.JpaBaseConfiguration$JpaWebConfiguration.openEntityManagerInViewInterceptor | spring.jpa.open-in-view is enabled by default. Therefore, database queries may be performed during view rendering. Explicitly configure spring.jpa.open-in-view to disable this warning
2025-11-26 16:22:59.167 | INFO  | traceId= | o.a.juli.logging.DirectJDKLog.log | Starting ProtocolHandler ["http-nio-9090"]
2025-11-26 16:22:59.221 | INFO  | traceId= | o.s.b.w.e.t.TomcatWebServer.start | Tomcat started on port 9090 (http) with context path '/'
2025-11-26 16:22:59.235 | INFO  | traceId= | o.s.boot.StartupInfoLogger.logStarted | Started OidcPICApplication in 7.105 seconds (process running for 7.819)
2025-11-26 16:23:13.728 | INFO  | traceId= | o.a.juli.logging.DirectJDKLog.log | Initializing Spring DispatcherServlet 'dispatcherServlet'
2025-11-26 16:23:13.729 | INFO  | traceId= | o.s.w.servlet.FrameworkServlet.initServletBean | Initializing Servlet 'dispatcherServlet'
2025-11-26 16:23:13.731 | INFO  | traceId= | o.s.w.servlet.FrameworkServlet.initServletBean | Completed initialization in 2 ms
2025-11-26 16:23:13.799 | INFO  | traceId=88cec8c0-428e-4b86-b506-0753053bea7d | c.e.pic.ServiceImpl.OauthImpl.getAuthUrl | 開始接收授權 url
2025-11-26 16:23:14.016 | INFO  | traceId=88cec8c0-428e-4b86-b506-0753053bea7d | c.e.pic.ServiceImpl.OauthImpl.tryAutoLogin | 開始驗證是否免登入
2025-11-26 16:23:14.121 | INFO  | traceId=88cec8c0-428e-4b86-b506-0753053bea7d | c.e.pic.ServiceImpl.OauthImpl.tryAutoLogin | 建立授權code:8853b720-7911-4955-98d7-3feb1cb58077
2025-11-26 16:23:14.124 | INFO  | traceId=88cec8c0-428e-4b86-b506-0753053bea7d | c.e.pic.ServiceImpl.OauthImpl.getAuthUrl | 使用者免登入,已由 noLogin 處理流程
2025-11-26 16:23:14.126 | INFO  | traceId=88cec8c0-428e-4b86-b506-0753053bea7d | c.e.p.c.RequestLogInterceptor.afterCompletion | API: GET /api/oauth/authorize | Status=302 | 耗時=357ms
2025-11-26 16:23:14.504 | INFO  | traceId=b6bd19e2-b311-4873-841b-7c998920c73a | c.e.p.c.RequestLogInterceptor.afterCompletion | API: POST /api/oauth/token | Status=200 | 耗時=253ms
2025-11-26 16:23:14.520 | INFO  | traceId=bd6254ab-2f05-404b-aca2-9753319a4bb0 | c.e.p.c.RequestLogInterceptor.afterCompletion | API: GET /.well-known/jwks.json | Status=200 | 耗時=8ms
2025-11-26 16:23:14.560 | INFO  | traceId=ec4ed361-19ae-4d28-82fd-cd2e55897206 | c.e.p.c.RequestLogInterceptor.afterCompletion | API: GET /api/oauth/userInfo | Status=200 | 耗時=15ms
2025-11-26 16:23:15.911 | INFO  | traceId=8ae08582-4a64-4a5e-b2c7-dfc958276662 | c.e.p.c.RequestLogInterceptor.afterCompletion | API: OPTIONS /api/oauth/revokedSessionId | Status=200 | 耗時=0ms
2025-11-26 16:23:15.976 | INFO  | traceId=a66836b8-c8d1-4d51-9ab6-9c8db4d16305 | c.e.p.c.RequestLogInterceptor.afterCompletion | API: POST /api/oauth/revokedSessionId | Status=200 | 耗時=57ms
2025-11-26 16:23:18.125 | INFO  | traceId=a9ca56ba-7a47-4952-b843-95743e6b694a | c.e.pic.ServiceImpl.OauthImpl.getAuthUrl | 開始接收授權 url
2025-11-26 16:23:18.130 | INFO  | traceId=a9ca56ba-7a47-4952-b843-95743e6b694a | c.e.pic.ServiceImpl.OauthImpl.tryAutoLogin | 開始驗證是否免登入
2025-11-26 16:23:18.130 | WARN  | traceId=a9ca56ba-7a47-4952-b843-95743e6b694a | c.e.pic.ServiceImpl.OauthImpl.tryAutoLogin | 找不到sessionID
2025-11-26 16:23:26.904 | INFO  | traceId=a9ca56ba-7a47-4952-b843-95743e6b694a | c.e.pic.ServiceImpl.OauthImpl.getAuthUrl | redirect OIDC Server會員登入頁面
2025-11-26 16:23:26.905 | INFO  | traceId=a9ca56ba-7a47-4952-b843-95743e6b694a | c.e.p.c.RequestLogInterceptor.afterCompletion | API: GET /api/oauth/authorize | Status=302 | 耗時=8780ms
2025-11-26 16:23:27.794 | INFO  | traceId=1262e6ca-f8b9-4af6-a6de-4c8cb30ff263 | c.e.p.c.RequestLogInterceptor.afterCompletion | API: GET /api/captcha/generate | Status=200 | 耗時=643ms
2025-11-26 16:23:45.405 | INFO  | traceId=af544012-468c-48ee-b326-f6519d380c9a | c.e.pic.ServiceImpl.OauthImpl.getAuthUrl | 開始接收授權 url
2025-11-26 16:23:45.411 | INFO  | traceId=af544012-468c-48ee-b326-f6519d380c9a | c.e.pic.ServiceImpl.OauthImpl.tryAutoLogin | 開始驗證是否免登入
2025-11-26 16:23:45.411 | WARN  | traceId=af544012-468c-48ee-b326-f6519d380c9a | c.e.pic.ServiceImpl.OauthImpl.tryAutoLogin | 找不到sessionID
2025-11-26 16:24:05.016 | WARN  | traceId=af544012-468c-48ee-b326-f6519d380c9a | c.z.h.pool.ProxyConnection.checkException | HikariPool-1 - Connection org.postgresql.jdbc.PgConnection@2b6fcca1 marked as broken because of SQLSTATE(08006), ErrorCode(0)
org.postgresql.util.PSQLException: An I/O error occurred while sending to the backend.
	at org.postgresql.core.v3.QueryExecutorImpl.execute(QueryExecutorImpl.java:399)
	at org.postgresql.jdbc.PgStatement.executeInternal(PgStatement.java:518)
	at org.postgresql.jdbc.PgStatement.execute(PgStatement.java:435)
	at org.postgresql.jdbc.PgPreparedStatement.executeWithFlags(PgPreparedStatement.java:196)
	at org.postgresql.jdbc.PgPreparedStatement.executeUpdate(PgPreparedStatement.java:157)
	at com.zaxxer.hikari.pool.ProxyPreparedStatement.executeUpdate(ProxyPreparedStatement.java:61)
	at com.zaxxer.hikari.pool.HikariProxyPreparedStatement.executeUpdate(HikariProxyPreparedStatement.java)
	at org.hibernate.engine.jdbc.internal.ResultSetReturnImpl.executeUpdate(ResultSetReturnImpl.java:194)
	at org.hibernate.id.insert.GetGeneratedKeysDelegate.performMutation(GetGeneratedKeysDelegate.java:116)
	at org.hibernate.engine.jdbc.mutation.internal.MutationExecutorSingleNonBatched.performNonBatchedOperations(MutationExecutorSingleNonBatched.java:47)
	at org.hibernate.engine.jdbc.mutation.internal.AbstractMutationExecutor.execute(AbstractMutationExecutor.java:55)
	at org.hibernate.persister.entity.mutation.InsertCoordinatorStandard.doStaticInserts(InsertCoordinatorStandard.java:194)
	at org.hibernate.persister.entity.mutation.InsertCoordinatorStandard.coordinateInsert(InsertCoordinatorStandard.java:132)
	at org.hibernate.persister.entity.mutation.InsertCoordinatorStandard.insert(InsertCoordinatorStandard.java:95)
	at org.hibernate.action.internal.EntityIdentityInsertAction.execute(EntityIdentityInsertAction.java:85)
	at org.hibernate.engine.spi.ActionQueue.execute(ActionQueue.java:682)
	at org.hibernate.engine.spi.ActionQueue.addResolvedEntityInsertAction(ActionQueue.java:293)
	at org.hibernate.engine.spi.ActionQueue.addInsertAction(ActionQueue.java:274)
	at org.hibernate.engine.spi.ActionQueue.addAction(ActionQueue.java:324)
	at org.hibernate.event.internal.AbstractSaveEventListener.addInsertAction(AbstractSaveEventListener.java:394)
	at org.hibernate.event.internal.AbstractSaveEventListener.performSaveOrReplicate(AbstractSaveEventListener.java:308)
	at org.hibernate.event.internal.AbstractSaveEventListener.performSave(AbstractSaveEventListener.java:224)
	at org.hibernate.event.internal.AbstractSaveEventListener.saveWithGeneratedId(AbstractSaveEventListener.java:136)
	at org.hibernate.event.internal.DefaultPersistEventListener.entityIsTransient(DefaultPersistEventListener.java:177)
	at org.hibernate.event.internal.DefaultPersistEventListener.persist(DefaultPersistEventListener.java:95)
	at org.hibernate.event.internal.DefaultPersistEventListener.onPersist(DefaultPersistEventListener.java:79)
	at org.hibernate.event.internal.DefaultPersistEventListener.onPersist(DefaultPersistEventListener.java:55)
	at org.hibernate.event.service.internal.EventListenerGroupImpl.fireEventOnEachListener(EventListenerGroupImpl.java:127)
	at org.hibernate.internal.SessionImpl.firePersist(SessionImpl.java:761)
	at org.hibernate.internal.SessionImpl.persist(SessionImpl.java:745)
	at java.base/jdk.internal.reflect.DirectMethodHandleAccessor.invoke(DirectMethodHandleAccessor.java:103)
	at java.base/java.lang.reflect.Method.invoke(Method.java:580)
	at org.springframework.orm.jpa.ExtendedEntityManagerCreator$ExtendedEntityManagerInvocationHandler.invoke(ExtendedEntityManagerCreator.java:364)
	at jdk.proxy2/jdk.proxy2.$Proxy118.persist(Unknown Source)
	at java.base/jdk.internal.reflect.DirectMethodHandleAccessor.invoke(DirectMethodHandleAccessor.java:103)
	at java.base/java.lang.reflect.Method.invoke(Method.java:580)
	at org.springframework.orm.jpa.SharedEntityManagerCreator$SharedEntityManagerInvocationHandler.invoke(SharedEntityManagerCreator.java:320)
	at jdk.proxy2/jdk.proxy2.$Proxy118.persist(Unknown Source)
	at org.springframework.data.jpa.repository.support.SimpleJpaRepository.save(SimpleJpaRepository.java:654)
	at java.base/jdk.internal.reflect.DirectMethodHandleAccessor.invoke(DirectMethodHandleAccessor.java:103)
	at java.base/java.lang.reflect.Method.invoke(Method.java:580)
	at org.springframework.aop.support.AopUtils.invokeJoinpointUsingReflection(AopUtils.java:360)
	at org.springframework.data.repository.core.support.RepositoryMethodInvoker$RepositoryFragmentMethodInvoker.lambda$new$0(RepositoryMethodInvoker.java:277)
	at org.springframework.data.repository.core.support.RepositoryMethodInvoker.doInvoke(RepositoryMethodInvoker.java:170)
	at org.springframework.data.repository.core.support.RepositoryMethodInvoker.invoke(RepositoryMethodInvoker.java:158)
	at org.springframework.data.repository.core.support.RepositoryComposition$RepositoryFragments.invoke(RepositoryComposition.java:515)
	at org.springframework.data.repository.core.support.RepositoryComposition.invoke(RepositoryComposition.java:284)
	at org.springframework.data.repository.core.support.RepositoryFactorySupport$ImplementationMethodExecutionInterceptor.invoke(RepositoryFactorySupport.java:734)
	at org.springframework.aop.framework.ReflectiveMethodInvocation.proceed(ReflectiveMethodInvocation.java:184)
	at org.springframework.data.repository.core.support.QueryExecutorMethodInterceptor.doInvoke(QueryExecutorMethodInterceptor.java:174)
	at org.springframework.data.repository.core.support.QueryExecutorMethodInterceptor.invoke(QueryExecutorMethodInterceptor.java:149)
	at org.springframework.aop.framework.ReflectiveMethodInvocation.proceed(ReflectiveMethodInvocation.java:184)
	at org.springframework.data.projection.DefaultMethodInvokingMethodInterceptor.invoke(DefaultMethodInvokingMethodInterceptor.java:69)
	at org.springframework.aop.framework.ReflectiveMethodInvocation.proceed(ReflectiveMethodInvocation.java:184)
	at org.springframework.transaction.interceptor.TransactionAspectSupport.invokeWithinTransaction(TransactionAspectSupport.java:380)
	at org.springframework.transaction.interceptor.TransactionInterceptor.invoke(TransactionInterceptor.java:119)
	at org.springframework.aop.framework.ReflectiveMethodInvocation.proceed(ReflectiveMethodInvocation.java:184)
	at org.springframework.dao.support.PersistenceExceptionTranslationInterceptor.invoke(PersistenceExceptionTranslationInterceptor.java:138)
	at org.springframework.aop.framework.ReflectiveMethodInvocation.proceed(ReflectiveMethodInvocation.java:184)
	at org.springframework.data.jpa.repository.support.CrudMethodMetadataPostProcessor$CrudMethodMetadataPopulatingMethodInterceptor.invoke(CrudMethodMetadataPostProcessor.java:165)
	at org.springframework.aop.framework.ReflectiveMethodInvocation.proceed(ReflectiveMethodInvocation.java:184)
	at org.springframework.aop.framework.JdkDynamicAopProxy.invoke(JdkDynamicAopProxy.java:223)
	at jdk.proxy2/jdk.proxy2.$Proxy126.save(Unknown Source)
	at com.example.pic.ServiceImpl.OauthImpl.getAuthUrl(OauthImpl.java:170)
	at java.base/jdk.internal.reflect.DirectMethodHandleAccessor.invoke(DirectMethodHandleAccessor.java:103)
	at java.base/java.lang.reflect.Method.invoke(Method.java:580)
	at org.springframework.aop.support.AopUtils.invokeJoinpointUsingReflection(AopUtils.java:360)
	at org.springframework.aop.framework.CglibAopProxy$DynamicAdvisedInterceptor.intercept(CglibAopProxy.java:724)
	at com.example.pic.ServiceImpl.OauthImpl$$SpringCGLIB$$0.getAuthUrl(<generated>)
	at com.example.pic.Controller.OidcController.getAuthCode(OidcController.java:63)
	at java.base/jdk.internal.reflect.DirectMethodHandleAccessor.invoke(DirectMethodHandleAccessor.java:103)
	at java.base/java.lang.reflect.Method.invoke(Method.java:580)
	at org.springframework.web.method.support.InvocableHandlerMethod.doInvoke(InvocableHandlerMethod.java:258)
	at org.springframework.web.method.support.InvocableHandlerMethod.invokeForRequest(InvocableHandlerMethod.java:191)
	at org.springframework.web.servlet.mvc.method.annotation.ServletInvocableHandlerMethod.invokeAndHandle(ServletInvocableHandlerMethod.java:118)
	at org.springframework.web.servlet.mvc.method.annotation.RequestMappingHandlerAdapter.invokeHandlerMethod(RequestMappingHandlerAdapter.java:991)
	at org.springframework.web.servlet.mvc.method.annotation.RequestMappingHandlerAdapter.handleInternal(RequestMappingHandlerAdapter.java:896)
	at org.springframework.web.servlet.mvc.method.AbstractHandlerMethodAdapter.handle(AbstractHandlerMethodAdapter.java:87)
	at org.springframework.web.servlet.DispatcherServlet.doDispatch(DispatcherServlet.java:1089)
	at org.springframework.web.servlet.DispatcherServlet.doService(DispatcherServlet.java:979)
	at org.springframework.web.servlet.FrameworkServlet.processRequest(FrameworkServlet.java:1014)
	at org.springframework.web.servlet.FrameworkServlet.doGet(FrameworkServlet.java:903)
	at jakarta.servlet.http.HttpServlet.service(HttpServlet.java:564)
	at org.springframework.web.servlet.FrameworkServlet.service(FrameworkServlet.java:885)
	at jakarta.servlet.http.HttpServlet.service(HttpServlet.java:658)
	at org.apache.catalina.core.ApplicationFilterChain.internalDoFilter(ApplicationFilterChain.java:195)
	at org.apache.catalina.core.ApplicationFilterChain.doFilter(ApplicationFilterChain.java:140)
	at org.apache.tomcat.websocket.server.WsFilter.doFilter(WsFilter.java:51)
	at org.apache.catalina.core.ApplicationFilterChain.internalDoFilter(ApplicationFilterChain.java:164)
	at org.apache.catalina.core.ApplicationFilterChain.doFilter(ApplicationFilterChain.java:140)
	at com.example.pic.config.TraceIdFilter.doFilter(TraceIdFilter.java:29)
	at org.apache.catalina.core.ApplicationFilterChain.internalDoFilter(ApplicationFilterChain.java:164)
	at org.apache.catalina.core.ApplicationFilterChain.doFilter(ApplicationFilterChain.java:140)
	at org.springframework.web.filter.RequestContextFilter.doFilterInternal(RequestContextFilter.java:100)
	at org.springframework.web.filter.OncePerRequestFilter.doFilter(OncePerRequestFilter.java:116)
	at org.apache.catalina.core.ApplicationFilterChain.internalDoFilter(ApplicationFilterChain.java:164)
	at org.apache.catalina.core.ApplicationFilterChain.doFilter(ApplicationFilterChain.java:140)
	at org.springframework.web.filter.FormContentFilter.doFilterInternal(FormContentFilter.java:93)
	at org.springframework.web.filter.OncePerRequestFilter.doFilter(OncePerRequestFilter.java:116)
	at org.apache.catalina.core.ApplicationFilterChain.internalDoFilter(ApplicationFilterChain.java:164)
	at org.apache.catalina.core.ApplicationFilterChain.doFilter(ApplicationFilterChain.java:140)
	at org.springframework.web.filter.CharacterEncodingFilter.doFilterInternal(CharacterEncodingFilter.java:201)
	at org.springframework.web.filter.OncePerRequestFilter.doFilter(OncePerRequestFilter.java:116)
	at org.apache.catalina.core.ApplicationFilterChain.internalDoFilter(ApplicationFilterChain.java:164)
	at org.apache.catalina.core.ApplicationFilterChain.doFilter(ApplicationFilterChain.java:140)
	at org.apache.catalina.core.StandardWrapperValve.invoke(StandardWrapperValve.java:167)
	at org.apache.catalina.core.StandardContextValve.invoke(StandardContextValve.java:90)
	at org.apache.catalina.authenticator.AuthenticatorBase.invoke(AuthenticatorBase.java:483)
	at org.apache.catalina.core.StandardHostValve.invoke(StandardHostValve.java:116)
	at org.apache.catalina.valves.ErrorReportValve.invoke(ErrorReportValve.java:93)
	at org.apache.catalina.core.StandardEngineValve.invoke(StandardEngineValve.java:74)
	at org.apache.catalina.connector.CoyoteAdapter.service(CoyoteAdapter.java:344)
	at org.apache.coyote.http11.Http11Processor.service(Http11Processor.java:398)
	at org.apache.coyote.AbstractProcessorLight.process(AbstractProcessorLight.java:63)
	at org.apache.coyote.AbstractProtocol$ConnectionHandler.process(AbstractProtocol.java:903)
	at org.apache.tomcat.util.net.NioEndpoint$SocketProcessor.doRun(NioEndpoint.java:1776)
	at org.apache.tomcat.util.net.SocketProcessorBase.run(SocketProcessorBase.java:52)
	at org.apache.tomcat.util.threads.ThreadPoolExecutor.runWorker(ThreadPoolExecutor.java:975)
	at org.apache.tomcat.util.threads.ThreadPoolExecutor$Worker.run(ThreadPoolExecutor.java:493)
	at org.apache.tomcat.util.threads.TaskThread$WrappingRunnable.run(TaskThread.java:63)
	at java.base/java.lang.Thread.run(Thread.java:1583)
Caused by: java.net.SocketException: Connection reset by peer
	at java.base/sun.nio.ch.SocketDispatcher.write0(Native Method)
	at java.base/sun.nio.ch.SocketDispatcher.write(SocketDispatcher.java:54)
	at java.base/sun.nio.ch.NioSocketImpl.tryWrite(NioSocketImpl.java:394)
	at java.base/sun.nio.ch.NioSocketImpl.implWrite(NioSocketImpl.java:410)
	at java.base/sun.nio.ch.NioSocketImpl.write(NioSocketImpl.java:440)
	at java.base/sun.nio.ch.NioSocketImpl$2.write(NioSocketImpl.java:819)
	at java.base/java.net.Socket$SocketOutputStream.write(Socket.java:1195)
	at org.postgresql.util.internal.PgBufferedOutputStream.flushBuffer(PgBufferedOutputStream.java:41)
	at org.postgresql.util.internal.PgBufferedOutputStream.flush(PgBufferedOutputStream.java:48)
	at org.postgresql.core.PGStream.flush(PGStream.java:708)
	at org.postgresql.core.v3.QueryExecutorImpl.sendSimpleQuery(QueryExecutorImpl.java:2063)
	at org.postgresql.core.v3.QueryExecutorImpl.sendOneQuery(QueryExecutorImpl.java:1944)
	at org.postgresql.core.v3.QueryExecutorImpl.sendQueryPreamble(QueryExecutorImpl.java:624)
	at org.postgresql.core.v3.QueryExecutorImpl.execute(QueryExecutorImpl.java:362)
	... 120 common frames omitted
2025-11-26 16:24:05.023 | WARN  | traceId=af544012-468c-48ee-b326-f6519d380c9a | o.h.e.j.spi.SqlExceptionHelper.logExceptions | SQL Error: 0, SQLState: 08006
2025-11-26 16:24:05.024 | ERROR | traceId=af544012-468c-48ee-b326-f6519d380c9a | o.h.e.j.spi.SqlExceptionHelper.logExceptions | An I/O error occurred while sending to the backend.
2025-11-26 16:24:05.042 | ERROR | traceId=af544012-468c-48ee-b326-f6519d380c9a | o.s.t.i.TransactionAspectSupport.completeTransactionAfterThrowing | Application exception overridden by rollback exception
org.hibernate.exception.JDBCConnectionException: could not execute statement [An I/O error occurred while sending to the backend.] [insert into oauth_authorize_request (client_id,code_challenge,code_challenge_method,created_at,redirect_uri,scope,state) values (?,?,?,?,?,?,?)]
	at org.hibernate.exception.internal.SQLStateConversionDelegate.convert(SQLStateConversionDelegate.java:100)
	at org.hibernate.exception.internal.StandardSQLExceptionConverter.convert(StandardSQLExceptionConverter.java:58)
	at org.hibernate.engine.jdbc.spi.SqlExceptionHelper.convert(SqlExceptionHelper.java:108)
	at org.hibernate.engine.jdbc.internal.ResultSetReturnImpl.executeUpdate(ResultSetReturnImpl.java:197)
	at org.hibernate.id.insert.GetGeneratedKeysDelegate.performMutation(GetGeneratedKeysDelegate.java:116)
	at org.hibernate.engine.jdbc.mutation.internal.MutationExecutorSingleNonBatched.performNonBatchedOperations(MutationExecutorSingleNonBatched.java:47)
	at org.hibernate.engine.jdbc.mutation.internal.AbstractMutationExecutor.execute(AbstractMutationExecutor.java:55)
	at org.hibernate.persister.entity.mutation.InsertCoordinatorStandard.doStaticInserts(InsertCoordinatorStandard.java:194)
	at org.hibernate.persister.entity.mutation.InsertCoordinatorStandard.coordinateInsert(InsertCoordinatorStandard.java:132)
	at org.hibernate.persister.entity.mutation.InsertCoordinatorStandard.insert(InsertCoordinatorStandard.java:95)
	at org.hibernate.action.internal.EntityIdentityInsertAction.execute(EntityIdentityInsertAction.java:85)
	at org.hibernate.engine.spi.ActionQueue.execute(ActionQueue.java:682)
	at org.hibernate.engine.spi.ActionQueue.addResolvedEntityInsertAction(ActionQueue.java:293)
	at org.hibernate.engine.spi.ActionQueue.addInsertAction(ActionQueue.java:274)
	at org.hibernate.engine.spi.ActionQueue.addAction(ActionQueue.java:324)
	at org.hibernate.event.internal.AbstractSaveEventListener.addInsertAction(AbstractSaveEventListener.java:394)
	at org.hibernate.event.internal.AbstractSaveEventListener.performSaveOrReplicate(AbstractSaveEventListener.java:308)
	at org.hibernate.event.internal.AbstractSaveEventListener.performSave(AbstractSaveEventListener.java:224)
	at org.hibernate.event.internal.AbstractSaveEventListener.saveWithGeneratedId(AbstractSaveEventListener.java:136)
	at org.hibernate.event.internal.DefaultPersistEventListener.entityIsTransient(DefaultPersistEventListener.java:177)
	at org.hibernate.event.internal.DefaultPersistEventListener.persist(DefaultPersistEventListener.java:95)
	at org.hibernate.event.internal.DefaultPersistEventListener.onPersist(DefaultPersistEventListener.java:79)
	at org.hibernate.event.internal.DefaultPersistEventListener.onPersist(DefaultPersistEventListener.java:55)
	at org.hibernate.event.service.internal.EventListenerGroupImpl.fireEventOnEachListener(EventListenerGroupImpl.java:127)
	at org.hibernate.internal.SessionImpl.firePersist(SessionImpl.java:761)
	at org.hibernate.internal.SessionImpl.persist(SessionImpl.java:745)
	at java.base/jdk.internal.reflect.DirectMethodHandleAccessor.invoke(DirectMethodHandleAccessor.java:103)
	at java.base/java.lang.reflect.Method.invoke(Method.java:580)
	at org.springframework.orm.jpa.ExtendedEntityManagerCreator$ExtendedEntityManagerInvocationHandler.invoke(ExtendedEntityManagerCreator.java:364)
	at jdk.proxy2/jdk.proxy2.$Proxy118.persist(Unknown Source)
	at java.base/jdk.internal.reflect.DirectMethodHandleAccessor.invoke(DirectMethodHandleAccessor.java:103)
	at java.base/java.lang.reflect.Method.invoke(Method.java:580)
	at org.springframework.orm.jpa.SharedEntityManagerCreator$SharedEntityManagerInvocationHandler.invoke(SharedEntityManagerCreator.java:320)
	at jdk.proxy2/jdk.proxy2.$Proxy118.persist(Unknown Source)
	at org.springframework.data.jpa.repository.support.SimpleJpaRepository.save(SimpleJpaRepository.java:654)
	at java.base/jdk.internal.reflect.DirectMethodHandleAccessor.invoke(DirectMethodHandleAccessor.java:103)
	at java.base/java.lang.reflect.Method.invoke(Method.java:580)
	at org.springframework.aop.support.AopUtils.invokeJoinpointUsingReflection(AopUtils.java:360)
	at org.springframework.data.repository.core.support.RepositoryMethodInvoker$RepositoryFragmentMethodInvoker.lambda$new$0(RepositoryMethodInvoker.java:277)
	at org.springframework.data.repository.core.support.RepositoryMethodInvoker.doInvoke(RepositoryMethodInvoker.java:170)
	at org.springframework.data.repository.core.support.RepositoryMethodInvoker.invoke(RepositoryMethodInvoker.java:158)
	at org.springframework.data.repository.core.support.RepositoryComposition$RepositoryFragments.invoke(RepositoryComposition.java:515)
	at org.springframework.data.repository.core.support.RepositoryComposition.invoke(RepositoryComposition.java:284)
	at org.springframework.data.repository.core.support.RepositoryFactorySupport$ImplementationMethodExecutionInterceptor.invoke(RepositoryFactorySupport.java:734)
	at org.springframework.aop.framework.ReflectiveMethodInvocation.proceed(ReflectiveMethodInvocation.java:184)
	at org.springframework.data.repository.core.support.QueryExecutorMethodInterceptor.doInvoke(QueryExecutorMethodInterceptor.java:174)
	at org.springframework.data.repository.core.support.QueryExecutorMethodInterceptor.invoke(QueryExecutorMethodInterceptor.java:149)
	at org.springframework.aop.framework.ReflectiveMethodInvocation.proceed(ReflectiveMethodInvocation.java:184)
	at org.springframework.data.projection.DefaultMethodInvokingMethodInterceptor.invoke(DefaultMethodInvokingMethodInterceptor.java:69)
	at org.springframework.aop.framework.ReflectiveMethodInvocation.proceed(ReflectiveMethodInvocation.java:184)
	at org.springframework.transaction.interceptor.TransactionAspectSupport.invokeWithinTransaction(TransactionAspectSupport.java:380)
	at org.springframework.transaction.interceptor.TransactionInterceptor.invoke(TransactionInterceptor.java:119)
	at org.springframework.aop.framework.ReflectiveMethodInvocation.proceed(ReflectiveMethodInvocation.java:184)
	at org.springframework.dao.support.PersistenceExceptionTranslationInterceptor.invoke(PersistenceExceptionTranslationInterceptor.java:138)
	at org.springframework.aop.framework.ReflectiveMethodInvocation.proceed(ReflectiveMethodInvocation.java:184)
	at org.springframework.data.jpa.repository.support.CrudMethodMetadataPostProcessor$CrudMethodMetadataPopulatingMethodInterceptor.invoke(CrudMethodMetadataPostProcessor.java:165)
	at org.springframework.aop.framework.ReflectiveMethodInvocation.proceed(ReflectiveMethodInvocation.java:184)
	at org.springframework.aop.framework.JdkDynamicAopProxy.invoke(JdkDynamicAopProxy.java:223)
	at jdk.proxy2/jdk.proxy2.$Proxy126.save(Unknown Source)
	at com.example.pic.ServiceImpl.OauthImpl.getAuthUrl(OauthImpl.java:170)
	at java.base/jdk.internal.reflect.DirectMethodHandleAccessor.invoke(DirectMethodHandleAccessor.java:103)
	at java.base/java.lang.reflect.Method.invoke(Method.java:580)
	at org.springframework.aop.support.AopUtils.invokeJoinpointUsingReflection(AopUtils.java:360)
	at org.springframework.aop.framework.CglibAopProxy$DynamicAdvisedInterceptor.intercept(CglibAopProxy.java:724)
	at com.example.pic.ServiceImpl.OauthImpl$$SpringCGLIB$$0.getAuthUrl(<generated>)
	at com.example.pic.Controller.OidcController.getAuthCode(OidcController.java:63)
	at java.base/jdk.internal.reflect.DirectMethodHandleAccessor.invoke(DirectMethodHandleAccessor.java:103)
	at java.base/java.lang.reflect.Method.invoke(Method.java:580)
	at org.springframework.web.method.support.InvocableHandlerMethod.doInvoke(InvocableHandlerMethod.java:258)
	at org.springframework.web.method.support.InvocableHandlerMethod.invokeForRequest(InvocableHandlerMethod.java:191)
	at org.springframework.web.servlet.mvc.method.annotation.ServletInvocableHandlerMethod.invokeAndHandle(ServletInvocableHandlerMethod.java:118)
	at org.springframework.web.servlet.mvc.method.annotation.RequestMappingHandlerAdapter.invokeHandlerMethod(RequestMappingHandlerAdapter.java:991)
	at org.springframework.web.servlet.mvc.method.annotation.RequestMappingHandlerAdapter.handleInternal(RequestMappingHandlerAdapter.java:896)
	at org.springframework.web.servlet.mvc.method.AbstractHandlerMethodAdapter.handle(AbstractHandlerMethodAdapter.java:87)
	at org.springframework.web.servlet.DispatcherServlet.doDispatch(DispatcherServlet.java:1089)
	at org.springframework.web.servlet.DispatcherServlet.doService(DispatcherServlet.java:979)
	at org.springframework.web.servlet.FrameworkServlet.processRequest(FrameworkServlet.java:1014)
	at org.springframework.web.servlet.FrameworkServlet.doGet(FrameworkServlet.java:903)
	at jakarta.servlet.http.HttpServlet.service(HttpServlet.java:564)
	at org.springframework.web.servlet.FrameworkServlet.service(FrameworkServlet.java:885)
	at jakarta.servlet.http.HttpServlet.service(HttpServlet.java:658)
	at org.apache.catalina.core.ApplicationFilterChain.internalDoFilter(ApplicationFilterChain.java:195)
	at org.apache.catalina.core.ApplicationFilterChain.doFilter(ApplicationFilterChain.java:140)
	at org.apache.tomcat.websocket.server.WsFilter.doFilter(WsFilter.java:51)
	at org.apache.catalina.core.ApplicationFilterChain.internalDoFilter(ApplicationFilterChain.java:164)
	at org.apache.catalina.core.ApplicationFilterChain.doFilter(ApplicationFilterChain.java:140)
	at com.example.pic.config.TraceIdFilter.doFilter(TraceIdFilter.java:29)
	at org.apache.catalina.core.ApplicationFilterChain.internalDoFilter(ApplicationFilterChain.java:164)
	at org.apache.catalina.core.ApplicationFilterChain.doFilter(ApplicationFilterChain.java:140)
	at org.springframework.web.filter.RequestContextFilter.doFilterInternal(RequestContextFilter.java:100)
	at org.springframework.web.filter.OncePerRequestFilter.doFilter(OncePerRequestFilter.java:116)
	at org.apache.catalina.core.ApplicationFilterChain.internalDoFilter(ApplicationFilterChain.java:164)
	at org.apache.catalina.core.ApplicationFilterChain.doFilter(ApplicationFilterChain.java:140)
	at org.springframework.web.filter.FormContentFilter.doFilterInternal(FormContentFilter.java:93)
	at org.springframework.web.filter.OncePerRequestFilter.doFilter(OncePerRequestFilter.java:116)
	at org.apache.catalina.core.ApplicationFilterChain.internalDoFilter(ApplicationFilterChain.java:164)
	at org.apache.catalina.core.ApplicationFilterChain.doFilter(ApplicationFilterChain.java:140)
	at org.springframework.web.filter.CharacterEncodingFilter.doFilterInternal(CharacterEncodingFilter.java:201)
	at org.springframework.web.filter.OncePerRequestFilter.doFilter(OncePerRequestFilter.java:116)
	at org.apache.catalina.core.ApplicationFilterChain.internalDoFilter(ApplicationFilterChain.java:164)
	at org.apache.catalina.core.ApplicationFilterChain.doFilter(ApplicationFilterChain.java:140)
	at org.apache.catalina.core.StandardWrapperValve.invoke(StandardWrapperValve.java:167)
	at org.apache.catalina.core.StandardContextValve.invoke(StandardContextValve.java:90)
	at org.apache.catalina.authenticator.AuthenticatorBase.invoke(AuthenticatorBase.java:483)
	at org.apache.catalina.core.StandardHostValve.invoke(StandardHostValve.java:116)
	at org.apache.catalina.valves.ErrorReportValve.invoke(ErrorReportValve.java:93)
	at org.apache.catalina.core.StandardEngineValve.invoke(StandardEngineValve.java:74)
	at org.apache.catalina.connector.CoyoteAdapter.service(CoyoteAdapter.java:344)
	at org.apache.coyote.http11.Http11Processor.service(Http11Processor.java:398)
	at org.apache.coyote.AbstractProcessorLight.process(AbstractProcessorLight.java:63)
	at org.apache.coyote.AbstractProtocol$ConnectionHandler.process(AbstractProtocol.java:903)
	at org.apache.tomcat.util.net.NioEndpoint$SocketProcessor.doRun(NioEndpoint.java:1776)
	at org.apache.tomcat.util.net.SocketProcessorBase.run(SocketProcessorBase.java:52)
	at org.apache.tomcat.util.threads.ThreadPoolExecutor.runWorker(ThreadPoolExecutor.java:975)
	at org.apache.tomcat.util.threads.ThreadPoolExecutor$Worker.run(ThreadPoolExecutor.java:493)
	at org.apache.tomcat.util.threads.TaskThread$WrappingRunnable.run(TaskThread.java:63)
	at java.base/java.lang.Thread.run(Thread.java:1583)
Caused by: org.postgresql.util.PSQLException: An I/O error occurred while sending to the backend.
	at org.postgresql.core.v3.QueryExecutorImpl.execute(QueryExecutorImpl.java:399)
	at org.postgresql.jdbc.PgStatement.executeInternal(PgStatement.java:518)
	at org.postgresql.jdbc.PgStatement.execute(PgStatement.java:435)
	at org.postgresql.jdbc.PgPreparedStatement.executeWithFlags(PgPreparedStatement.java:196)
	at org.postgresql.jdbc.PgPreparedStatement.executeUpdate(PgPreparedStatement.java:157)
	at com.zaxxer.hikari.pool.ProxyPreparedStatement.executeUpdate(ProxyPreparedStatement.java:61)
	at com.zaxxer.hikari.pool.HikariProxyPreparedStatement.executeUpdate(HikariProxyPreparedStatement.java)
	at org.hibernate.engine.jdbc.internal.ResultSetReturnImpl.executeUpdate(ResultSetReturnImpl.java:194)
	... 113 common frames omitted
Caused by: java.net.SocketException: Connection reset by peer
	at java.base/sun.nio.ch.SocketDispatcher.write0(Native Method)
	at java.base/sun.nio.ch.SocketDispatcher.write(SocketDispatcher.java:54)
	at java.base/sun.nio.ch.NioSocketImpl.tryWrite(NioSocketImpl.java:394)
	at java.base/sun.nio.ch.NioSocketImpl.implWrite(NioSocketImpl.java:410)
	at java.base/sun.nio.ch.NioSocketImpl.write(NioSocketImpl.java:440)
	at java.base/sun.nio.ch.NioSocketImpl$2.write(NioSocketImpl.java:819)
	at java.base/java.net.Socket$SocketOutputStream.write(Socket.java:1195)
	at org.postgresql.util.internal.PgBufferedOutputStream.flushBuffer(PgBufferedOutputStream.java:41)
	at org.postgresql.util.internal.PgBufferedOutputStream.flush(PgBufferedOutputStream.java:48)
	at org.postgresql.core.PGStream.flush(PGStream.java:708)
	at org.postgresql.core.v3.QueryExecutorImpl.sendSimpleQuery(QueryExecutorImpl.java:2063)
	at org.postgresql.core.v3.QueryExecutorImpl.sendOneQuery(QueryExecutorImpl.java:1944)
	at org.postgresql.core.v3.QueryExecutorImpl.sendQueryPreamble(QueryExecutorImpl.java:624)
	at org.postgresql.core.v3.QueryExecutorImpl.execute(QueryExecutorImpl.java:362)
	... 120 common frames omitted
2025-11-26 16:24:05.045 | ERROR | traceId=af544012-468c-48ee-b326-f6519d380c9a | c.e.pic.ServiceImpl.OauthImpl.getAuthUrl | 寫入 OauthAuthorizeRequestTb 發生錯誤
org.springframework.orm.jpa.JpaSystemException: Unable to rollback against JDBC Connection
	at org.springframework.orm.jpa.vendor.HibernateJpaDialect.convertHibernateAccessException(HibernateJpaDialect.java:348)
	at org.springframework.orm.jpa.vendor.HibernateJpaDialect.convertHibernateAccessException(HibernateJpaDialect.java:256)
	at org.springframework.orm.jpa.vendor.HibernateJpaDialect.translateExceptionIfPossible(HibernateJpaDialect.java:241)
	at org.springframework.orm.jpa.JpaTransactionManager.doRollback(JpaTransactionManager.java:594)
	at org.springframework.transaction.support.AbstractPlatformTransactionManager.processRollback(AbstractPlatformTransactionManager.java:897)
	at org.springframework.transaction.support.AbstractPlatformTransactionManager.rollback(AbstractPlatformTransactionManager.java:866)
	at org.springframework.transaction.interceptor.TransactionAspectSupport.completeTransactionAfterThrowing(TransactionAspectSupport.java:716)
	at org.springframework.transaction.interceptor.TransactionAspectSupport.invokeWithinTransaction(TransactionAspectSupport.java:384)
	at org.springframework.transaction.interceptor.TransactionInterceptor.invoke(TransactionInterceptor.java:119)
	at org.springframework.aop.framework.ReflectiveMethodInvocation.proceed(ReflectiveMethodInvocation.java:184)
	at org.springframework.dao.support.PersistenceExceptionTranslationInterceptor.invoke(PersistenceExceptionTranslationInterceptor.java:138)
	at org.springframework.aop.framework.ReflectiveMethodInvocation.proceed(ReflectiveMethodInvocation.java:184)
	at org.springframework.data.jpa.repository.support.CrudMethodMetadataPostProcessor$CrudMethodMetadataPopulatingMethodInterceptor.invoke(CrudMethodMetadataPostProcessor.java:165)
	at org.springframework.aop.framework.ReflectiveMethodInvocation.proceed(ReflectiveMethodInvocation.java:184)
	at org.springframework.aop.framework.JdkDynamicAopProxy.invoke(JdkDynamicAopProxy.java:223)
	at jdk.proxy2/jdk.proxy2.$Proxy126.save(Unknown Source)
	at com.example.pic.ServiceImpl.OauthImpl.getAuthUrl(OauthImpl.java:170)
	at java.base/jdk.internal.reflect.DirectMethodHandleAccessor.invoke(DirectMethodHandleAccessor.java:103)
	at java.base/java.lang.reflect.Method.invoke(Method.java:580)
	at org.springframework.aop.support.AopUtils.invokeJoinpointUsingReflection(AopUtils.java:360)
	at org.springframework.aop.framework.CglibAopProxy$DynamicAdvisedInterceptor.intercept(CglibAopProxy.java:724)
	at com.example.pic.ServiceImpl.OauthImpl$$SpringCGLIB$$0.getAuthUrl(<generated>)
	at com.example.pic.Controller.OidcController.getAuthCode(OidcController.java:63)
	at java.base/jdk.internal.reflect.DirectMethodHandleAccessor.invoke(DirectMethodHandleAccessor.java:103)
	at java.base/java.lang.reflect.Method.invoke(Method.java:580)
	at org.springframework.web.method.support.InvocableHandlerMethod.doInvoke(InvocableHandlerMethod.java:258)
	at org.springframework.web.method.support.InvocableHandlerMethod.invokeForRequest(InvocableHandlerMethod.java:191)
	at org.springframework.web.servlet.mvc.method.annotation.ServletInvocableHandlerMethod.invokeAndHandle(ServletInvocableHandlerMethod.java:118)
	at org.springframework.web.servlet.mvc.method.annotation.RequestMappingHandlerAdapter.invokeHandlerMethod(RequestMappingHandlerAdapter.java:991)
	at org.springframework.web.servlet.mvc.method.annotation.RequestMappingHandlerAdapter.handleInternal(RequestMappingHandlerAdapter.java:896)
	at org.springframework.web.servlet.mvc.method.AbstractHandlerMethodAdapter.handle(AbstractHandlerMethodAdapter.java:87)
	at org.springframework.web.servlet.DispatcherServlet.doDispatch(DispatcherServlet.java:1089)
	at org.springframework.web.servlet.DispatcherServlet.doService(DispatcherServlet.java:979)
	at org.springframework.web.servlet.FrameworkServlet.processRequest(FrameworkServlet.java:1014)
	at org.springframework.web.servlet.FrameworkServlet.doGet(FrameworkServlet.java:903)
	at jakarta.servlet.http.HttpServlet.service(HttpServlet.java:564)
	at org.springframework.web.servlet.FrameworkServlet.service(FrameworkServlet.java:885)
	at jakarta.servlet.http.HttpServlet.service(HttpServlet.java:658)
	at org.apache.catalina.core.ApplicationFilterChain.internalDoFilter(ApplicationFilterChain.java:195)
	at org.apache.catalina.core.ApplicationFilterChain.doFilter(ApplicationFilterChain.java:140)
	at org.apache.tomcat.websocket.server.WsFilter.doFilter(WsFilter.java:51)
	at org.apache.catalina.core.ApplicationFilterChain.internalDoFilter(ApplicationFilterChain.java:164)
	at org.apache.catalina.core.ApplicationFilterChain.doFilter(ApplicationFilterChain.java:140)
	at com.example.pic.config.TraceIdFilter.doFilter(TraceIdFilter.java:29)
	at org.apache.catalina.core.ApplicationFilterChain.internalDoFilter(ApplicationFilterChain.java:164)
	at org.apache.catalina.core.ApplicationFilterChain.doFilter(ApplicationFilterChain.java:140)
	at org.springframework.web.filter.RequestContextFilter.doFilterInternal(RequestContextFilter.java:100)
	at org.springframework.web.filter.OncePerRequestFilter.doFilter(OncePerRequestFilter.java:116)
	at org.apache.catalina.core.ApplicationFilterChain.internalDoFilter(ApplicationFilterChain.java:164)
	at org.apache.catalina.core.ApplicationFilterChain.doFilter(ApplicationFilterChain.java:140)
	at org.springframework.web.filter.FormContentFilter.doFilterInternal(FormContentFilter.java:93)
	at org.springframework.web.filter.OncePerRequestFilter.doFilter(OncePerRequestFilter.java:116)
	at org.apache.catalina.core.ApplicationFilterChain.internalDoFilter(ApplicationFilterChain.java:164)
	at org.apache.catalina.core.ApplicationFilterChain.doFilter(ApplicationFilterChain.java:140)
	at org.springframework.web.filter.CharacterEncodingFilter.doFilterInternal(CharacterEncodingFilter.java:201)
	at org.springframework.web.filter.OncePerRequestFilter.doFilter(OncePerRequestFilter.java:116)
	at org.apache.catalina.core.ApplicationFilterChain.internalDoFilter(ApplicationFilterChain.java:164)
	at org.apache.catalina.core.ApplicationFilterChain.doFilter(ApplicationFilterChain.java:140)
	at org.apache.catalina.core.StandardWrapperValve.invoke(StandardWrapperValve.java:167)
	at org.apache.catalina.core.StandardContextValve.invoke(StandardContextValve.java:90)
	at org.apache.catalina.authenticator.AuthenticatorBase.invoke(AuthenticatorBase.java:483)
	at org.apache.catalina.core.StandardHostValve.invoke(StandardHostValve.java:116)
	at org.apache.catalina.valves.ErrorReportValve.invoke(ErrorReportValve.java:93)
	at org.apache.catalina.core.StandardEngineValve.invoke(StandardEngineValve.java:74)
	at org.apache.catalina.connector.CoyoteAdapter.service(CoyoteAdapter.java:344)
	at org.apache.coyote.http11.Http11Processor.service(Http11Processor.java:398)
	at org.apache.coyote.AbstractProcessorLight.process(AbstractProcessorLight.java:63)
	at org.apache.coyote.AbstractProtocol$ConnectionHandler.process(AbstractProtocol.java:903)
	at org.apache.tomcat.util.net.NioEndpoint$SocketProcessor.doRun(NioEndpoint.java:1776)
	at org.apache.tomcat.util.net.SocketProcessorBase.run(SocketProcessorBase.java:52)
	at org.apache.tomcat.util.threads.ThreadPoolExecutor.runWorker(ThreadPoolExecutor.java:975)
	at org.apache.tomcat.util.threads.ThreadPoolExecutor$Worker.run(ThreadPoolExecutor.java:493)
	at org.apache.tomcat.util.threads.TaskThread$WrappingRunnable.run(TaskThread.java:63)
	at java.base/java.lang.Thread.run(Thread.java:1583)
Caused by: org.hibernate.TransactionException: Unable to rollback against JDBC Connection
	at org.hibernate.resource.jdbc.internal.AbstractLogicalConnectionImplementor.rollback(AbstractLogicalConnectionImplementor.java:137)
	at org.hibernate.resource.transaction.backend.jdbc.internal.JdbcResourceLocalTransactionCoordinatorImpl$TransactionDriverControlImpl.rollback(JdbcResourceLocalTransactionCoordinatorImpl.java:289)
	at org.hibernate.engine.transaction.internal.TransactionImpl.rollback(TransactionImpl.java:142)
	at org.springframework.orm.jpa.JpaTransactionManager.doRollback(JpaTransactionManager.java:590)
	... 70 common frames omitted
Caused by: java.sql.SQLException: Connection is closed
	at com.zaxxer.hikari.pool.ProxyConnection$ClosedConnection.lambda$getClosedConnection$0(ProxyConnection.java:562)
	at jdk.proxy3/jdk.proxy3.$Proxy96.rollback(Unknown Source)
	at com.zaxxer.hikari.pool.ProxyConnection.rollback(ProxyConnection.java:386)
	at com.zaxxer.hikari.pool.HikariProxyConnection.rollback(HikariProxyConnection.java)
	at org.hibernate.resource.jdbc.internal.AbstractLogicalConnectionImplementor.rollback(AbstractLogicalConnectionImplementor.java:127)
	... 73 common frames omitted
2025-11-26 16:24:05.055 | INFO  | traceId=af544012-468c-48ee-b326-f6519d380c9a | c.e.p.c.RequestLogInterceptor.afterCompletion | API: GET /api/oauth/authorize | Status=200 | 耗時=19650ms
2025-11-26 16:24:05.126 | INFO  | traceId=e592c177-470f-441a-8689-94e6b862b187 | c.e.p.c.RequestLogInterceptor.afterCompletion | API: GET /favicon.ico | Status=200 | 耗時=9ms
2025-11-26 16:24:34.297 | INFO  | traceId=18d43e95-3081-420b-9d6e-1a04cec8eab7 | c.e.pic.ServiceImpl.OauthImpl.getAuthUrl | 開始接收授權 url
2025-11-26 16:24:34.302 | WARN  | traceId=18d43e95-3081-420b-9d6e-1a04cec8eab7 | c.zaxxer.hikari.pool.PoolBase.isConnectionDead | HikariPool-1 - Failed to validate connection org.postgresql.jdbc.PgConnection@24c1901c (This connection has been closed.). Possibly consider using a shorter maxLifetime value.
2025-11-26 16:24:34.305 | WARN  | traceId=18d43e95-3081-420b-9d6e-1a04cec8eab7 | c.zaxxer.hikari.pool.PoolBase.isConnectionDead | HikariPool-1 - Failed to validate connection org.postgresql.jdbc.PgConnection@354bde5f (This connection has been closed.). Possibly consider using a shorter maxLifetime value.
2025-11-26 16:24:34.307 | WARN  | traceId=18d43e95-3081-420b-9d6e-1a04cec8eab7 | c.zaxxer.hikari.pool.PoolBase.isConnectionDead | HikariPool-1 - Failed to validate connection org.postgresql.jdbc.PgConnection@2faa8ea4 (This connection has been closed.). Possibly consider using a shorter maxLifetime value.
2025-11-26 16:24:34.309 | WARN  | traceId=18d43e95-3081-420b-9d6e-1a04cec8eab7 | c.zaxxer.hikari.pool.PoolBase.isConnectionDead | HikariPool-1 - Failed to validate connection org.postgresql.jdbc.PgConnection@7c3aa3d (This connection has been closed.). Possibly consider using a shorter maxLifetime value.
2025-11-26 16:24:34.311 | WARN  | traceId=18d43e95-3081-420b-9d6e-1a04cec8eab7 | c.zaxxer.hikari.pool.PoolBase.isConnectionDead | HikariPool-1 - Failed to validate connection org.postgresql.jdbc.PgConnection@687542e1 (This connection has been closed.). Possibly consider using a shorter maxLifetime value.
2025-11-26 16:24:34.312 | WARN  | traceId=18d43e95-3081-420b-9d6e-1a04cec8eab7 | c.zaxxer.hikari.pool.PoolBase.isConnectionDead | HikariPool-1 - Failed to validate connection org.postgresql.jdbc.PgConnection@3a7c096 (This connection has been closed.). Possibly consider using a shorter maxLifetime value.
2025-11-26 16:24:34.313 | WARN  | traceId=18d43e95-3081-420b-9d6e-1a04cec8eab7 | c.zaxxer.hikari.pool.PoolBase.isConnectionDead | HikariPool-1 - Failed to validate connection org.postgresql.jdbc.PgConnection@7883a1e8 (This connection has been closed.). Possibly consider using a shorter maxLifetime value.
2025-11-26 16:24:34.314 | WARN  | traceId=18d43e95-3081-420b-9d6e-1a04cec8eab7 | c.zaxxer.hikari.pool.PoolBase.isConnectionDead | HikariPool-1 - Failed to validate connection org.postgresql.jdbc.PgConnection@628b7e87 (This connection has been closed.). Possibly consider using a shorter maxLifetime value.
2025-11-26 16:24:34.316 | WARN  | traceId=18d43e95-3081-420b-9d6e-1a04cec8eab7 | c.zaxxer.hikari.pool.PoolBase.isConnectionDead | HikariPool-1 - Failed to validate connection org.postgresql.jdbc.PgConnection@20ab4a7d (This connection has been closed.). Possibly consider using a shorter maxLifetime value.
2025-11-26 16:24:35.448 | INFO  | traceId=18d43e95-3081-420b-9d6e-1a04cec8eab7 | c.e.pic.ServiceImpl.OauthImpl.tryAutoLogin | 開始驗證是否免登入
2025-11-26 16:24:35.449 | WARN  | traceId=18d43e95-3081-420b-9d6e-1a04cec8eab7 | c.e.pic.ServiceImpl.OauthImpl.tryAutoLogin | 找不到sessionID
2025-11-26 16:24:45.319 | WARN  | traceId=18d43e95-3081-420b-9d6e-1a04cec8eab7 | c.z.h.pool.ProxyConnection.checkException | HikariPool-1 - Connection org.postgresql.jdbc.PgConnection@7288fd98 marked as broken because of SQLSTATE(08006), ErrorCode(0)
org.postgresql.util.PSQLException: An I/O error occurred while sending to the backend.
	at org.postgresql.core.v3.QueryExecutorImpl.execute(QueryExecutorImpl.java:399)
	at org.postgresql.jdbc.PgStatement.executeInternal(PgStatement.java:518)
	at org.postgresql.jdbc.PgStatement.execute(PgStatement.java:435)
	at org.postgresql.jdbc.PgPreparedStatement.executeWithFlags(PgPreparedStatement.java:196)
	at org.postgresql.jdbc.PgPreparedStatement.executeUpdate(PgPreparedStatement.java:157)
	at com.zaxxer.hikari.pool.ProxyPreparedStatement.executeUpdate(ProxyPreparedStatement.java:61)
	at com.zaxxer.hikari.pool.HikariProxyPreparedStatement.executeUpdate(HikariProxyPreparedStatement.java)
	at org.hibernate.engine.jdbc.internal.ResultSetReturnImpl.executeUpdate(ResultSetReturnImpl.java:194)
	at org.hibernate.id.insert.GetGeneratedKeysDelegate.performMutation(GetGeneratedKeysDelegate.java:116)
	at org.hibernate.engine.jdbc.mutation.internal.MutationExecutorSingleNonBatched.performNonBatchedOperations(MutationExecutorSingleNonBatched.java:47)
	at org.hibernate.engine.jdbc.mutation.internal.AbstractMutationExecutor.execute(AbstractMutationExecutor.java:55)
	at org.hibernate.persister.entity.mutation.InsertCoordinatorStandard.doStaticInserts(InsertCoordinatorStandard.java:194)
	at org.hibernate.persister.entity.mutation.InsertCoordinatorStandard.coordinateInsert(InsertCoordinatorStandard.java:132)
	at org.hibernate.persister.entity.mutation.InsertCoordinatorStandard.insert(InsertCoordinatorStandard.java:95)
	at org.hibernate.action.internal.EntityIdentityInsertAction.execute(EntityIdentityInsertAction.java:85)
	at org.hibernate.engine.spi.ActionQueue.execute(ActionQueue.java:682)
	at org.hibernate.engine.spi.ActionQueue.addResolvedEntityInsertAction(ActionQueue.java:293)
	at org.hibernate.engine.spi.ActionQueue.addInsertAction(ActionQueue.java:274)
	at org.hibernate.engine.spi.ActionQueue.addAction(ActionQueue.java:324)
	at org.hibernate.event.internal.AbstractSaveEventListener.addInsertAction(AbstractSaveEventListener.java:394)
	at org.hibernate.event.internal.AbstractSaveEventListener.performSaveOrReplicate(AbstractSaveEventListener.java:308)
	at org.hibernate.event.internal.AbstractSaveEventListener.performSave(AbstractSaveEventListener.java:224)
	at org.hibernate.event.internal.AbstractSaveEventListener.saveWithGeneratedId(AbstractSaveEventListener.java:136)
	at org.hibernate.event.internal.DefaultPersistEventListener.entityIsTransient(DefaultPersistEventListener.java:177)
	at org.hibernate.event.internal.DefaultPersistEventListener.persist(DefaultPersistEventListener.java:95)
	at org.hibernate.event.internal.DefaultPersistEventListener.onPersist(DefaultPersistEventListener.java:79)
	at org.hibernate.event.internal.DefaultPersistEventListener.onPersist(DefaultPersistEventListener.java:55)
	at org.hibernate.event.service.internal.EventListenerGroupImpl.fireEventOnEachListener(EventListenerGroupImpl.java:127)
	at org.hibernate.internal.SessionImpl.firePersist(SessionImpl.java:761)
	at org.hibernate.internal.SessionImpl.persist(SessionImpl.java:745)
	at java.base/jdk.internal.reflect.DirectMethodHandleAccessor.invoke(DirectMethodHandleAccessor.java:103)
	at java.base/java.lang.reflect.Method.invoke(Method.java:580)
	at org.springframework.orm.jpa.ExtendedEntityManagerCreator$ExtendedEntityManagerInvocationHandler.invoke(ExtendedEntityManagerCreator.java:364)
	at jdk.proxy2/jdk.proxy2.$Proxy118.persist(Unknown Source)
	at java.base/jdk.internal.reflect.DirectMethodHandleAccessor.invoke(DirectMethodHandleAccessor.java:103)
	at java.base/java.lang.reflect.Method.invoke(Method.java:580)
	at org.springframework.orm.jpa.SharedEntityManagerCreator$SharedEntityManagerInvocationHandler.invoke(SharedEntityManagerCreator.java:320)
	at jdk.proxy2/jdk.proxy2.$Proxy118.persist(Unknown Source)
	at org.springframework.data.jpa.repository.support.SimpleJpaRepository.save(SimpleJpaRepository.java:654)
	at java.base/jdk.internal.reflect.DirectMethodHandleAccessor.invoke(DirectMethodHandleAccessor.java:103)
	at java.base/java.lang.reflect.Method.invoke(Method.java:580)
	at org.springframework.aop.support.AopUtils.invokeJoinpointUsingReflection(AopUtils.java:360)
	at org.springframework.data.repository.core.support.RepositoryMethodInvoker$RepositoryFragmentMethodInvoker.lambda$new$0(RepositoryMethodInvoker.java:277)
	at org.springframework.data.repository.core.support.RepositoryMethodInvoker.doInvoke(RepositoryMethodInvoker.java:170)
	at org.springframework.data.repository.core.support.RepositoryMethodInvoker.invoke(RepositoryMethodInvoker.java:158)
	at org.springframework.data.repository.core.support.RepositoryComposition$RepositoryFragments.invoke(RepositoryComposition.java:515)
	at org.springframework.data.repository.core.support.RepositoryComposition.invoke(RepositoryComposition.java:284)
	at org.springframework.data.repository.core.support.RepositoryFactorySupport$ImplementationMethodExecutionInterceptor.invoke(RepositoryFactorySupport.java:734)
	at org.springframework.aop.framework.ReflectiveMethodInvocation.proceed(ReflectiveMethodInvocation.java:184)
	at org.springframework.data.repository.core.support.QueryExecutorMethodInterceptor.doInvoke(QueryExecutorMethodInterceptor.java:174)
	at org.springframework.data.repository.core.support.QueryExecutorMethodInterceptor.invoke(QueryExecutorMethodInterceptor.java:149)
	at org.springframework.aop.framework.ReflectiveMethodInvocation.proceed(ReflectiveMethodInvocation.java:184)
	at org.springframework.data.projection.DefaultMethodInvokingMethodInterceptor.invoke(DefaultMethodInvokingMethodInterceptor.java:69)
	at org.springframework.aop.framework.ReflectiveMethodInvocation.proceed(ReflectiveMethodInvocation.java:184)
	at org.springframework.transaction.interceptor.TransactionAspectSupport.invokeWithinTransaction(TransactionAspectSupport.java:380)
	at org.springframework.transaction.interceptor.TransactionInterceptor.invoke(TransactionInterceptor.java:119)
	at org.springframework.aop.framework.ReflectiveMethodInvocation.proceed(ReflectiveMethodInvocation.java:184)
	at org.springframework.dao.support.PersistenceExceptionTranslationInterceptor.invoke(PersistenceExceptionTranslationInterceptor.java:138)
	at org.springframework.aop.framework.ReflectiveMethodInvocation.proceed(ReflectiveMethodInvocation.java:184)
	at org.springframework.data.jpa.repository.support.CrudMethodMetadataPostProcessor$CrudMethodMetadataPopulatingMethodInterceptor.invoke(CrudMethodMetadataPostProcessor.java:165)
	at org.springframework.aop.framework.ReflectiveMethodInvocation.proceed(ReflectiveMethodInvocation.java:184)
	at org.springframework.aop.framework.JdkDynamicAopProxy.invoke(JdkDynamicAopProxy.java:223)
	at jdk.proxy2/jdk.proxy2.$Proxy126.save(Unknown Source)
	at com.example.pic.ServiceImpl.OauthImpl.getAuthUrl(OauthImpl.java:170)
	at java.base/jdk.internal.reflect.DirectMethodHandleAccessor.invoke(DirectMethodHandleAccessor.java:103)
	at java.base/java.lang.reflect.Method.invoke(Method.java:580)
	at org.springframework.aop.support.AopUtils.invokeJoinpointUsingReflection(AopUtils.java:360)
	at org.springframework.aop.framework.CglibAopProxy$DynamicAdvisedInterceptor.intercept(CglibAopProxy.java:724)
	at com.example.pic.ServiceImpl.OauthImpl$$SpringCGLIB$$0.getAuthUrl(<generated>)
	at com.example.pic.Controller.OidcController.getAuthCode(OidcController.java:63)
	at java.base/jdk.internal.reflect.DirectMethodHandleAccessor.invoke(DirectMethodHandleAccessor.java:103)
	at java.base/java.lang.reflect.Method.invoke(Method.java:580)
	at org.springframework.web.method.support.InvocableHandlerMethod.doInvoke(InvocableHandlerMethod.java:258)
	at org.springframework.web.method.support.InvocableHandlerMethod.invokeForRequest(InvocableHandlerMethod.java:191)
	at org.springframework.web.servlet.mvc.method.annotation.ServletInvocableHandlerMethod.invokeAndHandle(ServletInvocableHandlerMethod.java:118)
	at org.springframework.web.servlet.mvc.method.annotation.RequestMappingHandlerAdapter.invokeHandlerMethod(RequestMappingHandlerAdapter.java:991)
	at org.springframework.web.servlet.mvc.method.annotation.RequestMappingHandlerAdapter.handleInternal(RequestMappingHandlerAdapter.java:896)
	at org.springframework.web.servlet.mvc.method.AbstractHandlerMethodAdapter.handle(AbstractHandlerMethodAdapter.java:87)
	at org.springframework.web.servlet.DispatcherServlet.doDispatch(DispatcherServlet.java:1089)
	at org.springframework.web.servlet.DispatcherServlet.doService(DispatcherServlet.java:979)
	at org.springframework.web.servlet.FrameworkServlet.processRequest(FrameworkServlet.java:1014)
	at org.springframework.web.servlet.FrameworkServlet.doGet(FrameworkServlet.java:903)
	at jakarta.servlet.http.HttpServlet.service(HttpServlet.java:564)
	at org.springframework.web.servlet.FrameworkServlet.service(FrameworkServlet.java:885)
	at jakarta.servlet.http.HttpServlet.service(HttpServlet.java:658)
	at org.apache.catalina.core.ApplicationFilterChain.internalDoFilter(ApplicationFilterChain.java:195)
	at org.apache.catalina.core.ApplicationFilterChain.doFilter(ApplicationFilterChain.java:140)
	at org.apache.tomcat.websocket.server.WsFilter.doFilter(WsFilter.java:51)
	at org.apache.catalina.core.ApplicationFilterChain.internalDoFilter(ApplicationFilterChain.java:164)
	at org.apache.catalina.core.ApplicationFilterChain.doFilter(ApplicationFilterChain.java:140)
	at com.example.pic.config.TraceIdFilter.doFilter(TraceIdFilter.java:29)
	at org.apache.catalina.core.ApplicationFilterChain.internalDoFilter(ApplicationFilterChain.java:164)
	at org.apache.catalina.core.ApplicationFilterChain.doFilter(ApplicationFilterChain.java:140)
	at org.springframework.web.filter.RequestContextFilter.doFilterInternal(RequestContextFilter.java:100)
	at org.springframework.web.filter.OncePerRequestFilter.doFilter(OncePerRequestFilter.java:116)
	at org.apache.catalina.core.ApplicationFilterChain.internalDoFilter(ApplicationFilterChain.java:164)
	at org.apache.catalina.core.ApplicationFilterChain.doFilter(ApplicationFilterChain.java:140)
	at org.springframework.web.filter.FormContentFilter.doFilterInternal(FormContentFilter.java:93)
	at org.springframework.web.filter.OncePerRequestFilter.doFilter(OncePerRequestFilter.java:116)
	at org.apache.catalina.core.ApplicationFilterChain.internalDoFilter(ApplicationFilterChain.java:164)
	at org.apache.catalina.core.ApplicationFilterChain.doFilter(ApplicationFilterChain.java:140)
	at org.springframework.web.filter.CharacterEncodingFilter.doFilterInternal(CharacterEncodingFilter.java:201)
	at org.springframework.web.filter.OncePerRequestFilter.doFilter(OncePerRequestFilter.java:116)
	at org.apache.catalina.core.ApplicationFilterChain.internalDoFilter(ApplicationFilterChain.java:164)
	at org.apache.catalina.core.ApplicationFilterChain.doFilter(ApplicationFilterChain.java:140)
	at org.apache.catalina.core.StandardWrapperValve.invoke(StandardWrapperValve.java:167)
	at org.apache.catalina.core.StandardContextValve.invoke(StandardContextValve.java:90)
	at org.apache.catalina.authenticator.AuthenticatorBase.invoke(AuthenticatorBase.java:483)
	at org.apache.catalina.core.StandardHostValve.invoke(StandardHostValve.java:116)
	at org.apache.catalina.valves.ErrorReportValve.invoke(ErrorReportValve.java:93)
	at org.apache.catalina.core.StandardEngineValve.invoke(StandardEngineValve.java:74)
	at org.apache.catalina.connector.CoyoteAdapter.service(CoyoteAdapter.java:344)
	at org.apache.coyote.http11.Http11Processor.service(Http11Processor.java:398)
	at org.apache.coyote.AbstractProcessorLight.process(AbstractProcessorLight.java:63)
	at org.apache.coyote.AbstractProtocol$ConnectionHandler.process(AbstractProtocol.java:903)
	at org.apache.tomcat.util.net.NioEndpoint$SocketProcessor.doRun(NioEndpoint.java:1776)
	at org.apache.tomcat.util.net.SocketProcessorBase.run(SocketProcessorBase.java:52)
	at org.apache.tomcat.util.threads.ThreadPoolExecutor.runWorker(ThreadPoolExecutor.java:975)
	at org.apache.tomcat.util.threads.ThreadPoolExecutor$Worker.run(ThreadPoolExecutor.java:493)
	at org.apache.tomcat.util.threads.TaskThread$WrappingRunnable.run(TaskThread.java:63)
	at java.base/java.lang.Thread.run(Thread.java:1583)
Caused by: java.net.SocketException: Connection reset by peer
	at java.base/sun.nio.ch.SocketDispatcher.write0(Native Method)
	at java.base/sun.nio.ch.SocketDispatcher.write(SocketDispatcher.java:54)
	at java.base/sun.nio.ch.NioSocketImpl.tryWrite(NioSocketImpl.java:394)
	at java.base/sun.nio.ch.NioSocketImpl.implWrite(NioSocketImpl.java:410)
	at java.base/sun.nio.ch.NioSocketImpl.write(NioSocketImpl.java:440)
	at java.base/sun.nio.ch.NioSocketImpl$2.write(NioSocketImpl.java:819)
	at java.base/java.net.Socket$SocketOutputStream.write(Socket.java:1195)
	at org.postgresql.util.internal.PgBufferedOutputStream.flushBuffer(PgBufferedOutputStream.java:41)
	at org.postgresql.util.internal.PgBufferedOutputStream.flush(PgBufferedOutputStream.java:48)
	at org.postgresql.core.PGStream.flush(PGStream.java:708)
	at org.postgresql.core.v3.QueryExecutorImpl.sendSimpleQuery(QueryExecutorImpl.java:2063)
	at org.postgresql.core.v3.QueryExecutorImpl.sendOneQuery(QueryExecutorImpl.java:1944)
	at org.postgresql.core.v3.QueryExecutorImpl.sendQueryPreamble(QueryExecutorImpl.java:624)
	at org.postgresql.core.v3.QueryExecutorImpl.execute(QueryExecutorImpl.java:362)
	... 120 common frames omitted
2025-11-26 16:24:45.321 | WARN  | traceId=18d43e95-3081-420b-9d6e-1a04cec8eab7 | o.h.e.j.spi.SqlExceptionHelper.logExceptions | SQL Error: 0, SQLState: 08006
2025-11-26 16:24:45.321 | ERROR | traceId=18d43e95-3081-420b-9d6e-1a04cec8eab7 | o.h.e.j.spi.SqlExceptionHelper.logExceptions | An I/O error occurred while sending to the backend.
2025-11-26 16:24:45.322 | ERROR | traceId=18d43e95-3081-420b-9d6e-1a04cec8eab7 | o.s.t.i.TransactionAspectSupport.completeTransactionAfterThrowing | Application exception overridden by rollback exception
org.hibernate.exception.JDBCConnectionException: could not execute statement [An I/O error occurred while sending to the backend.] [insert into oauth_authorize_request (client_id,code_challenge,code_challenge_method,created_at,redirect_uri,scope,state) values (?,?,?,?,?,?,?)]
	at org.hibernate.exception.internal.SQLStateConversionDelegate.convert(SQLStateConversionDelegate.java:100)
	at org.hibernate.exception.internal.StandardSQLExceptionConverter.convert(StandardSQLExceptionConverter.java:58)
	at org.hibernate.engine.jdbc.spi.SqlExceptionHelper.convert(SqlExceptionHelper.java:108)
	at org.hibernate.engine.jdbc.internal.ResultSetReturnImpl.executeUpdate(ResultSetReturnImpl.java:197)
	at org.hibernate.id.insert.GetGeneratedKeysDelegate.performMutation(GetGeneratedKeysDelegate.java:116)
	at org.hibernate.engine.jdbc.mutation.internal.MutationExecutorSingleNonBatched.performNonBatchedOperations(MutationExecutorSingleNonBatched.java:47)
	at org.hibernate.engine.jdbc.mutation.internal.AbstractMutationExecutor.execute(AbstractMutationExecutor.java:55)
	at org.hibernate.persister.entity.mutation.InsertCoordinatorStandard.doStaticInserts(InsertCoordinatorStandard.java:194)
	at org.hibernate.persister.entity.mutation.InsertCoordinatorStandard.coordinateInsert(InsertCoordinatorStandard.java:132)
	at org.hibernate.persister.entity.mutation.InsertCoordinatorStandard.insert(InsertCoordinatorStandard.java:95)
	at org.hibernate.action.internal.EntityIdentityInsertAction.execute(EntityIdentityInsertAction.java:85)
	at org.hibernate.engine.spi.ActionQueue.execute(ActionQueue.java:682)
	at org.hibernate.engine.spi.ActionQueue.addResolvedEntityInsertAction(ActionQueue.java:293)
	at org.hibernate.engine.spi.ActionQueue.addInsertAction(ActionQueue.java:274)
	at org.hibernate.engine.spi.ActionQueue.addAction(ActionQueue.java:324)
	at org.hibernate.event.internal.AbstractSaveEventListener.addInsertAction(AbstractSaveEventListener.java:394)
	at org.hibernate.event.internal.AbstractSaveEventListener.performSaveOrReplicate(AbstractSaveEventListener.java:308)
	at org.hibernate.event.internal.AbstractSaveEventListener.performSave(AbstractSaveEventListener.java:224)
	at org.hibernate.event.internal.AbstractSaveEventListener.saveWithGeneratedId(AbstractSaveEventListener.java:136)
	at org.hibernate.event.internal.DefaultPersistEventListener.entityIsTransient(DefaultPersistEventListener.java:177)
	at org.hibernate.event.internal.DefaultPersistEventListener.persist(DefaultPersistEventListener.java:95)
	at org.hibernate.event.internal.DefaultPersistEventListener.onPersist(DefaultPersistEventListener.java:79)
	at org.hibernate.event.internal.DefaultPersistEventListener.onPersist(DefaultPersistEventListener.java:55)
	at org.hibernate.event.service.internal.EventListenerGroupImpl.fireEventOnEachListener(EventListenerGroupImpl.java:127)
	at org.hibernate.internal.SessionImpl.firePersist(SessionImpl.java:761)
	at org.hibernate.internal.SessionImpl.persist(SessionImpl.java:745)
	at java.base/jdk.internal.reflect.DirectMethodHandleAccessor.invoke(DirectMethodHandleAccessor.java:103)
	at java.base/java.lang.reflect.Method.invoke(Method.java:580)
	at org.springframework.orm.jpa.ExtendedEntityManagerCreator$ExtendedEntityManagerInvocationHandler.invoke(ExtendedEntityManagerCreator.java:364)
	at jdk.proxy2/jdk.proxy2.$Proxy118.persist(Unknown Source)
	at java.base/jdk.internal.reflect.DirectMethodHandleAccessor.invoke(DirectMethodHandleAccessor.java:103)
	at java.base/java.lang.reflect.Method.invoke(Method.java:580)
	at org.springframework.orm.jpa.SharedEntityManagerCreator$SharedEntityManagerInvocationHandler.invoke(SharedEntityManagerCreator.java:320)
	at jdk.proxy2/jdk.proxy2.$Proxy118.persist(Unknown Source)
	at org.springframework.data.jpa.repository.support.SimpleJpaRepository.save(SimpleJpaRepository.java:654)
	at java.base/jdk.internal.reflect.DirectMethodHandleAccessor.invoke(DirectMethodHandleAccessor.java:103)
	at java.base/java.lang.reflect.Method.invoke(Method.java:580)
	at org.springframework.aop.support.AopUtils.invokeJoinpointUsingReflection(AopUtils.java:360)
	at org.springframework.data.repository.core.support.RepositoryMethodInvoker$RepositoryFragmentMethodInvoker.lambda$new$0(RepositoryMethodInvoker.java:277)
	at org.springframework.data.repository.core.support.RepositoryMethodInvoker.doInvoke(RepositoryMethodInvoker.java:170)
	at org.springframework.data.repository.core.support.RepositoryMethodInvoker.invoke(RepositoryMethodInvoker.java:158)
	at org.springframework.data.repository.core.support.RepositoryComposition$RepositoryFragments.invoke(RepositoryComposition.java:515)
	at org.springframework.data.repository.core.support.RepositoryComposition.invoke(RepositoryComposition.java:284)
	at org.springframework.data.repository.core.support.RepositoryFactorySupport$ImplementationMethodExecutionInterceptor.invoke(RepositoryFactorySupport.java:734)
	at org.springframework.aop.framework.ReflectiveMethodInvocation.proceed(ReflectiveMethodInvocation.java:184)
	at org.springframework.data.repository.core.support.QueryExecutorMethodInterceptor.doInvoke(QueryExecutorMethodInterceptor.java:174)
	at org.springframework.data.repository.core.support.QueryExecutorMethodInterceptor.invoke(QueryExecutorMethodInterceptor.java:149)
	at org.springframework.aop.framework.ReflectiveMethodInvocation.proceed(ReflectiveMethodInvocation.java:184)
	at org.springframework.data.projection.DefaultMethodInvokingMethodInterceptor.invoke(DefaultMethodInvokingMethodInterceptor.java:69)
	at org.springframework.aop.framework.ReflectiveMethodInvocation.proceed(ReflectiveMethodInvocation.java:184)
	at org.springframework.transaction.interceptor.TransactionAspectSupport.invokeWithinTransaction(TransactionAspectSupport.java:380)
	at org.springframework.transaction.interceptor.TransactionInterceptor.invoke(TransactionInterceptor.java:119)
	at org.springframework.aop.framework.ReflectiveMethodInvocation.proceed(ReflectiveMethodInvocation.java:184)
	at org.springframework.dao.support.PersistenceExceptionTranslationInterceptor.invoke(PersistenceExceptionTranslationInterceptor.java:138)
	at org.springframework.aop.framework.ReflectiveMethodInvocation.proceed(ReflectiveMethodInvocation.java:184)
	at org.springframework.data.jpa.repository.support.CrudMethodMetadataPostProcessor$CrudMethodMetadataPopulatingMethodInterceptor.invoke(CrudMethodMetadataPostProcessor.java:165)
	at org.springframework.aop.framework.ReflectiveMethodInvocation.proceed(ReflectiveMethodInvocation.java:184)
	at org.springframework.aop.framework.JdkDynamicAopProxy.invoke(JdkDynamicAopProxy.java:223)
	at jdk.proxy2/jdk.proxy2.$Proxy126.save(Unknown Source)
	at com.example.pic.ServiceImpl.OauthImpl.getAuthUrl(OauthImpl.java:170)
	at java.base/jdk.internal.reflect.DirectMethodHandleAccessor.invoke(DirectMethodHandleAccessor.java:103)
	at java.base/java.lang.reflect.Method.invoke(Method.java:580)
	at org.springframework.aop.support.AopUtils.invokeJoinpointUsingReflection(AopUtils.java:360)
	at org.springframework.aop.framework.CglibAopProxy$DynamicAdvisedInterceptor.intercept(CglibAopProxy.java:724)
	at com.example.pic.ServiceImpl.OauthImpl$$SpringCGLIB$$0.getAuthUrl(<generated>)
	at com.example.pic.Controller.OidcController.getAuthCode(OidcController.java:63)
	at java.base/jdk.internal.reflect.DirectMethodHandleAccessor.invoke(DirectMethodHandleAccessor.java:103)
	at java.base/java.lang.reflect.Method.invoke(Method.java:580)
	at org.springframework.web.method.support.InvocableHandlerMethod.doInvoke(InvocableHandlerMethod.java:258)
	at org.springframework.web.method.support.InvocableHandlerMethod.invokeForRequest(InvocableHandlerMethod.java:191)
	at org.springframework.web.servlet.mvc.method.annotation.ServletInvocableHandlerMethod.invokeAndHandle(ServletInvocableHandlerMethod.java:118)
	at org.springframework.web.servlet.mvc.method.annotation.RequestMappingHandlerAdapter.invokeHandlerMethod(RequestMappingHandlerAdapter.java:991)
	at org.springframework.web.servlet.mvc.method.annotation.RequestMappingHandlerAdapter.handleInternal(RequestMappingHandlerAdapter.java:896)
	at org.springframework.web.servlet.mvc.method.AbstractHandlerMethodAdapter.handle(AbstractHandlerMethodAdapter.java:87)
	at org.springframework.web.servlet.DispatcherServlet.doDispatch(DispatcherServlet.java:1089)
	at org.springframework.web.servlet.DispatcherServlet.doService(DispatcherServlet.java:979)
	at org.springframework.web.servlet.FrameworkServlet.processRequest(FrameworkServlet.java:1014)
	at org.springframework.web.servlet.FrameworkServlet.doGet(FrameworkServlet.java:903)
	at jakarta.servlet.http.HttpServlet.service(HttpServlet.java:564)
	at org.springframework.web.servlet.FrameworkServlet.service(FrameworkServlet.java:885)
	at jakarta.servlet.http.HttpServlet.service(HttpServlet.java:658)
	at org.apache.catalina.core.ApplicationFilterChain.internalDoFilter(ApplicationFilterChain.java:195)
	at org.apache.catalina.core.ApplicationFilterChain.doFilter(ApplicationFilterChain.java:140)
	at org.apache.tomcat.websocket.server.WsFilter.doFilter(WsFilter.java:51)
	at org.apache.catalina.core.ApplicationFilterChain.internalDoFilter(ApplicationFilterChain.java:164)
	at org.apache.catalina.core.ApplicationFilterChain.doFilter(ApplicationFilterChain.java:140)
	at com.example.pic.config.TraceIdFilter.doFilter(TraceIdFilter.java:29)
	at org.apache.catalina.core.ApplicationFilterChain.internalDoFilter(ApplicationFilterChain.java:164)
	at org.apache.catalina.core.ApplicationFilterChain.doFilter(ApplicationFilterChain.java:140)
	at org.springframework.web.filter.RequestContextFilter.doFilterInternal(RequestContextFilter.java:100)
	at org.springframework.web.filter.OncePerRequestFilter.doFilter(OncePerRequestFilter.java:116)
	at org.apache.catalina.core.ApplicationFilterChain.internalDoFilter(ApplicationFilterChain.java:164)
	at org.apache.catalina.core.ApplicationFilterChain.doFilter(ApplicationFilterChain.java:140)
	at org.springframework.web.filter.FormContentFilter.doFilterInternal(FormContentFilter.java:93)
	at org.springframework.web.filter.OncePerRequestFilter.doFilter(OncePerRequestFilter.java:116)
	at org.apache.catalina.core.ApplicationFilterChain.internalDoFilter(ApplicationFilterChain.java:164)
	at org.apache.catalina.core.ApplicationFilterChain.doFilter(ApplicationFilterChain.java:140)
	at org.springframework.web.filter.CharacterEncodingFilter.doFilterInternal(CharacterEncodingFilter.java:201)
	at org.springframework.web.filter.OncePerRequestFilter.doFilter(OncePerRequestFilter.java:116)
	at org.apache.catalina.core.ApplicationFilterChain.internalDoFilter(ApplicationFilterChain.java:164)
	at org.apache.catalina.core.ApplicationFilterChain.doFilter(ApplicationFilterChain.java:140)
	at org.apache.catalina.core.StandardWrapperValve.invoke(StandardWrapperValve.java:167)
	at org.apache.catalina.core.StandardContextValve.invoke(StandardContextValve.java:90)
	at org.apache.catalina.authenticator.AuthenticatorBase.invoke(AuthenticatorBase.java:483)
	at org.apache.catalina.core.StandardHostValve.invoke(StandardHostValve.java:116)
	at org.apache.catalina.valves.ErrorReportValve.invoke(ErrorReportValve.java:93)
	at org.apache.catalina.core.StandardEngineValve.invoke(StandardEngineValve.java:74)
	at org.apache.catalina.connector.CoyoteAdapter.service(CoyoteAdapter.java:344)
	at org.apache.coyote.http11.Http11Processor.service(Http11Processor.java:398)
	at org.apache.coyote.AbstractProcessorLight.process(AbstractProcessorLight.java:63)
	at org.apache.coyote.AbstractProtocol$ConnectionHandler.process(AbstractProtocol.java:903)
	at org.apache.tomcat.util.net.NioEndpoint$SocketProcessor.doRun(NioEndpoint.java:1776)
	at org.apache.tomcat.util.net.SocketProcessorBase.run(SocketProcessorBase.java:52)
	at org.apache.tomcat.util.threads.ThreadPoolExecutor.runWorker(ThreadPoolExecutor.java:975)
	at org.apache.tomcat.util.threads.ThreadPoolExecutor$Worker.run(ThreadPoolExecutor.java:493)
	at org.apache.tomcat.util.threads.TaskThread$WrappingRunnable.run(TaskThread.java:63)
	at java.base/java.lang.Thread.run(Thread.java:1583)
Caused by: org.postgresql.util.PSQLException: An I/O error occurred while sending to the backend.
	at org.postgresql.core.v3.QueryExecutorImpl.execute(QueryExecutorImpl.java:399)
	at org.postgresql.jdbc.PgStatement.executeInternal(PgStatement.java:518)
	at org.postgresql.jdbc.PgStatement.execute(PgStatement.java:435)
	at org.postgresql.jdbc.PgPreparedStatement.executeWithFlags(PgPreparedStatement.java:196)
	at org.postgresql.jdbc.PgPreparedStatement.executeUpdate(PgPreparedStatement.java:157)
	at com.zaxxer.hikari.pool.ProxyPreparedStatement.executeUpdate(ProxyPreparedStatement.java:61)
	at com.zaxxer.hikari.pool.HikariProxyPreparedStatement.executeUpdate(HikariProxyPreparedStatement.java)
	at org.hibernate.engine.jdbc.internal.ResultSetReturnImpl.executeUpdate(ResultSetReturnImpl.java:194)
	... 113 common frames omitted
Caused by: java.net.SocketException: Connection reset by peer
	at java.base/sun.nio.ch.SocketDispatcher.write0(Native Method)
	at java.base/sun.nio.ch.SocketDispatcher.write(SocketDispatcher.java:54)
	at java.base/sun.nio.ch.NioSocketImpl.tryWrite(NioSocketImpl.java:394)
	at java.base/sun.nio.ch.NioSocketImpl.implWrite(NioSocketImpl.java:410)
	at java.base/sun.nio.ch.NioSocketImpl.write(NioSocketImpl.java:440)
	at java.base/sun.nio.ch.NioSocketImpl$2.write(NioSocketImpl.java:819)
	at java.base/java.net.Socket$SocketOutputStream.write(Socket.java:1195)
	at org.postgresql.util.internal.PgBufferedOutputStream.flushBuffer(PgBufferedOutputStream.java:41)
	at org.postgresql.util.internal.PgBufferedOutputStream.flush(PgBufferedOutputStream.java:48)
	at org.postgresql.core.PGStream.flush(PGStream.java:708)
	at org.postgresql.core.v3.QueryExecutorImpl.sendSimpleQuery(QueryExecutorImpl.java:2063)
	at org.postgresql.core.v3.QueryExecutorImpl.sendOneQuery(QueryExecutorImpl.java:1944)
	at org.postgresql.core.v3.QueryExecutorImpl.sendQueryPreamble(QueryExecutorImpl.java:624)
	at org.postgresql.core.v3.QueryExecutorImpl.execute(QueryExecutorImpl.java:362)
	... 120 common frames omitted
2025-11-26 16:24:45.324 | ERROR | traceId=18d43e95-3081-420b-9d6e-1a04cec8eab7 | c.e.pic.ServiceImpl.OauthImpl.getAuthUrl | 寫入 OauthAuthorizeRequestTb 發生錯誤
org.springframework.orm.jpa.JpaSystemException: Unable to rollback against JDBC Connection
	at org.springframework.orm.jpa.vendor.HibernateJpaDialect.convertHibernateAccessException(HibernateJpaDialect.java:348)
	at org.springframework.orm.jpa.vendor.HibernateJpaDialect.convertHibernateAccessException(HibernateJpaDialect.java:256)
	at org.springframework.orm.jpa.vendor.HibernateJpaDialect.translateExceptionIfPossible(HibernateJpaDialect.java:241)
	at org.springframework.orm.jpa.JpaTransactionManager.doRollback(JpaTransactionManager.java:594)
	at org.springframework.transaction.support.AbstractPlatformTransactionManager.processRollback(AbstractPlatformTransactionManager.java:897)
	at org.springframework.transaction.support.AbstractPlatformTransactionManager.rollback(AbstractPlatformTransactionManager.java:866)
	at org.springframework.transaction.interceptor.TransactionAspectSupport.completeTransactionAfterThrowing(TransactionAspectSupport.java:716)
	at org.springframework.transaction.interceptor.TransactionAspectSupport.invokeWithinTransaction(TransactionAspectSupport.java:384)
	at org.springframework.transaction.interceptor.TransactionInterceptor.invoke(TransactionInterceptor.java:119)
	at org.springframework.aop.framework.ReflectiveMethodInvocation.proceed(ReflectiveMethodInvocation.java:184)
	at org.springframework.dao.support.PersistenceExceptionTranslationInterceptor.invoke(PersistenceExceptionTranslationInterceptor.java:138)
	at org.springframework.aop.framework.ReflectiveMethodInvocation.proceed(ReflectiveMethodInvocation.java:184)
	at org.springframework.data.jpa.repository.support.CrudMethodMetadataPostProcessor$CrudMethodMetadataPopulatingMethodInterceptor.invoke(CrudMethodMetadataPostProcessor.java:165)
	at org.springframework.aop.framework.ReflectiveMethodInvocation.proceed(ReflectiveMethodInvocation.java:184)
	at org.springframework.aop.framework.JdkDynamicAopProxy.invoke(JdkDynamicAopProxy.java:223)
	at jdk.proxy2/jdk.proxy2.$Proxy126.save(Unknown Source)
	at com.example.pic.ServiceImpl.OauthImpl.getAuthUrl(OauthImpl.java:170)
	at java.base/jdk.internal.reflect.DirectMethodHandleAccessor.invoke(DirectMethodHandleAccessor.java:103)
	at java.base/java.lang.reflect.Method.invoke(Method.java:580)
	at org.springframework.aop.support.AopUtils.invokeJoinpointUsingReflection(AopUtils.java:360)
	at org.springframework.aop.framework.CglibAopProxy$DynamicAdvisedInterceptor.intercept(CglibAopProxy.java:724)
	at com.example.pic.ServiceImpl.OauthImpl$$SpringCGLIB$$0.getAuthUrl(<generated>)
	at com.example.pic.Controller.OidcController.getAuthCode(OidcController.java:63)
	at java.base/jdk.internal.reflect.DirectMethodHandleAccessor.invoke(DirectMethodHandleAccessor.java:103)
	at java.base/java.lang.reflect.Method.invoke(Method.java:580)
	at org.springframework.web.method.support.InvocableHandlerMethod.doInvoke(InvocableHandlerMethod.java:258)
	at org.springframework.web.method.support.InvocableHandlerMethod.invokeForRequest(InvocableHandlerMethod.java:191)
	at org.springframework.web.servlet.mvc.method.annotation.ServletInvocableHandlerMethod.invokeAndHandle(ServletInvocableHandlerMethod.java:118)
	at org.springframework.web.servlet.mvc.method.annotation.RequestMappingHandlerAdapter.invokeHandlerMethod(RequestMappingHandlerAdapter.java:991)
	at org.springframework.web.servlet.mvc.method.annotation.RequestMappingHandlerAdapter.handleInternal(RequestMappingHandlerAdapter.java:896)
	at org.springframework.web.servlet.mvc.method.AbstractHandlerMethodAdapter.handle(AbstractHandlerMethodAdapter.java:87)
	at org.springframework.web.servlet.DispatcherServlet.doDispatch(DispatcherServlet.java:1089)
	at org.springframework.web.servlet.DispatcherServlet.doService(DispatcherServlet.java:979)
	at org.springframework.web.servlet.FrameworkServlet.processRequest(FrameworkServlet.java:1014)
	at org.springframework.web.servlet.FrameworkServlet.doGet(FrameworkServlet.java:903)
	at jakarta.servlet.http.HttpServlet.service(HttpServlet.java:564)
	at org.springframework.web.servlet.FrameworkServlet.service(FrameworkServlet.java:885)
	at jakarta.servlet.http.HttpServlet.service(HttpServlet.java:658)
	at org.apache.catalina.core.ApplicationFilterChain.internalDoFilter(ApplicationFilterChain.java:195)
	at org.apache.catalina.core.ApplicationFilterChain.doFilter(ApplicationFilterChain.java:140)
	at org.apache.tomcat.websocket.server.WsFilter.doFilter(WsFilter.java:51)
	at org.apache.catalina.core.ApplicationFilterChain.internalDoFilter(ApplicationFilterChain.java:164)
	at org.apache.catalina.core.ApplicationFilterChain.doFilter(ApplicationFilterChain.java:140)
	at com.example.pic.config.TraceIdFilter.doFilter(TraceIdFilter.java:29)
	at org.apache.catalina.core.ApplicationFilterChain.internalDoFilter(ApplicationFilterChain.java:164)
	at org.apache.catalina.core.ApplicationFilterChain.doFilter(ApplicationFilterChain.java:140)
	at org.springframework.web.filter.RequestContextFilter.doFilterInternal(RequestContextFilter.java:100)
	at org.springframework.web.filter.OncePerRequestFilter.doFilter(OncePerRequestFilter.java:116)
	at org.apache.catalina.core.ApplicationFilterChain.internalDoFilter(ApplicationFilterChain.java:164)
	at org.apache.catalina.core.ApplicationFilterChain.doFilter(ApplicationFilterChain.java:140)
	at org.springframework.web.filter.FormContentFilter.doFilterInternal(FormContentFilter.java:93)
	at org.springframework.web.filter.OncePerRequestFilter.doFilter(OncePerRequestFilter.java:116)
	at org.apache.catalina.core.ApplicationFilterChain.internalDoFilter(ApplicationFilterChain.java:164)
	at org.apache.catalina.core.ApplicationFilterChain.doFilter(ApplicationFilterChain.java:140)
	at org.springframework.web.filter.CharacterEncodingFilter.doFilterInternal(CharacterEncodingFilter.java:201)
	at org.springframework.web.filter.OncePerRequestFilter.doFilter(OncePerRequestFilter.java:116)
	at org.apache.catalina.core.ApplicationFilterChain.internalDoFilter(ApplicationFilterChain.java:164)
	at org.apache.catalina.core.ApplicationFilterChain.doFilter(ApplicationFilterChain.java:140)
	at org.apache.catalina.core.StandardWrapperValve.invoke(StandardWrapperValve.java:167)
	at org.apache.catalina.core.StandardContextValve.invoke(StandardContextValve.java:90)
	at org.apache.catalina.authenticator.AuthenticatorBase.invoke(AuthenticatorBase.java:483)
	at org.apache.catalina.core.StandardHostValve.invoke(StandardHostValve.java:116)
	at org.apache.catalina.valves.ErrorReportValve.invoke(ErrorReportValve.java:93)
	at org.apache.catalina.core.StandardEngineValve.invoke(StandardEngineValve.java:74)
	at org.apache.catalina.connector.CoyoteAdapter.service(CoyoteAdapter.java:344)
	at org.apache.coyote.http11.Http11Processor.service(Http11Processor.java:398)
	at org.apache.coyote.AbstractProcessorLight.process(AbstractProcessorLight.java:63)
	at org.apache.coyote.AbstractProtocol$ConnectionHandler.process(AbstractProtocol.java:903)
	at org.apache.tomcat.util.net.NioEndpoint$SocketProcessor.doRun(NioEndpoint.java:1776)
	at org.apache.tomcat.util.net.SocketProcessorBase.run(SocketProcessorBase.java:52)
	at org.apache.tomcat.util.threads.ThreadPoolExecutor.runWorker(ThreadPoolExecutor.java:975)
	at org.apache.tomcat.util.threads.ThreadPoolExecutor$Worker.run(ThreadPoolExecutor.java:493)
	at org.apache.tomcat.util.threads.TaskThread$WrappingRunnable.run(TaskThread.java:63)
	at java.base/java.lang.Thread.run(Thread.java:1583)
Caused by: org.hibernate.TransactionException: Unable to rollback against JDBC Connection
	at org.hibernate.resource.jdbc.internal.AbstractLogicalConnectionImplementor.rollback(AbstractLogicalConnectionImplementor.java:137)
	at org.hibernate.resource.transaction.backend.jdbc.internal.JdbcResourceLocalTransactionCoordinatorImpl$TransactionDriverControlImpl.rollback(JdbcResourceLocalTransactionCoordinatorImpl.java:289)
	at org.hibernate.engine.transaction.internal.TransactionImpl.rollback(TransactionImpl.java:142)
	at org.springframework.orm.jpa.JpaTransactionManager.doRollback(JpaTransactionManager.java:590)
	... 70 common frames omitted
Caused by: java.sql.SQLException: Connection is closed
	at com.zaxxer.hikari.pool.ProxyConnection$ClosedConnection.lambda$getClosedConnection$0(ProxyConnection.java:562)
	at jdk.proxy3/jdk.proxy3.$Proxy96.rollback(Unknown Source)
	at com.zaxxer.hikari.pool.ProxyConnection.rollback(ProxyConnection.java:386)
	at com.zaxxer.hikari.pool.HikariProxyConnection.rollback(HikariProxyConnection.java)
	at org.hibernate.resource.jdbc.internal.AbstractLogicalConnectionImplementor.rollback(AbstractLogicalConnectionImplementor.java:127)
	... 73 common frames omitted
2025-11-26 16:24:54.090 | INFO  | traceId=18d43e95-3081-420b-9d6e-1a04cec8eab7 | c.e.p.c.RequestLogInterceptor.afterCompletion | API: GET /api/oauth/authorize | Status=200 | 耗時=19793ms
2025-11-26 16:24:54.137 | INFO  | traceId=0a4972e4-5e50-43af-94a3-b8ee082b07c6 | c.e.p.c.RequestLogInterceptor.afterCompletion | API: GET /favicon.ico | Status=200 | 耗時=5ms
2025-11-26 16:25:37.357 | INFO  | traceId=07060e73-c35a-4832-8ee3-215166deed59 | c.e.pic.ServiceImpl.OauthImpl.getAuthUrl | 開始接收授權 url
2025-11-26 16:25:37.362 | WARN  | traceId=07060e73-c35a-4832-8ee3-215166deed59 | c.zaxxer.hikari.pool.PoolBase.isConnectionDead | HikariPool-1 - Failed to validate connection org.postgresql.jdbc.PgConnection@4064d4c1 (This connection has been closed.). Possibly consider using a shorter maxLifetime value.
2025-11-26 16:25:37.365 | WARN  | traceId=07060e73-c35a-4832-8ee3-215166deed59 | c.zaxxer.hikari.pool.PoolBase.isConnectionDead | HikariPool-1 - Failed to validate connection org.postgresql.jdbc.PgConnection@2f126c68 (This connection has been closed.). Possibly consider using a shorter maxLifetime value.
2025-11-26 16:25:37.368 | WARN  | traceId=07060e73-c35a-4832-8ee3-215166deed59 | c.zaxxer.hikari.pool.PoolBase.isConnectionDead | HikariPool-1 - Failed to validate connection org.postgresql.jdbc.PgConnection@1552e81f (This connection has been closed.). Possibly consider using a shorter maxLifetime value.
2025-11-26 16:25:37.369 | WARN  | traceId=07060e73-c35a-4832-8ee3-215166deed59 | c.zaxxer.hikari.pool.PoolBase.isConnectionDead | HikariPool-1 - Failed to validate connection org.postgresql.jdbc.PgConnection@73f6f4a8 (This connection has been closed.). Possibly consider using a shorter maxLifetime value.
2025-11-26 16:25:37.371 | WARN  | traceId=07060e73-c35a-4832-8ee3-215166deed59 | c.zaxxer.hikari.pool.PoolBase.isConnectionDead | HikariPool-1 - Failed to validate connection org.postgresql.jdbc.PgConnection@6f11d741 (This connection has been closed.). Possibly consider using a shorter maxLifetime value.
2025-11-26 16:25:37.372 | WARN  | traceId=07060e73-c35a-4832-8ee3-215166deed59 | c.zaxxer.hikari.pool.PoolBase.isConnectionDead | HikariPool-1 - Failed to validate connection org.postgresql.jdbc.PgConnection@53dc97e7 (This connection has been closed.). Possibly consider using a shorter maxLifetime value.
2025-11-26 16:25:37.376 | WARN  | traceId=07060e73-c35a-4832-8ee3-215166deed59 | c.zaxxer.hikari.pool.PoolBase.isConnectionDead | HikariPool-1 - Failed to validate connection org.postgresql.jdbc.PgConnection@514c9f93 (This connection has been closed.). Possibly consider using a shorter maxLifetime value.
2025-11-26 16:25:37.382 | INFO  | traceId=13367e7f-4c56-4ef2-a6d3-8572adef0380 | c.e.pic.ServiceImpl.OauthImpl.getAuthUrl | 開始接收授權 url
2025-11-26 16:25:37.379 | WARN  | traceId=07060e73-c35a-4832-8ee3-215166deed59 | c.zaxxer.hikari.pool.PoolBase.isConnectionDead | HikariPool-1 - Failed to validate connection org.postgresql.jdbc.PgConnection@15db62a6 (This connection has been closed.). Possibly consider using a shorter maxLifetime value.
2025-11-26 16:25:37.385 | WARN  | traceId=07060e73-c35a-4832-8ee3-215166deed59 | c.zaxxer.hikari.pool.PoolBase.isConnectionDead | HikariPool-1 - Failed to validate connection org.postgresql.jdbc.PgConnection@74111483 (This connection has been closed.). Possibly consider using a shorter maxLifetime value.
2025-11-26 16:25:37.388 | INFO  | traceId=5f453a8b-a8ef-4dcc-8250-d21e46663f16 | c.e.pic.ServiceImpl.OauthImpl.getAuthUrl | 開始接收授權 url
2025-11-26 16:25:37.391 | INFO  | traceId=13367e7f-4c56-4ef2-a6d3-8572adef0380 | c.e.pic.ServiceImpl.OauthImpl.tryAutoLogin | 開始驗證是否免登入
2025-11-26 16:25:37.393 | WARN  | traceId=13367e7f-4c56-4ef2-a6d3-8572adef0380 | c.e.pic.ServiceImpl.OauthImpl.tryAutoLogin | 找不到sessionID
2025-11-26 16:25:37.396 | INFO  | traceId=b137c967-2a01-47c3-b5ef-d1b0712f2410 | c.e.pic.ServiceImpl.OauthImpl.getAuthUrl | 開始接收授權 url
2025-11-26 16:25:37.427 | INFO  | traceId=5adaabfc-8d21-42a6-a4c6-0a433532122b | c.e.pic.ServiceImpl.OauthImpl.getAuthUrl | 開始接收授權 url
2025-11-26 16:25:37.433 | INFO  | traceId=f5326e3e-651f-426b-9ee6-6644d478886e | c.e.pic.ServiceImpl.OauthImpl.getAuthUrl | 開始接收授權 url
2025-11-26 16:25:37.477 | INFO  | traceId=f3255902-b1e0-4250-a499-5adc47b32bf1 | c.e.pic.ServiceImpl.OauthImpl.getAuthUrl | 開始接收授權 url
2025-11-26 16:25:37.555 | INFO  | traceId=07060e73-c35a-4832-8ee3-215166deed59 | c.e.pic.ServiceImpl.OauthImpl.tryAutoLogin | 開始驗證是否免登入
2025-11-26 16:25:37.555 | WARN  | traceId=07060e73-c35a-4832-8ee3-215166deed59 | c.e.pic.ServiceImpl.OauthImpl.tryAutoLogin | 找不到sessionID
2025-11-26 16:25:37.861 | INFO  | traceId=5f453a8b-a8ef-4dcc-8250-d21e46663f16 | c.e.pic.ServiceImpl.OauthImpl.tryAutoLogin | 開始驗證是否免登入
2025-11-26 16:25:37.862 | WARN  | traceId=5f453a8b-a8ef-4dcc-8250-d21e46663f16 | c.e.pic.ServiceImpl.OauthImpl.tryAutoLogin | 找不到sessionID
2025-11-26 16:25:38.044 | INFO  | traceId=b137c967-2a01-47c3-b5ef-d1b0712f2410 | c.e.pic.ServiceImpl.OauthImpl.tryAutoLogin | 開始驗證是否免登入
2025-11-26 16:25:38.045 | WARN  | traceId=b137c967-2a01-47c3-b5ef-d1b0712f2410 | c.e.pic.ServiceImpl.OauthImpl.tryAutoLogin | 找不到sessionID
2025-11-26 16:25:38.224 | INFO  | traceId=5adaabfc-8d21-42a6-a4c6-0a433532122b | c.e.pic.ServiceImpl.OauthImpl.tryAutoLogin | 開始驗證是否免登入
2025-11-26 16:25:38.224 | WARN  | traceId=5adaabfc-8d21-42a6-a4c6-0a433532122b | c.e.pic.ServiceImpl.OauthImpl.tryAutoLogin | 找不到sessionID
2025-11-26 16:25:38.404 | INFO  | traceId=f5326e3e-651f-426b-9ee6-6644d478886e | c.e.pic.ServiceImpl.OauthImpl.tryAutoLogin | 開始驗證是否免登入
2025-11-26 16:25:38.405 | WARN  | traceId=f5326e3e-651f-426b-9ee6-6644d478886e | c.e.pic.ServiceImpl.OauthImpl.tryAutoLogin | 找不到sessionID
2025-11-26 16:25:38.589 | INFO  | traceId=f3255902-b1e0-4250-a499-5adc47b32bf1 | c.e.pic.ServiceImpl.OauthImpl.tryAutoLogin | 開始驗證是否免登入
2025-11-26 16:25:38.590 | WARN  | traceId=f3255902-b1e0-4250-a499-5adc47b32bf1 | c.e.pic.ServiceImpl.OauthImpl.tryAutoLogin | 找不到sessionID
2025-11-26 16:25:46.929 | WARN  | traceId=13367e7f-4c56-4ef2-a6d3-8572adef0380 | c.z.h.pool.ProxyConnection.checkException | HikariPool-1 - Connection org.postgresql.jdbc.PgConnection@312d29a1 marked as broken because of SQLSTATE(08006), ErrorCode(0)
org.postgresql.util.PSQLException: An I/O error occurred while sending to the backend.
	at org.postgresql.core.v3.QueryExecutorImpl.execute(QueryExecutorImpl.java:399)
	at org.postgresql.jdbc.PgStatement.executeInternal(PgStatement.java:518)
	at org.postgresql.jdbc.PgStatement.execute(PgStatement.java:435)
	at org.postgresql.jdbc.PgPreparedStatement.executeWithFlags(PgPreparedStatement.java:196)
	at org.postgresql.jdbc.PgPreparedStatement.executeUpdate(PgPreparedStatement.java:157)
	at com.zaxxer.hikari.pool.ProxyPreparedStatement.executeUpdate(ProxyPreparedStatement.java:61)
	at com.zaxxer.hikari.pool.HikariProxyPreparedStatement.executeUpdate(HikariProxyPreparedStatement.java)
	at org.hibernate.engine.jdbc.internal.ResultSetReturnImpl.executeUpdate(ResultSetReturnImpl.java:194)
	at org.hibernate.id.insert.GetGeneratedKeysDelegate.performMutation(GetGeneratedKeysDelegate.java:116)
	at org.hibernate.engine.jdbc.mutation.internal.MutationExecutorSingleNonBatched.performNonBatchedOperations(MutationExecutorSingleNonBatched.java:47)
	at org.hibernate.engine.jdbc.mutation.internal.AbstractMutationExecutor.execute(AbstractMutationExecutor.java:55)
	at org.hibernate.persister.entity.mutation.InsertCoordinatorStandard.doStaticInserts(InsertCoordinatorStandard.java:194)
	at org.hibernate.persister.entity.mutation.InsertCoordinatorStandard.coordinateInsert(InsertCoordinatorStandard.java:132)
	at org.hibernate.persister.entity.mutation.InsertCoordinatorStandard.insert(InsertCoordinatorStandard.java:95)
	at org.hibernate.action.internal.EntityIdentityInsertAction.execute(EntityIdentityInsertAction.java:85)
	at org.hibernate.engine.spi.ActionQueue.execute(ActionQueue.java:682)
	at org.hibernate.engine.spi.ActionQueue.addResolvedEntityInsertAction(ActionQueue.java:293)
	at org.hibernate.engine.spi.ActionQueue.addInsertAction(ActionQueue.java:274)
	at org.hibernate.engine.spi.ActionQueue.addAction(ActionQueue.java:324)
	at org.hibernate.event.internal.AbstractSaveEventListener.addInsertAction(AbstractSaveEventListener.java:394)
	at org.hibernate.event.internal.AbstractSaveEventListener.performSaveOrReplicate(AbstractSaveEventListener.java:308)
	at org.hibernate.event.internal.AbstractSaveEventListener.performSave(AbstractSaveEventListener.java:224)
	at org.hibernate.event.internal.AbstractSaveEventListener.saveWithGeneratedId(AbstractSaveEventListener.java:136)
	at org.hibernate.event.internal.DefaultPersistEventListener.entityIsTransient(DefaultPersistEventListener.java:177)
	at org.hibernate.event.internal.DefaultPersistEventListener.persist(DefaultPersistEventListener.java:95)
	at org.hibernate.event.internal.DefaultPersistEventListener.onPersist(DefaultPersistEventListener.java:79)
	at org.hibernate.event.internal.DefaultPersistEventListener.onPersist(DefaultPersistEventListener.java:55)
	at org.hibernate.event.service.internal.EventListenerGroupImpl.fireEventOnEachListener(EventListenerGroupImpl.java:127)
	at org.hibernate.internal.SessionImpl.firePersist(SessionImpl.java:761)
	at org.hibernate.internal.SessionImpl.persist(SessionImpl.java:745)
	at java.base/jdk.internal.reflect.DirectMethodHandleAccessor.invoke(DirectMethodHandleAccessor.java:103)
	at java.base/java.lang.reflect.Method.invoke(Method.java:580)
	at org.springframework.orm.jpa.ExtendedEntityManagerCreator$ExtendedEntityManagerInvocationHandler.invoke(ExtendedEntityManagerCreator.java:364)
	at jdk.proxy2/jdk.proxy2.$Proxy118.persist(Unknown Source)
	at java.base/jdk.internal.reflect.DirectMethodHandleAccessor.invoke(DirectMethodHandleAccessor.java:103)
	at java.base/java.lang.reflect.Method.invoke(Method.java:580)
	at org.springframework.orm.jpa.SharedEntityManagerCreator$SharedEntityManagerInvocationHandler.invoke(SharedEntityManagerCreator.java:320)
	at jdk.proxy2/jdk.proxy2.$Proxy118.persist(Unknown Source)
	at org.springframework.data.jpa.repository.support.SimpleJpaRepository.save(SimpleJpaRepository.java:654)
	at java.base/jdk.internal.reflect.DirectMethodHandleAccessor.invoke(DirectMethodHandleAccessor.java:103)
	at java.base/java.lang.reflect.Method.invoke(Method.java:580)
	at org.springframework.aop.support.AopUtils.invokeJoinpointUsingReflection(AopUtils.java:360)
	at org.springframework.data.repository.core.support.RepositoryMethodInvoker$RepositoryFragmentMethodInvoker.lambda$new$0(RepositoryMethodInvoker.java:277)
	at org.springframework.data.repository.core.support.RepositoryMethodInvoker.doInvoke(RepositoryMethodInvoker.java:170)
	at org.springframework.data.repository.core.support.RepositoryMethodInvoker.invoke(RepositoryMethodInvoker.java:158)
	at org.springframework.data.repository.core.support.RepositoryComposition$RepositoryFragments.invoke(RepositoryComposition.java:515)
	at org.springframework.data.repository.core.support.RepositoryComposition.invoke(RepositoryComposition.java:284)
	at org.springframework.data.repository.core.support.RepositoryFactorySupport$ImplementationMethodExecutionInterceptor.invoke(RepositoryFactorySupport.java:734)
	at org.springframework.aop.framework.ReflectiveMethodInvocation.proceed(ReflectiveMethodInvocation.java:184)
	at org.springframework.data.repository.core.support.QueryExecutorMethodInterceptor.doInvoke(QueryExecutorMethodInterceptor.java:174)
	at org.springframework.data.repository.core.support.QueryExecutorMethodInterceptor.invoke(QueryExecutorMethodInterceptor.java:149)
	at org.springframework.aop.framework.ReflectiveMethodInvocation.proceed(ReflectiveMethodInvocation.java:184)
	at org.springframework.data.projection.DefaultMethodInvokingMethodInterceptor.invoke(DefaultMethodInvokingMethodInterceptor.java:69)
	at org.springframework.aop.framework.ReflectiveMethodInvocation.proceed(ReflectiveMethodInvocation.java:184)
	at org.springframework.transaction.interceptor.TransactionAspectSupport.invokeWithinTransaction(TransactionAspectSupport.java:380)
	at org.springframework.transaction.interceptor.TransactionInterceptor.invoke(TransactionInterceptor.java:119)
	at org.springframework.aop.framework.ReflectiveMethodInvocation.proceed(ReflectiveMethodInvocation.java:184)
	at org.springframework.dao.support.PersistenceExceptionTranslationInterceptor.invoke(PersistenceExceptionTranslationInterceptor.java:138)
	at org.springframework.aop.framework.ReflectiveMethodInvocation.proceed(ReflectiveMethodInvocation.java:184)
	at org.springframework.data.jpa.repository.support.CrudMethodMetadataPostProcessor$CrudMethodMetadataPopulatingMethodInterceptor.invoke(CrudMethodMetadataPostProcessor.java:165)
	at org.springframework.aop.framework.ReflectiveMethodInvocation.proceed(ReflectiveMethodInvocation.java:184)
	at org.springframework.aop.framework.JdkDynamicAopProxy.invoke(JdkDynamicAopProxy.java:223)
	at jdk.proxy2/jdk.proxy2.$Proxy126.save(Unknown Source)
	at com.example.pic.ServiceImpl.OauthImpl.getAuthUrl(OauthImpl.java:170)
	at java.base/jdk.internal.reflect.DirectMethodHandleAccessor.invoke(DirectMethodHandleAccessor.java:103)
	at java.base/java.lang.reflect.Method.invoke(Method.java:580)
	at org.springframework.aop.support.AopUtils.invokeJoinpointUsingReflection(AopUtils.java:360)
	at org.springframework.aop.framework.CglibAopProxy$DynamicAdvisedInterceptor.intercept(CglibAopProxy.java:724)
	at com.example.pic.ServiceImpl.OauthImpl$$SpringCGLIB$$0.getAuthUrl(<generated>)
	at com.example.pic.Controller.OidcController.getAuthCode(OidcController.java:63)
	at java.base/jdk.internal.reflect.DirectMethodHandleAccessor.invoke(DirectMethodHandleAccessor.java:103)
	at java.base/java.lang.reflect.Method.invoke(Method.java:580)
	at org.springframework.web.method.support.InvocableHandlerMethod.doInvoke(InvocableHandlerMethod.java:258)
	at org.springframework.web.method.support.InvocableHandlerMethod.invokeForRequest(InvocableHandlerMethod.java:191)
	at org.springframework.web.servlet.mvc.method.annotation.ServletInvocableHandlerMethod.invokeAndHandle(ServletInvocableHandlerMethod.java:118)
	at org.springframework.web.servlet.mvc.method.annotation.RequestMappingHandlerAdapter.invokeHandlerMethod(RequestMappingHandlerAdapter.java:991)
	at org.springframework.web.servlet.mvc.method.annotation.RequestMappingHandlerAdapter.handleInternal(RequestMappingHandlerAdapter.java:896)
	at org.springframework.web.servlet.mvc.method.AbstractHandlerMethodAdapter.handle(AbstractHandlerMethodAdapter.java:87)
	at org.springframework.web.servlet.DispatcherServlet.doDispatch(DispatcherServlet.java:1089)
	at org.springframework.web.servlet.DispatcherServlet.doService(DispatcherServlet.java:979)
	at org.springframework.web.servlet.FrameworkServlet.processRequest(FrameworkServlet.java:1014)
	at org.springframework.web.servlet.FrameworkServlet.doGet(FrameworkServlet.java:903)
	at jakarta.servlet.http.HttpServlet.service(HttpServlet.java:564)
	at org.springframework.web.servlet.FrameworkServlet.service(FrameworkServlet.java:885)
	at jakarta.servlet.http.HttpServlet.service(HttpServlet.java:658)
	at org.apache.catalina.core.ApplicationFilterChain.internalDoFilter(ApplicationFilterChain.java:195)
	at org.apache.catalina.core.ApplicationFilterChain.doFilter(ApplicationFilterChain.java:140)
	at org.apache.tomcat.websocket.server.WsFilter.doFilter(WsFilter.java:51)
	at org.apache.catalina.core.ApplicationFilterChain.internalDoFilter(ApplicationFilterChain.java:164)
	at org.apache.catalina.core.ApplicationFilterChain.doFilter(ApplicationFilterChain.java:140)
	at com.example.pic.config.TraceIdFilter.doFilter(TraceIdFilter.java:29)
	at org.apache.catalina.core.ApplicationFilterChain.internalDoFilter(ApplicationFilterChain.java:164)
	at org.apache.catalina.core.ApplicationFilterChain.doFilter(ApplicationFilterChain.java:140)
	at org.springframework.web.filter.RequestContextFilter.doFilterInternal(RequestContextFilter.java:100)
	at org.springframework.web.filter.OncePerRequestFilter.doFilter(OncePerRequestFilter.java:116)
	at org.apache.catalina.core.ApplicationFilterChain.internalDoFilter(ApplicationFilterChain.java:164)
	at org.apache.catalina.core.ApplicationFilterChain.doFilter(ApplicationFilterChain.java:140)
	at org.springframework.web.filter.FormContentFilter.doFilterInternal(FormContentFilter.java:93)
	at org.springframework.web.filter.OncePerRequestFilter.doFilter(OncePerRequestFilter.java:116)
	at org.apache.catalina.core.ApplicationFilterChain.internalDoFilter(ApplicationFilterChain.java:164)
	at org.apache.catalina.core.ApplicationFilterChain.doFilter(ApplicationFilterChain.java:140)
	at org.springframework.web.filter.CharacterEncodingFilter.doFilterInternal(CharacterEncodingFilter.java:201)
	at org.springframework.web.filter.OncePerRequestFilter.doFilter(OncePerRequestFilter.java:116)
	at org.apache.catalina.core.ApplicationFilterChain.internalDoFilter(ApplicationFilterChain.java:164)
	at org.apache.catalina.core.ApplicationFilterChain.doFilter(ApplicationFilterChain.java:140)
	at org.apache.catalina.core.StandardWrapperValve.invoke(StandardWrapperValve.java:167)
	at org.apache.catalina.core.StandardContextValve.invoke(StandardContextValve.java:90)
	at org.apache.catalina.authenticator.AuthenticatorBase.invoke(AuthenticatorBase.java:483)
	at org.apache.catalina.core.StandardHostValve.invoke(StandardHostValve.java:116)
	at org.apache.catalina.valves.ErrorReportValve.invoke(ErrorReportValve.java:93)
	at org.apache.catalina.core.StandardEngineValve.invoke(StandardEngineValve.java:74)
	at org.apache.catalina.connector.CoyoteAdapter.service(CoyoteAdapter.java:344)
	at org.apache.coyote.http11.Http11Processor.service(Http11Processor.java:398)
	at org.apache.coyote.AbstractProcessorLight.process(AbstractProcessorLight.java:63)
	at org.apache.coyote.AbstractProtocol$ConnectionHandler.process(AbstractProtocol.java:903)
	at org.apache.tomcat.util.net.NioEndpoint$SocketProcessor.doRun(NioEndpoint.java:1776)
	at org.apache.tomcat.util.net.SocketProcessorBase.run(SocketProcessorBase.java:52)
	at org.apache.tomcat.util.threads.ThreadPoolExecutor.runWorker(ThreadPoolExecutor.java:975)
	at org.apache.tomcat.util.threads.ThreadPoolExecutor$Worker.run(ThreadPoolExecutor.java:493)
	at org.apache.tomcat.util.threads.TaskThread$WrappingRunnable.run(TaskThread.java:63)
	at java.base/java.lang.Thread.run(Thread.java:1583)
Caused by: java.net.SocketException: Connection reset by peer
	at java.base/sun.nio.ch.SocketDispatcher.write0(Native Method)
	at java.base/sun.nio.ch.SocketDispatcher.write(SocketDispatcher.java:54)
	at java.base/sun.nio.ch.NioSocketImpl.tryWrite(NioSocketImpl.java:394)
	at java.base/sun.nio.ch.NioSocketImpl.implWrite(NioSocketImpl.java:410)
	at java.base/sun.nio.ch.NioSocketImpl.write(NioSocketImpl.java:440)
	at java.base/sun.nio.ch.NioSocketImpl$2.write(NioSocketImpl.java:819)
	at java.base/java.net.Socket$SocketOutputStream.write(Socket.java:1195)
	at org.postgresql.util.internal.PgBufferedOutputStream.flushBuffer(PgBufferedOutputStream.java:41)
	at org.postgresql.util.internal.PgBufferedOutputStream.flush(PgBufferedOutputStream.java:48)
	at org.postgresql.core.PGStream.flush(PGStream.java:708)
	at org.postgresql.core.v3.QueryExecutorImpl.sendSimpleQuery(QueryExecutorImpl.java:2063)
	at org.postgresql.core.v3.QueryExecutorImpl.sendOneQuery(QueryExecutorImpl.java:1944)
	at org.postgresql.core.v3.QueryExecutorImpl.sendQueryPreamble(QueryExecutorImpl.java:624)
	at org.postgresql.core.v3.QueryExecutorImpl.execute(QueryExecutorImpl.java:362)
	... 120 common frames omitted
2025-11-26 16:25:46.930 | WARN  | traceId=13367e7f-4c56-4ef2-a6d3-8572adef0380 | o.h.e.j.spi.SqlExceptionHelper.logExceptions | SQL Error: 0, SQLState: 08006
2025-11-26 16:25:46.931 | ERROR | traceId=13367e7f-4c56-4ef2-a6d3-8572adef0380 | o.h.e.j.spi.SqlExceptionHelper.logExceptions | An I/O error occurred while sending to the backend.
2025-11-26 16:25:46.932 | ERROR | traceId=13367e7f-4c56-4ef2-a6d3-8572adef0380 | o.s.t.i.TransactionAspectSupport.completeTransactionAfterThrowing | Application exception overridden by rollback exception
org.hibernate.exception.JDBCConnectionException: could not execute statement [An I/O error occurred while sending to the backend.] [insert into oauth_authorize_request (client_id,code_challenge,code_challenge_method,created_at,redirect_uri,scope,state) values (?,?,?,?,?,?,?)]
	at org.hibernate.exception.internal.SQLStateConversionDelegate.convert(SQLStateConversionDelegate.java:100)
	at org.hibernate.exception.internal.StandardSQLExceptionConverter.convert(StandardSQLExceptionConverter.java:58)
	at org.hibernate.engine.jdbc.spi.SqlExceptionHelper.convert(SqlExceptionHelper.java:108)
	at org.hibernate.engine.jdbc.internal.ResultSetReturnImpl.executeUpdate(ResultSetReturnImpl.java:197)
	at org.hibernate.id.insert.GetGeneratedKeysDelegate.performMutation(GetGeneratedKeysDelegate.java:116)
	at org.hibernate.engine.jdbc.mutation.internal.MutationExecutorSingleNonBatched.performNonBatchedOperations(MutationExecutorSingleNonBatched.java:47)
	at org.hibernate.engine.jdbc.mutation.internal.AbstractMutationExecutor.execute(AbstractMutationExecutor.java:55)
	at org.hibernate.persister.entity.mutation.InsertCoordinatorStandard.doStaticInserts(InsertCoordinatorStandard.java:194)
	at org.hibernate.persister.entity.mutation.InsertCoordinatorStandard.coordinateInsert(InsertCoordinatorStandard.java:132)
	at org.hibernate.persister.entity.mutation.InsertCoordinatorStandard.insert(InsertCoordinatorStandard.java:95)
	at org.hibernate.action.internal.EntityIdentityInsertAction.execute(EntityIdentityInsertAction.java:85)
	at org.hibernate.engine.spi.ActionQueue.execute(ActionQueue.java:682)
	at org.hibernate.engine.spi.ActionQueue.addResolvedEntityInsertAction(ActionQueue.java:293)
	at org.hibernate.engine.spi.ActionQueue.addInsertAction(ActionQueue.java:274)
	at org.hibernate.engine.spi.ActionQueue.addAction(ActionQueue.java:324)
	at org.hibernate.event.internal.AbstractSaveEventListener.addInsertAction(AbstractSaveEventListener.java:394)
	at org.hibernate.event.internal.AbstractSaveEventListener.performSaveOrReplicate(AbstractSaveEventListener.java:308)
	at org.hibernate.event.internal.AbstractSaveEventListener.performSave(AbstractSaveEventListener.java:224)
	at org.hibernate.event.internal.AbstractSaveEventListener.saveWithGeneratedId(AbstractSaveEventListener.java:136)
	at org.hibernate.event.internal.DefaultPersistEventListener.entityIsTransient(DefaultPersistEventListener.java:177)
	at org.hibernate.event.internal.DefaultPersistEventListener.persist(DefaultPersistEventListener.java:95)
	at org.hibernate.event.internal.DefaultPersistEventListener.onPersist(DefaultPersistEventListener.java:79)
	at org.hibernate.event.internal.DefaultPersistEventListener.onPersist(DefaultPersistEventListener.java:55)
	at org.hibernate.event.service.internal.EventListenerGroupImpl.fireEventOnEachListener(EventListenerGroupImpl.java:127)
	at org.hibernate.internal.SessionImpl.firePersist(SessionImpl.java:761)
	at org.hibernate.internal.SessionImpl.persist(SessionImpl.java:745)
	at java.base/jdk.internal.reflect.DirectMethodHandleAccessor.invoke(DirectMethodHandleAccessor.java:103)
	at java.base/java.lang.reflect.Method.invoke(Method.java:580)
	at org.springframework.orm.jpa.ExtendedEntityManagerCreator$ExtendedEntityManagerInvocationHandler.invoke(ExtendedEntityManagerCreator.java:364)
	at jdk.proxy2/jdk.proxy2.$Proxy118.persist(Unknown Source)
	at java.base/jdk.internal.reflect.DirectMethodHandleAccessor.invoke(DirectMethodHandleAccessor.java:103)
	at java.base/java.lang.reflect.Method.invoke(Method.java:580)
	at org.springframework.orm.jpa.SharedEntityManagerCreator$SharedEntityManagerInvocationHandler.invoke(SharedEntityManagerCreator.java:320)
	at jdk.proxy2/jdk.proxy2.$Proxy118.persist(Unknown Source)
	at org.springframework.data.jpa.repository.support.SimpleJpaRepository.save(SimpleJpaRepository.java:654)
	at java.base/jdk.internal.reflect.DirectMethodHandleAccessor.invoke(DirectMethodHandleAccessor.java:103)
	at java.base/java.lang.reflect.Method.invoke(Method.java:580)
	at org.springframework.aop.support.AopUtils.invokeJoinpointUsingReflection(AopUtils.java:360)
	at org.springframework.data.repository.core.support.RepositoryMethodInvoker$RepositoryFragmentMethodInvoker.lambda$new$0(RepositoryMethodInvoker.java:277)
	at org.springframework.data.repository.core.support.RepositoryMethodInvoker.doInvoke(RepositoryMethodInvoker.java:170)
	at org.springframework.data.repository.core.support.RepositoryMethodInvoker.invoke(RepositoryMethodInvoker.java:158)
	at org.springframework.data.repository.core.support.RepositoryComposition$RepositoryFragments.invoke(RepositoryComposition.java:515)
	at org.springframework.data.repository.core.support.RepositoryComposition.invoke(RepositoryComposition.java:284)
	at org.springframework.data.repository.core.support.RepositoryFactorySupport$ImplementationMethodExecutionInterceptor.invoke(RepositoryFactorySupport.java:734)
	at org.springframework.aop.framework.ReflectiveMethodInvocation.proceed(ReflectiveMethodInvocation.java:184)
	at org.springframework.data.repository.core.support.QueryExecutorMethodInterceptor.doInvoke(QueryExecutorMethodInterceptor.java:174)
	at org.springframework.data.repository.core.support.QueryExecutorMethodInterceptor.invoke(QueryExecutorMethodInterceptor.java:149)
	at org.springframework.aop.framework.ReflectiveMethodInvocation.proceed(ReflectiveMethodInvocation.java:184)
	at org.springframework.data.projection.DefaultMethodInvokingMethodInterceptor.invoke(DefaultMethodInvokingMethodInterceptor.java:69)
	at org.springframework.aop.framework.ReflectiveMethodInvocation.proceed(ReflectiveMethodInvocation.java:184)
	at org.springframework.transaction.interceptor.TransactionAspectSupport.invokeWithinTransaction(TransactionAspectSupport.java:380)
	at org.springframework.transaction.interceptor.TransactionInterceptor.invoke(TransactionInterceptor.java:119)
	at org.springframework.aop.framework.ReflectiveMethodInvocation.proceed(ReflectiveMethodInvocation.java:184)
	at org.springframework.dao.support.PersistenceExceptionTranslationInterceptor.invoke(PersistenceExceptionTranslationInterceptor.java:138)
	at org.springframework.aop.framework.ReflectiveMethodInvocation.proceed(ReflectiveMethodInvocation.java:184)
	at org.springframework.data.jpa.repository.support.CrudMethodMetadataPostProcessor$CrudMethodMetadataPopulatingMethodInterceptor.invoke(CrudMethodMetadataPostProcessor.java:165)
	at org.springframework.aop.framework.ReflectiveMethodInvocation.proceed(ReflectiveMethodInvocation.java:184)
	at org.springframework.aop.framework.JdkDynamicAopProxy.invoke(JdkDynamicAopProxy.java:223)
	at jdk.proxy2/jdk.proxy2.$Proxy126.save(Unknown Source)
	at com.example.pic.ServiceImpl.OauthImpl.getAuthUrl(OauthImpl.java:170)
	at java.base/jdk.internal.reflect.DirectMethodHandleAccessor.invoke(DirectMethodHandleAccessor.java:103)
	at java.base/java.lang.reflect.Method.invoke(Method.java:580)
	at org.springframework.aop.support.AopUtils.invokeJoinpointUsingReflection(AopUtils.java:360)
	at org.springframework.aop.framework.CglibAopProxy$DynamicAdvisedInterceptor.intercept(CglibAopProxy.java:724)
	at com.example.pic.ServiceImpl.OauthImpl$$SpringCGLIB$$0.getAuthUrl(<generated>)
	at com.example.pic.Controller.OidcController.getAuthCode(OidcController.java:63)
	at java.base/jdk.internal.reflect.DirectMethodHandleAccessor.invoke(DirectMethodHandleAccessor.java:103)
	at java.base/java.lang.reflect.Method.invoke(Method.java:580)
	at org.springframework.web.method.support.InvocableHandlerMethod.doInvoke(InvocableHandlerMethod.java:258)
	at org.springframework.web.method.support.InvocableHandlerMethod.invokeForRequest(InvocableHandlerMethod.java:191)
	at org.springframework.web.servlet.mvc.method.annotation.ServletInvocableHandlerMethod.invokeAndHandle(ServletInvocableHandlerMethod.java:118)
	at org.springframework.web.servlet.mvc.method.annotation.RequestMappingHandlerAdapter.invokeHandlerMethod(RequestMappingHandlerAdapter.java:991)
	at org.springframework.web.servlet.mvc.method.annotation.RequestMappingHandlerAdapter.handleInternal(RequestMappingHandlerAdapter.java:896)
	at org.springframework.web.servlet.mvc.method.AbstractHandlerMethodAdapter.handle(AbstractHandlerMethodAdapter.java:87)
	at org.springframework.web.servlet.DispatcherServlet.doDispatch(DispatcherServlet.java:1089)
	at org.springframework.web.servlet.DispatcherServlet.doService(DispatcherServlet.java:979)
	at org.springframework.web.servlet.FrameworkServlet.processRequest(FrameworkServlet.java:1014)
	at org.springframework.web.servlet.FrameworkServlet.doGet(FrameworkServlet.java:903)
	at jakarta.servlet.http.HttpServlet.service(HttpServlet.java:564)
	at org.springframework.web.servlet.FrameworkServlet.service(FrameworkServlet.java:885)
	at jakarta.servlet.http.HttpServlet.service(HttpServlet.java:658)
	at org.apache.catalina.core.ApplicationFilterChain.internalDoFilter(ApplicationFilterChain.java:195)
	at org.apache.catalina.core.ApplicationFilterChain.doFilter(ApplicationFilterChain.java:140)
	at org.apache.tomcat.websocket.server.WsFilter.doFilter(WsFilter.java:51)
	at org.apache.catalina.core.ApplicationFilterChain.internalDoFilter(ApplicationFilterChain.java:164)
	at org.apache.catalina.core.ApplicationFilterChain.doFilter(ApplicationFilterChain.java:140)
	at com.example.pic.config.TraceIdFilter.doFilter(TraceIdFilter.java:29)
	at org.apache.catalina.core.ApplicationFilterChain.internalDoFilter(ApplicationFilterChain.java:164)
	at org.apache.catalina.core.ApplicationFilterChain.doFilter(ApplicationFilterChain.java:140)
	at org.springframework.web.filter.RequestContextFilter.doFilterInternal(RequestContextFilter.java:100)
	at org.springframework.web.filter.OncePerRequestFilter.doFilter(OncePerRequestFilter.java:116)
	at org.apache.catalina.core.ApplicationFilterChain.internalDoFilter(ApplicationFilterChain.java:164)
	at org.apache.catalina.core.ApplicationFilterChain.doFilter(ApplicationFilterChain.java:140)
	at org.springframework.web.filter.FormContentFilter.doFilterInternal(FormContentFilter.java:93)
	at org.springframework.web.filter.OncePerRequestFilter.doFilter(OncePerRequestFilter.java:116)
	at org.apache.catalina.core.ApplicationFilterChain.internalDoFilter(ApplicationFilterChain.java:164)
	at org.apache.catalina.core.ApplicationFilterChain.doFilter(ApplicationFilterChain.java:140)
	at org.springframework.web.filter.CharacterEncodingFilter.doFilterInternal(CharacterEncodingFilter.java:201)
	at org.springframework.web.filter.OncePerRequestFilter.doFilter(OncePerRequestFilter.java:116)
	at org.apache.catalina.core.ApplicationFilterChain.internalDoFilter(ApplicationFilterChain.java:164)
	at org.apache.catalina.core.ApplicationFilterChain.doFilter(ApplicationFilterChain.java:140)
	at org.apache.catalina.core.StandardWrapperValve.invoke(StandardWrapperValve.java:167)
	at org.apache.catalina.core.StandardContextValve.invoke(StandardContextValve.java:90)
	at org.apache.catalina.authenticator.AuthenticatorBase.invoke(AuthenticatorBase.java:483)
	at org.apache.catalina.core.StandardHostValve.invoke(StandardHostValve.java:116)
	at org.apache.catalina.valves.ErrorReportValve.invoke(ErrorReportValve.java:93)
	at org.apache.catalina.core.StandardEngineValve.invoke(StandardEngineValve.java:74)
	at org.apache.catalina.connector.CoyoteAdapter.service(CoyoteAdapter.java:344)
	at org.apache.coyote.http11.Http11Processor.service(Http11Processor.java:398)
	at org.apache.coyote.AbstractProcessorLight.process(AbstractProcessorLight.java:63)
	at org.apache.coyote.AbstractProtocol$ConnectionHandler.process(AbstractProtocol.java:903)
	at org.apache.tomcat.util.net.NioEndpoint$SocketProcessor.doRun(NioEndpoint.java:1776)
	at org.apache.tomcat.util.net.SocketProcessorBase.run(SocketProcessorBase.java:52)
	at org.apache.tomcat.util.threads.ThreadPoolExecutor.runWorker(ThreadPoolExecutor.java:975)
	at org.apache.tomcat.util.threads.ThreadPoolExecutor$Worker.run(ThreadPoolExecutor.java:493)
	at org.apache.tomcat.util.threads.TaskThread$WrappingRunnable.run(TaskThread.java:63)
	at java.base/java.lang.Thread.run(Thread.java:1583)
Caused by: org.postgresql.util.PSQLException: An I/O error occurred while sending to the backend.
	at org.postgresql.core.v3.QueryExecutorImpl.execute(QueryExecutorImpl.java:399)
	at org.postgresql.jdbc.PgStatement.executeInternal(PgStatement.java:518)
	at org.postgresql.jdbc.PgStatement.execute(PgStatement.java:435)
	at org.postgresql.jdbc.PgPreparedStatement.executeWithFlags(PgPreparedStatement.java:196)
	at org.postgresql.jdbc.PgPreparedStatement.executeUpdate(PgPreparedStatement.java:157)
	at com.zaxxer.hikari.pool.ProxyPreparedStatement.executeUpdate(ProxyPreparedStatement.java:61)
	at com.zaxxer.hikari.pool.HikariProxyPreparedStatement.executeUpdate(HikariProxyPreparedStatement.java)
	at org.hibernate.engine.jdbc.internal.ResultSetReturnImpl.executeUpdate(ResultSetReturnImpl.java:194)
	... 113 common frames omitted
Caused by: java.net.SocketException: Connection reset by peer
	at java.base/sun.nio.ch.SocketDispatcher.write0(Native Method)
	at java.base/sun.nio.ch.SocketDispatcher.write(SocketDispatcher.java:54)
	at java.base/sun.nio.ch.NioSocketImpl.tryWrite(NioSocketImpl.java:394)
	at java.base/sun.nio.ch.NioSocketImpl.implWrite(NioSocketImpl.java:410)
	at java.base/sun.nio.ch.NioSocketImpl.write(NioSocketImpl.java:440)
	at java.base/sun.nio.ch.NioSocketImpl$2.write(NioSocketImpl.java:819)
	at java.base/java.net.Socket$SocketOutputStream.write(Socket.java:1195)
	at org.postgresql.util.internal.PgBufferedOutputStream.flushBuffer(PgBufferedOutputStream.java:41)
	at org.postgresql.util.internal.PgBufferedOutputStream.flush(PgBufferedOutputStream.java:48)
	at org.postgresql.core.PGStream.flush(PGStream.java:708)
	at org.postgresql.core.v3.QueryExecutorImpl.sendSimpleQuery(QueryExecutorImpl.java:2063)
	at org.postgresql.core.v3.QueryExecutorImpl.sendOneQuery(QueryExecutorImpl.java:1944)
	at org.postgresql.core.v3.QueryExecutorImpl.sendQueryPreamble(QueryExecutorImpl.java:624)
	at org.postgresql.core.v3.QueryExecutorImpl.execute(QueryExecutorImpl.java:362)
	... 120 common frames omitted
2025-11-26 16:25:46.933 | ERROR | traceId=13367e7f-4c56-4ef2-a6d3-8572adef0380 | c.e.pic.ServiceImpl.OauthImpl.getAuthUrl | 寫入 OauthAuthorizeRequestTb 發生錯誤
org.springframework.orm.jpa.JpaSystemException: Unable to rollback against JDBC Connection
	at org.springframework.orm.jpa.vendor.HibernateJpaDialect.convertHibernateAccessException(HibernateJpaDialect.java:348)
	at org.springframework.orm.jpa.vendor.HibernateJpaDialect.convertHibernateAccessException(HibernateJpaDialect.java:256)
	at org.springframework.orm.jpa.vendor.HibernateJpaDialect.translateExceptionIfPossible(HibernateJpaDialect.java:241)
	at org.springframework.orm.jpa.JpaTransactionManager.doRollback(JpaTransactionManager.java:594)
	at org.springframework.transaction.support.AbstractPlatformTransactionManager.processRollback(AbstractPlatformTransactionManager.java:897)
	at org.springframework.transaction.support.AbstractPlatformTransactionManager.rollback(AbstractPlatformTransactionManager.java:866)
	at org.springframework.transaction.interceptor.TransactionAspectSupport.completeTransactionAfterThrowing(TransactionAspectSupport.java:716)
	at org.springframework.transaction.interceptor.TransactionAspectSupport.invokeWithinTransaction(TransactionAspectSupport.java:384)
	at org.springframework.transaction.interceptor.TransactionInterceptor.invoke(TransactionInterceptor.java:119)
	at org.springframework.aop.framework.ReflectiveMethodInvocation.proceed(ReflectiveMethodInvocation.java:184)
	at org.springframework.dao.support.PersistenceExceptionTranslationInterceptor.invoke(PersistenceExceptionTranslationInterceptor.java:138)
	at org.springframework.aop.framework.ReflectiveMethodInvocation.proceed(ReflectiveMethodInvocation.java:184)
	at org.springframework.data.jpa.repository.support.CrudMethodMetadataPostProcessor$CrudMethodMetadataPopulatingMethodInterceptor.invoke(CrudMethodMetadataPostProcessor.java:165)
	at org.springframework.aop.framework.ReflectiveMethodInvocation.proceed(ReflectiveMethodInvocation.java:184)
	at org.springframework.aop.framework.JdkDynamicAopProxy.invoke(JdkDynamicAopProxy.java:223)
	at jdk.proxy2/jdk.proxy2.$Proxy126.save(Unknown Source)
	at com.example.pic.ServiceImpl.OauthImpl.getAuthUrl(OauthImpl.java:170)
	at java.base/jdk.internal.reflect.DirectMethodHandleAccessor.invoke(DirectMethodHandleAccessor.java:103)
	at java.base/java.lang.reflect.Method.invoke(Method.java:580)
	at org.springframework.aop.support.AopUtils.invokeJoinpointUsingReflection(AopUtils.java:360)
	at org.springframework.aop.framework.CglibAopProxy$DynamicAdvisedInterceptor.intercept(CglibAopProxy.java:724)
	at com.example.pic.ServiceImpl.OauthImpl$$SpringCGLIB$$0.getAuthUrl(<generated>)
	at com.example.pic.Controller.OidcController.getAuthCode(OidcController.java:63)
	at java.base/jdk.internal.reflect.DirectMethodHandleAccessor.invoke(DirectMethodHandleAccessor.java:103)
	at java.base/java.lang.reflect.Method.invoke(Method.java:580)
	at org.springframework.web.method.support.InvocableHandlerMethod.doInvoke(InvocableHandlerMethod.java:258)
	at org.springframework.web.method.support.InvocableHandlerMethod.invokeForRequest(InvocableHandlerMethod.java:191)
	at org.springframework.web.servlet.mvc.method.annotation.ServletInvocableHandlerMethod.invokeAndHandle(ServletInvocableHandlerMethod.java:118)
	at org.springframework.web.servlet.mvc.method.annotation.RequestMappingHandlerAdapter.invokeHandlerMethod(RequestMappingHandlerAdapter.java:991)
	at org.springframework.web.servlet.mvc.method.annotation.RequestMappingHandlerAdapter.handleInternal(RequestMappingHandlerAdapter.java:896)
	at org.springframework.web.servlet.mvc.method.AbstractHandlerMethodAdapter.handle(AbstractHandlerMethodAdapter.java:87)
	at org.springframework.web.servlet.DispatcherServlet.doDispatch(DispatcherServlet.java:1089)
	at org.springframework.web.servlet.DispatcherServlet.doService(DispatcherServlet.java:979)
	at org.springframework.web.servlet.FrameworkServlet.processRequest(FrameworkServlet.java:1014)
	at org.springframework.web.servlet.FrameworkServlet.doGet(FrameworkServlet.java:903)
	at jakarta.servlet.http.HttpServlet.service(HttpServlet.java:564)
	at org.springframework.web.servlet.FrameworkServlet.service(FrameworkServlet.java:885)
	at jakarta.servlet.http.HttpServlet.service(HttpServlet.java:658)
	at org.apache.catalina.core.ApplicationFilterChain.internalDoFilter(ApplicationFilterChain.java:195)
	at org.apache.catalina.core.ApplicationFilterChain.doFilter(ApplicationFilterChain.java:140)
	at org.apache.tomcat.websocket.server.WsFilter.doFilter(WsFilter.java:51)
	at org.apache.catalina.core.ApplicationFilterChain.internalDoFilter(ApplicationFilterChain.java:164)
	at org.apache.catalina.core.ApplicationFilterChain.doFilter(ApplicationFilterChain.java:140)
	at com.example.pic.config.TraceIdFilter.doFilter(TraceIdFilter.java:29)
	at org.apache.catalina.core.ApplicationFilterChain.internalDoFilter(ApplicationFilterChain.java:164)
	at org.apache.catalina.core.ApplicationFilterChain.doFilter(ApplicationFilterChain.java:140)
	at org.springframework.web.filter.RequestContextFilter.doFilterInternal(RequestContextFilter.java:100)
	at org.springframework.web.filter.OncePerRequestFilter.doFilter(OncePerRequestFilter.java:116)
	at org.apache.catalina.core.ApplicationFilterChain.internalDoFilter(ApplicationFilterChain.java:164)
	at org.apache.catalina.core.ApplicationFilterChain.doFilter(ApplicationFilterChain.java:140)
	at org.springframework.web.filter.FormContentFilter.doFilterInternal(FormContentFilter.java:93)
	at org.springframework.web.filter.OncePerRequestFilter.doFilter(OncePerRequestFilter.java:116)
	at org.apache.catalina.core.ApplicationFilterChain.internalDoFilter(ApplicationFilterChain.java:164)
	at org.apache.catalina.core.ApplicationFilterChain.doFilter(ApplicationFilterChain.java:140)
	at org.springframework.web.filter.CharacterEncodingFilter.doFilterInternal(CharacterEncodingFilter.java:201)
	at org.springframework.web.filter.OncePerRequestFilter.doFilter(OncePerRequestFilter.java:116)
	at org.apache.catalina.core.ApplicationFilterChain.internalDoFilter(ApplicationFilterChain.java:164)
	at org.apache.catalina.core.ApplicationFilterChain.doFilter(ApplicationFilterChain.java:140)
	at org.apache.catalina.core.StandardWrapperValve.invoke(StandardWrapperValve.java:167)
	at org.apache.catalina.core.StandardContextValve.invoke(StandardContextValve.java:90)
	at org.apache.catalina.authenticator.AuthenticatorBase.invoke(AuthenticatorBase.java:483)
	at org.apache.catalina.core.StandardHostValve.invoke(StandardHostValve.java:116)
	at org.apache.catalina.valves.ErrorReportValve.invoke(ErrorReportValve.java:93)
	at org.apache.catalina.core.StandardEngineValve.invoke(StandardEngineValve.java:74)
	at org.apache.catalina.connector.CoyoteAdapter.service(CoyoteAdapter.java:344)
	at org.apache.coyote.http11.Http11Processor.service(Http11Processor.java:398)
	at org.apache.coyote.AbstractProcessorLight.process(AbstractProcessorLight.java:63)
	at org.apache.coyote.AbstractProtocol$ConnectionHandler.process(AbstractProtocol.java:903)
	at org.apache.tomcat.util.net.NioEndpoint$SocketProcessor.doRun(NioEndpoint.java:1776)
	at org.apache.tomcat.util.net.SocketProcessorBase.run(SocketProcessorBase.java:52)
	at org.apache.tomcat.util.threads.ThreadPoolExecutor.runWorker(ThreadPoolExecutor.java:975)
	at org.apache.tomcat.util.threads.ThreadPoolExecutor$Worker.run(ThreadPoolExecutor.java:493)
	at org.apache.tomcat.util.threads.TaskThread$WrappingRunnable.run(TaskThread.java:63)
	at java.base/java.lang.Thread.run(Thread.java:1583)
Caused by: org.hibernate.TransactionException: Unable to rollback against JDBC Connection
	at org.hibernate.resource.jdbc.internal.AbstractLogicalConnectionImplementor.rollback(AbstractLogicalConnectionImplementor.java:137)
	at org.hibernate.resource.transaction.backend.jdbc.internal.JdbcResourceLocalTransactionCoordinatorImpl$TransactionDriverControlImpl.rollback(JdbcResourceLocalTransactionCoordinatorImpl.java:289)
	at org.hibernate.engine.transaction.internal.TransactionImpl.rollback(TransactionImpl.java:142)
	at org.springframework.orm.jpa.JpaTransactionManager.doRollback(JpaTransactionManager.java:590)
	... 70 common frames omitted
Caused by: java.sql.SQLException: Connection is closed
	at com.zaxxer.hikari.pool.ProxyConnection$ClosedConnection.lambda$getClosedConnection$0(ProxyConnection.java:562)
	at jdk.proxy3/jdk.proxy3.$Proxy96.rollback(Unknown Source)
	at com.zaxxer.hikari.pool.ProxyConnection.rollback(ProxyConnection.java:386)
	at com.zaxxer.hikari.pool.HikariProxyConnection.rollback(HikariProxyConnection.java)
	at org.hibernate.resource.jdbc.internal.AbstractLogicalConnectionImplementor.rollback(AbstractLogicalConnectionImplementor.java:127)
	... 73 common frames omitted
2025-11-26 16:25:50.079 | WARN  | traceId=07060e73-c35a-4832-8ee3-215166deed59 | c.z.h.pool.ProxyConnection.checkException | HikariPool-1 - Connection org.postgresql.jdbc.PgConnection@6de7d1eb marked as broken because of SQLSTATE(08006), ErrorCode(0)
org.postgresql.util.PSQLException: An I/O error occurred while sending to the backend.
	at org.postgresql.core.v3.QueryExecutorImpl.execute(QueryExecutorImpl.java:399)
	at org.postgresql.jdbc.PgStatement.executeInternal(PgStatement.java:518)
	at org.postgresql.jdbc.PgStatement.execute(PgStatement.java:435)
	at org.postgresql.jdbc.PgPreparedStatement.executeWithFlags(PgPreparedStatement.java:196)
	at org.postgresql.jdbc.PgPreparedStatement.executeUpdate(PgPreparedStatement.java:157)
	at com.zaxxer.hikari.pool.ProxyPreparedStatement.executeUpdate(ProxyPreparedStatement.java:61)
	at com.zaxxer.hikari.pool.HikariProxyPreparedStatement.executeUpdate(HikariProxyPreparedStatement.java)
	at org.hibernate.engine.jdbc.internal.ResultSetReturnImpl.executeUpdate(ResultSetReturnImpl.java:194)
	at org.hibernate.id.insert.GetGeneratedKeysDelegate.performMutation(GetGeneratedKeysDelegate.java:116)
	at org.hibernate.engine.jdbc.mutation.internal.MutationExecutorSingleNonBatched.performNonBatchedOperations(MutationExecutorSingleNonBatched.java:47)
	at org.hibernate.engine.jdbc.mutation.internal.AbstractMutationExecutor.execute(AbstractMutationExecutor.java:55)
	at org.hibernate.persister.entity.mutation.InsertCoordinatorStandard.doStaticInserts(InsertCoordinatorStandard.java:194)
	at org.hibernate.persister.entity.mutation.InsertCoordinatorStandard.coordinateInsert(InsertCoordinatorStandard.java:132)
	at org.hibernate.persister.entity.mutation.InsertCoordinatorStandard.insert(InsertCoordinatorStandard.java:95)
	at org.hibernate.action.internal.EntityIdentityInsertAction.execute(EntityIdentityInsertAction.java:85)
	at org.hibernate.engine.spi.ActionQueue.execute(ActionQueue.java:682)
	at org.hibernate.engine.spi.ActionQueue.addResolvedEntityInsertAction(ActionQueue.java:293)
	at org.hibernate.engine.spi.ActionQueue.addInsertAction(ActionQueue.java:274)
	at org.hibernate.engine.spi.ActionQueue.addAction(ActionQueue.java:324)
	at org.hibernate.event.internal.AbstractSaveEventListener.addInsertAction(AbstractSaveEventListener.java:394)
	at org.hibernate.event.internal.AbstractSaveEventListener.performSaveOrReplicate(AbstractSaveEventListener.java:308)
	at org.hibernate.event.internal.AbstractSaveEventListener.performSave(AbstractSaveEventListener.java:224)
	at org.hibernate.event.internal.AbstractSaveEventListener.saveWithGeneratedId(AbstractSaveEventListener.java:136)
	at org.hibernate.event.internal.DefaultPersistEventListener.entityIsTransient(DefaultPersistEventListener.java:177)
	at org.hibernate.event.internal.DefaultPersistEventListener.persist(DefaultPersistEventListener.java:95)
	at org.hibernate.event.internal.DefaultPersistEventListener.onPersist(DefaultPersistEventListener.java:79)
	at org.hibernate.event.internal.DefaultPersistEventListener.onPersist(DefaultPersistEventListener.java:55)
	at org.hibernate.event.service.internal.EventListenerGroupImpl.fireEventOnEachListener(EventListenerGroupImpl.java:127)
	at org.hibernate.internal.SessionImpl.firePersist(SessionImpl.java:761)
	at org.hibernate.internal.SessionImpl.persist(SessionImpl.java:745)
	at java.base/jdk.internal.reflect.DirectMethodHandleAccessor.invoke(DirectMethodHandleAccessor.java:103)
	at java.base/java.lang.reflect.Method.invoke(Method.java:580)
	at org.springframework.orm.jpa.ExtendedEntityManagerCreator$ExtendedEntityManagerInvocationHandler.invoke(ExtendedEntityManagerCreator.java:364)
	at jdk.proxy2/jdk.proxy2.$Proxy118.persist(Unknown Source)
	at java.base/jdk.internal.reflect.DirectMethodHandleAccessor.invoke(DirectMethodHandleAccessor.java:103)
	at java.base/java.lang.reflect.Method.invoke(Method.java:580)
	at org.springframework.orm.jpa.SharedEntityManagerCreator$SharedEntityManagerInvocationHandler.invoke(SharedEntityManagerCreator.java:320)
	at jdk.proxy2/jdk.proxy2.$Proxy118.persist(Unknown Source)
	at org.springframework.data.jpa.repository.support.SimpleJpaRepository.save(SimpleJpaRepository.java:654)
	at java.base/jdk.internal.reflect.DirectMethodHandleAccessor.invoke(DirectMethodHandleAccessor.java:103)
	at java.base/java.lang.reflect.Method.invoke(Method.java:580)
	at org.springframework.aop.support.AopUtils.invokeJoinpointUsingReflection(AopUtils.java:360)
	at org.springframework.data.repository.core.support.RepositoryMethodInvoker$RepositoryFragmentMethodInvoker.lambda$new$0(RepositoryMethodInvoker.java:277)
	at org.springframework.data.repository.core.support.RepositoryMethodInvoker.doInvoke(RepositoryMethodInvoker.java:170)
	at org.springframework.data.repository.core.support.RepositoryMethodInvoker.invoke(RepositoryMethodInvoker.java:158)
	at org.springframework.data.repository.core.support.RepositoryComposition$RepositoryFragments.invoke(RepositoryComposition.java:515)
	at org.springframework.data.repository.core.support.RepositoryComposition.invoke(RepositoryComposition.java:284)
	at org.springframework.data.repository.core.support.RepositoryFactorySupport$ImplementationMethodExecutionInterceptor.invoke(RepositoryFactorySupport.java:734)
	at org.springframework.aop.framework.ReflectiveMethodInvocation.proceed(ReflectiveMethodInvocation.java:184)
	at org.springframework.data.repository.core.support.QueryExecutorMethodInterceptor.doInvoke(QueryExecutorMethodInterceptor.java:174)
	at org.springframework.data.repository.core.support.QueryExecutorMethodInterceptor.invoke(QueryExecutorMethodInterceptor.java:149)
	at org.springframework.aop.framework.ReflectiveMethodInvocation.proceed(ReflectiveMethodInvocation.java:184)
	at org.springframework.data.projection.DefaultMethodInvokingMethodInterceptor.invoke(DefaultMethodInvokingMethodInterceptor.java:69)
	at org.springframework.aop.framework.ReflectiveMethodInvocation.proceed(ReflectiveMethodInvocation.java:184)
	at org.springframework.transaction.interceptor.TransactionAspectSupport.invokeWithinTransaction(TransactionAspectSupport.java:380)
	at org.springframework.transaction.interceptor.TransactionInterceptor.invoke(TransactionInterceptor.java:119)
	at org.springframework.aop.framework.ReflectiveMethodInvocation.proceed(ReflectiveMethodInvocation.java:184)
	at org.springframework.dao.support.PersistenceExceptionTranslationInterceptor.invoke(PersistenceExceptionTranslationInterceptor.java:138)
	at org.springframework.aop.framework.ReflectiveMethodInvocation.proceed(ReflectiveMethodInvocation.java:184)
	at org.springframework.data.jpa.repository.support.CrudMethodMetadataPostProcessor$CrudMethodMetadataPopulatingMethodInterceptor.invoke(CrudMethodMetadataPostProcessor.java:165)
	at org.springframework.aop.framework.ReflectiveMethodInvocation.proceed(ReflectiveMethodInvocation.java:184)
	at org.springframework.aop.framework.JdkDynamicAopProxy.invoke(JdkDynamicAopProxy.java:223)
	at jdk.proxy2/jdk.proxy2.$Proxy126.save(Unknown Source)
	at com.example.pic.ServiceImpl.OauthImpl.getAuthUrl(OauthImpl.java:170)
	at java.base/jdk.internal.reflect.DirectMethodHandleAccessor.invoke(DirectMethodHandleAccessor.java:103)
	at java.base/java.lang.reflect.Method.invoke(Method.java:580)
	at org.springframework.aop.support.AopUtils.invokeJoinpointUsingReflection(AopUtils.java:360)
	at org.springframework.aop.framework.CglibAopProxy$DynamicAdvisedInterceptor.intercept(CglibAopProxy.java:724)
	at com.example.pic.ServiceImpl.OauthImpl$$SpringCGLIB$$0.getAuthUrl(<generated>)
	at com.example.pic.Controller.OidcController.getAuthCode(OidcController.java:63)
	at java.base/jdk.internal.reflect.DirectMethodHandleAccessor.invoke(DirectMethodHandleAccessor.java:103)
	at java.base/java.lang.reflect.Method.invoke(Method.java:580)
	at org.springframework.web.method.support.InvocableHandlerMethod.doInvoke(InvocableHandlerMethod.java:258)
	at org.springframework.web.method.support.InvocableHandlerMethod.invokeForRequest(InvocableHandlerMethod.java:191)
	at org.springframework.web.servlet.mvc.method.annotation.ServletInvocableHandlerMethod.invokeAndHandle(ServletInvocableHandlerMethod.java:118)
	at org.springframework.web.servlet.mvc.method.annotation.RequestMappingHandlerAdapter.invokeHandlerMethod(RequestMappingHandlerAdapter.java:991)
	at org.springframework.web.servlet.mvc.method.annotation.RequestMappingHandlerAdapter.handleInternal(RequestMappingHandlerAdapter.java:896)
	at org.springframework.web.servlet.mvc.method.AbstractHandlerMethodAdapter.handle(AbstractHandlerMethodAdapter.java:87)
	at org.springframework.web.servlet.DispatcherServlet.doDispatch(DispatcherServlet.java:1089)
	at org.springframework.web.servlet.DispatcherServlet.doService(DispatcherServlet.java:979)
	at org.springframework.web.servlet.FrameworkServlet.processRequest(FrameworkServlet.java:1014)
	at org.springframework.web.servlet.FrameworkServlet.doGet(FrameworkServlet.java:903)
	at jakarta.servlet.http.HttpServlet.service(HttpServlet.java:564)
	at org.springframework.web.servlet.FrameworkServlet.service(FrameworkServlet.java:885)
	at jakarta.servlet.http.HttpServlet.service(HttpServlet.java:658)
	at org.apache.catalina.core.ApplicationFilterChain.internalDoFilter(ApplicationFilterChain.java:195)
	at org.apache.catalina.core.ApplicationFilterChain.doFilter(ApplicationFilterChain.java:140)
	at org.apache.tomcat.websocket.server.WsFilter.doFilter(WsFilter.java:51)
	at org.apache.catalina.core.ApplicationFilterChain.internalDoFilter(ApplicationFilterChain.java:164)
	at org.apache.catalina.core.ApplicationFilterChain.doFilter(ApplicationFilterChain.java:140)
	at com.example.pic.config.TraceIdFilter.doFilter(TraceIdFilter.java:29)
	at org.apache.catalina.core.ApplicationFilterChain.internalDoFilter(ApplicationFilterChain.java:164)
	at org.apache.catalina.core.ApplicationFilterChain.doFilter(ApplicationFilterChain.java:140)
	at org.springframework.web.filter.RequestContextFilter.doFilterInternal(RequestContextFilter.java:100)
	at org.springframework.web.filter.OncePerRequestFilter.doFilter(OncePerRequestFilter.java:116)
	at org.apache.catalina.core.ApplicationFilterChain.internalDoFilter(ApplicationFilterChain.java:164)
	at org.apache.catalina.core.ApplicationFilterChain.doFilter(ApplicationFilterChain.java:140)
	at org.springframework.web.filter.FormContentFilter.doFilterInternal(FormContentFilter.java:93)
	at org.springframework.web.filter.OncePerRequestFilter.doFilter(OncePerRequestFilter.java:116)
	at org.apache.catalina.core.ApplicationFilterChain.internalDoFilter(ApplicationFilterChain.java:164)
	at org.apache.catalina.core.ApplicationFilterChain.doFilter(ApplicationFilterChain.java:140)
	at org.springframework.web.filter.CharacterEncodingFilter.doFilterInternal(CharacterEncodingFilter.java:201)
	at org.springframework.web.filter.OncePerRequestFilter.doFilter(OncePerRequestFilter.java:116)
	at org.apache.catalina.core.ApplicationFilterChain.internalDoFilter(ApplicationFilterChain.java:164)
	at org.apache.catalina.core.ApplicationFilterChain.doFilter(ApplicationFilterChain.java:140)
	at org.apache.catalina.core.StandardWrapperValve.invoke(StandardWrapperValve.java:167)
	at org.apache.catalina.core.StandardContextValve.invoke(StandardContextValve.java:90)
	at org.apache.catalina.authenticator.AuthenticatorBase.invoke(AuthenticatorBase.java:483)
	at org.apache.catalina.core.StandardHostValve.invoke(StandardHostValve.java:116)
	at org.apache.catalina.valves.ErrorReportValve.invoke(ErrorReportValve.java:93)
	at org.apache.catalina.core.StandardEngineValve.invoke(StandardEngineValve.java:74)
	at org.apache.catalina.connector.CoyoteAdapter.service(CoyoteAdapter.java:344)
	at org.apache.coyote.http11.Http11Processor.service(Http11Processor.java:398)
	at org.apache.coyote.AbstractProcessorLight.process(AbstractProcessorLight.java:63)
	at org.apache.coyote.AbstractProtocol$ConnectionHandler.process(AbstractProtocol.java:903)
	at org.apache.tomcat.util.net.NioEndpoint$SocketProcessor.doRun(NioEndpoint.java:1776)
	at org.apache.tomcat.util.net.SocketProcessorBase.run(SocketProcessorBase.java:52)
	at org.apache.tomcat.util.threads.ThreadPoolExecutor.runWorker(ThreadPoolExecutor.java:975)
	at org.apache.tomcat.util.threads.ThreadPoolExecutor$Worker.run(ThreadPoolExecutor.java:493)
	at org.apache.tomcat.util.threads.TaskThread$WrappingRunnable.run(TaskThread.java:63)
	at java.base/java.lang.Thread.run(Thread.java:1583)
Caused by: java.net.SocketException: Connection reset by peer
	at java.base/sun.nio.ch.SocketDispatcher.write0(Native Method)
	at java.base/sun.nio.ch.SocketDispatcher.write(SocketDispatcher.java:54)
	at java.base/sun.nio.ch.NioSocketImpl.tryWrite(NioSocketImpl.java:394)
	at java.base/sun.nio.ch.NioSocketImpl.implWrite(NioSocketImpl.java:410)
	at java.base/sun.nio.ch.NioSocketImpl.write(NioSocketImpl.java:440)
	at java.base/sun.nio.ch.NioSocketImpl$2.write(NioSocketImpl.java:819)
	at java.base/java.net.Socket$SocketOutputStream.write(Socket.java:1195)
	at org.postgresql.util.internal.PgBufferedOutputStream.flushBuffer(PgBufferedOutputStream.java:41)
	at org.postgresql.util.internal.PgBufferedOutputStream.flush(PgBufferedOutputStream.java:48)
	at org.postgresql.core.PGStream.flush(PGStream.java:708)
	at org.postgresql.core.v3.QueryExecutorImpl.sendSimpleQuery(QueryExecutorImpl.java:2063)
	at org.postgresql.core.v3.QueryExecutorImpl.sendOneQuery(QueryExecutorImpl.java:1944)
	at org.postgresql.core.v3.QueryExecutorImpl.sendQueryPreamble(QueryExecutorImpl.java:624)
	at org.postgresql.core.v3.QueryExecutorImpl.execute(QueryExecutorImpl.java:362)
	... 120 common frames omitted
2025-11-26 16:25:50.081 | WARN  | traceId=07060e73-c35a-4832-8ee3-215166deed59 | o.h.e.j.spi.SqlExceptionHelper.logExceptions | SQL Error: 0, SQLState: 08006
2025-11-26 16:25:50.081 | ERROR | traceId=07060e73-c35a-4832-8ee3-215166deed59 | o.h.e.j.spi.SqlExceptionHelper.logExceptions | An I/O error occurred while sending to the backend.
2025-11-26 16:25:50.082 | ERROR | traceId=07060e73-c35a-4832-8ee3-215166deed59 | o.s.t.i.TransactionAspectSupport.completeTransactionAfterThrowing | Application exception overridden by rollback exception
org.hibernate.exception.JDBCConnectionException: could not execute statement [An I/O error occurred while sending to the backend.] [insert into oauth_authorize_request (client_id,code_challenge,code_challenge_method,created_at,redirect_uri,scope,state) values (?,?,?,?,?,?,?)]
	at org.hibernate.exception.internal.SQLStateConversionDelegate.convert(SQLStateConversionDelegate.java:100)
	at org.hibernate.exception.internal.StandardSQLExceptionConverter.convert(StandardSQLExceptionConverter.java:58)
	at org.hibernate.engine.jdbc.spi.SqlExceptionHelper.convert(SqlExceptionHelper.java:108)
	at org.hibernate.engine.jdbc.internal.ResultSetReturnImpl.executeUpdate(ResultSetReturnImpl.java:197)
	at org.hibernate.id.insert.GetGeneratedKeysDelegate.performMutation(GetGeneratedKeysDelegate.java:116)
	at org.hibernate.engine.jdbc.mutation.internal.MutationExecutorSingleNonBatched.performNonBatchedOperations(MutationExecutorSingleNonBatched.java:47)
	at org.hibernate.engine.jdbc.mutation.internal.AbstractMutationExecutor.execute(AbstractMutationExecutor.java:55)
	at org.hibernate.persister.entity.mutation.InsertCoordinatorStandard.doStaticInserts(InsertCoordinatorStandard.java:194)
	at org.hibernate.persister.entity.mutation.InsertCoordinatorStandard.coordinateInsert(InsertCoordinatorStandard.java:132)
	at org.hibernate.persister.entity.mutation.InsertCoordinatorStandard.insert(InsertCoordinatorStandard.java:95)
	at org.hibernate.action.internal.EntityIdentityInsertAction.execute(EntityIdentityInsertAction.java:85)
	at org.hibernate.engine.spi.ActionQueue.execute(ActionQueue.java:682)
	at org.hibernate.engine.spi.ActionQueue.addResolvedEntityInsertAction(ActionQueue.java:293)
	at org.hibernate.engine.spi.ActionQueue.addInsertAction(ActionQueue.java:274)
	at org.hibernate.engine.spi.ActionQueue.addAction(ActionQueue.java:324)
	at org.hibernate.event.internal.AbstractSaveEventListener.addInsertAction(AbstractSaveEventListener.java:394)
	at org.hibernate.event.internal.AbstractSaveEventListener.performSaveOrReplicate(AbstractSaveEventListener.java:308)
	at org.hibernate.event.internal.AbstractSaveEventListener.performSave(AbstractSaveEventListener.java:224)
	at org.hibernate.event.internal.AbstractSaveEventListener.saveWithGeneratedId(AbstractSaveEventListener.java:136)
	at org.hibernate.event.internal.DefaultPersistEventListener.entityIsTransient(DefaultPersistEventListener.java:177)
	at org.hibernate.event.internal.DefaultPersistEventListener.persist(DefaultPersistEventListener.java:95)
	at org.hibernate.event.internal.DefaultPersistEventListener.onPersist(DefaultPersistEventListener.java:79)
	at org.hibernate.event.internal.DefaultPersistEventListener.onPersist(DefaultPersistEventListener.java:55)
	at org.hibernate.event.service.internal.EventListenerGroupImpl.fireEventOnEachListener(EventListenerGroupImpl.java:127)
	at org.hibernate.internal.SessionImpl.firePersist(SessionImpl.java:761)
	at org.hibernate.internal.SessionImpl.persist(SessionImpl.java:745)
	at java.base/jdk.internal.reflect.DirectMethodHandleAccessor.invoke(DirectMethodHandleAccessor.java:103)
	at java.base/java.lang.reflect.Method.invoke(Method.java:580)
	at org.springframework.orm.jpa.ExtendedEntityManagerCreator$ExtendedEntityManagerInvocationHandler.invoke(ExtendedEntityManagerCreator.java:364)
	at jdk.proxy2/jdk.proxy2.$Proxy118.persist(Unknown Source)
	at java.base/jdk.internal.reflect.DirectMethodHandleAccessor.invoke(DirectMethodHandleAccessor.java:103)
	at java.base/java.lang.reflect.Method.invoke(Method.java:580)
	at org.springframework.orm.jpa.SharedEntityManagerCreator$SharedEntityManagerInvocationHandler.invoke(SharedEntityManagerCreator.java:320)
	at jdk.proxy2/jdk.proxy2.$Proxy118.persist(Unknown Source)
	at org.springframework.data.jpa.repository.support.SimpleJpaRepository.save(SimpleJpaRepository.java:654)
	at java.base/jdk.internal.reflect.DirectMethodHandleAccessor.invoke(DirectMethodHandleAccessor.java:103)
	at java.base/java.lang.reflect.Method.invoke(Method.java:580)
	at org.springframework.aop.support.AopUtils.invokeJoinpointUsingReflection(AopUtils.java:360)
	at org.springframework.data.repository.core.support.RepositoryMethodInvoker$RepositoryFragmentMethodInvoker.lambda$new$0(RepositoryMethodInvoker.java:277)
	at org.springframework.data.repository.core.support.RepositoryMethodInvoker.doInvoke(RepositoryMethodInvoker.java:170)
	at org.springframework.data.repository.core.support.RepositoryMethodInvoker.invoke(RepositoryMethodInvoker.java:158)
	at org.springframework.data.repository.core.support.RepositoryComposition$RepositoryFragments.invoke(RepositoryComposition.java:515)
	at org.springframework.data.repository.core.support.RepositoryComposition.invoke(RepositoryComposition.java:284)
	at org.springframework.data.repository.core.support.RepositoryFactorySupport$ImplementationMethodExecutionInterceptor.invoke(RepositoryFactorySupport.java:734)
	at org.springframework.aop.framework.ReflectiveMethodInvocation.proceed(ReflectiveMethodInvocation.java:184)
	at org.springframework.data.repository.core.support.QueryExecutorMethodInterceptor.doInvoke(QueryExecutorMethodInterceptor.java:174)
	at org.springframework.data.repository.core.support.QueryExecutorMethodInterceptor.invoke(QueryExecutorMethodInterceptor.java:149)
	at org.springframework.aop.framework.ReflectiveMethodInvocation.proceed(ReflectiveMethodInvocation.java:184)
	at org.springframework.data.projection.DefaultMethodInvokingMethodInterceptor.invoke(DefaultMethodInvokingMethodInterceptor.java:69)
	at org.springframework.aop.framework.ReflectiveMethodInvocation.proceed(ReflectiveMethodInvocation.java:184)
	at org.springframework.transaction.interceptor.TransactionAspectSupport.invokeWithinTransaction(TransactionAspectSupport.java:380)
	at org.springframework.transaction.interceptor.TransactionInterceptor.invoke(TransactionInterceptor.java:119)
	at org.springframework.aop.framework.ReflectiveMethodInvocation.proceed(ReflectiveMethodInvocation.java:184)
	at org.springframework.dao.support.PersistenceExceptionTranslationInterceptor.invoke(PersistenceExceptionTranslationInterceptor.java:138)
	at org.springframework.aop.framework.ReflectiveMethodInvocation.proceed(ReflectiveMethodInvocation.java:184)
	at org.springframework.data.jpa.repository.support.CrudMethodMetadataPostProcessor$CrudMethodMetadataPopulatingMethodInterceptor.invoke(CrudMethodMetadataPostProcessor.java:165)
	at org.springframework.aop.framework.ReflectiveMethodInvocation.proceed(ReflectiveMethodInvocation.java:184)
	at org.springframework.aop.framework.JdkDynamicAopProxy.invoke(JdkDynamicAopProxy.java:223)
	at jdk.proxy2/jdk.proxy2.$Proxy126.save(Unknown Source)
	at com.example.pic.ServiceImpl.OauthImpl.getAuthUrl(OauthImpl.java:170)
	at java.base/jdk.internal.reflect.DirectMethodHandleAccessor.invoke(DirectMethodHandleAccessor.java:103)
	at java.base/java.lang.reflect.Method.invoke(Method.java:580)
	at org.springframework.aop.support.AopUtils.invokeJoinpointUsingReflection(AopUtils.java:360)
	at org.springframework.aop.framework.CglibAopProxy$DynamicAdvisedInterceptor.intercept(CglibAopProxy.java:724)
	at com.example.pic.ServiceImpl.OauthImpl$$SpringCGLIB$$0.getAuthUrl(<generated>)
	at com.example.pic.Controller.OidcController.getAuthCode(OidcController.java:63)
	at java.base/jdk.internal.reflect.DirectMethodHandleAccessor.invoke(DirectMethodHandleAccessor.java:103)
	at java.base/java.lang.reflect.Method.invoke(Method.java:580)
	at org.springframework.web.method.support.InvocableHandlerMethod.doInvoke(InvocableHandlerMethod.java:258)
	at org.springframework.web.method.support.InvocableHandlerMethod.invokeForRequest(InvocableHandlerMethod.java:191)
	at org.springframework.web.servlet.mvc.method.annotation.ServletInvocableHandlerMethod.invokeAndHandle(ServletInvocableHandlerMethod.java:118)
	at org.springframework.web.servlet.mvc.method.annotation.RequestMappingHandlerAdapter.invokeHandlerMethod(RequestMappingHandlerAdapter.java:991)
	at org.springframework.web.servlet.mvc.method.annotation.RequestMappingHandlerAdapter.handleInternal(RequestMappingHandlerAdapter.java:896)
	at org.springframework.web.servlet.mvc.method.AbstractHandlerMethodAdapter.handle(AbstractHandlerMethodAdapter.java:87)
	at org.springframework.web.servlet.DispatcherServlet.doDispatch(DispatcherServlet.java:1089)
	at org.springframework.web.servlet.DispatcherServlet.doService(DispatcherServlet.java:979)
	at org.springframework.web.servlet.FrameworkServlet.processRequest(FrameworkServlet.java:1014)
	at org.springframework.web.servlet.FrameworkServlet.doGet(FrameworkServlet.java:903)
	at jakarta.servlet.http.HttpServlet.service(HttpServlet.java:564)
	at org.springframework.web.servlet.FrameworkServlet.service(FrameworkServlet.java:885)
	at jakarta.servlet.http.HttpServlet.service(HttpServlet.java:658)
	at org.apache.catalina.core.ApplicationFilterChain.internalDoFilter(ApplicationFilterChain.java:195)
	at org.apache.catalina.core.ApplicationFilterChain.doFilter(ApplicationFilterChain.java:140)
	at org.apache.tomcat.websocket.server.WsFilter.doFilter(WsFilter.java:51)
	at org.apache.catalina.core.ApplicationFilterChain.internalDoFilter(ApplicationFilterChain.java:164)
	at org.apache.catalina.core.ApplicationFilterChain.doFilter(ApplicationFilterChain.java:140)
	at com.example.pic.config.TraceIdFilter.doFilter(TraceIdFilter.java:29)
	at org.apache.catalina.core.ApplicationFilterChain.internalDoFilter(ApplicationFilterChain.java:164)
	at org.apache.catalina.core.ApplicationFilterChain.doFilter(ApplicationFilterChain.java:140)
	at org.springframework.web.filter.RequestContextFilter.doFilterInternal(RequestContextFilter.java:100)
	at org.springframework.web.filter.OncePerRequestFilter.doFilter(OncePerRequestFilter.java:116)
	at org.apache.catalina.core.ApplicationFilterChain.internalDoFilter(ApplicationFilterChain.java:164)
	at org.apache.catalina.core.ApplicationFilterChain.doFilter(ApplicationFilterChain.java:140)
	at org.springframework.web.filter.FormContentFilter.doFilterInternal(FormContentFilter.java:93)
	at org.springframework.web.filter.OncePerRequestFilter.doFilter(OncePerRequestFilter.java:116)
	at org.apache.catalina.core.ApplicationFilterChain.internalDoFilter(ApplicationFilterChain.java:164)
	at org.apache.catalina.core.ApplicationFilterChain.doFilter(ApplicationFilterChain.java:140)
	at org.springframework.web.filter.CharacterEncodingFilter.doFilterInternal(CharacterEncodingFilter.java:201)
	at org.springframework.web.filter.OncePerRequestFilter.doFilter(OncePerRequestFilter.java:116)
	at org.apache.catalina.core.ApplicationFilterChain.internalDoFilter(ApplicationFilterChain.java:164)
	at org.apache.catalina.core.ApplicationFilterChain.doFilter(ApplicationFilterChain.java:140)
	at org.apache.catalina.core.StandardWrapperValve.invoke(StandardWrapperValve.java:167)
	at org.apache.catalina.core.StandardContextValve.invoke(StandardContextValve.java:90)
	at org.apache.catalina.authenticator.AuthenticatorBase.invoke(AuthenticatorBase.java:483)
	at org.apache.catalina.core.StandardHostValve.invoke(StandardHostValve.java:116)
	at org.apache.catalina.valves.ErrorReportValve.invoke(ErrorReportValve.java:93)
	at org.apache.catalina.core.StandardEngineValve.invoke(StandardEngineValve.java:74)
	at org.apache.catalina.connector.CoyoteAdapter.service(CoyoteAdapter.java:344)
	at org.apache.coyote.http11.Http11Processor.service(Http11Processor.java:398)
	at org.apache.coyote.AbstractProcessorLight.process(AbstractProcessorLight.java:63)
	at org.apache.coyote.AbstractProtocol$ConnectionHandler.process(AbstractProtocol.java:903)
	at org.apache.tomcat.util.net.NioEndpoint$SocketProcessor.doRun(NioEndpoint.java:1776)
	at org.apache.tomcat.util.net.SocketProcessorBase.run(SocketProcessorBase.java:52)
	at org.apache.tomcat.util.threads.ThreadPoolExecutor.runWorker(ThreadPoolExecutor.java:975)
	at org.apache.tomcat.util.threads.ThreadPoolExecutor$Worker.run(ThreadPoolExecutor.java:493)
	at org.apache.tomcat.util.threads.TaskThread$WrappingRunnable.run(TaskThread.java:63)
	at java.base/java.lang.Thread.run(Thread.java:1583)
Caused by: org.postgresql.util.PSQLException: An I/O error occurred while sending to the backend.
	at org.postgresql.core.v3.QueryExecutorImpl.execute(QueryExecutorImpl.java:399)
	at org.postgresql.jdbc.PgStatement.executeInternal(PgStatement.java:518)
	at org.postgresql.jdbc.PgStatement.execute(PgStatement.java:435)
	at org.postgresql.jdbc.PgPreparedStatement.executeWithFlags(PgPreparedStatement.java:196)
	at org.postgresql.jdbc.PgPreparedStatement.executeUpdate(PgPreparedStatement.java:157)
	at com.zaxxer.hikari.pool.ProxyPreparedStatement.executeUpdate(ProxyPreparedStatement.java:61)
	at com.zaxxer.hikari.pool.HikariProxyPreparedStatement.executeUpdate(HikariProxyPreparedStatement.java)
	at org.hibernate.engine.jdbc.internal.ResultSetReturnImpl.executeUpdate(ResultSetReturnImpl.java:194)
	... 113 common frames omitted
Caused by: java.net.SocketException: Connection reset by peer
	at java.base/sun.nio.ch.SocketDispatcher.write0(Native Method)
	at java.base/sun.nio.ch.SocketDispatcher.write(SocketDispatcher.java:54)
	at java.base/sun.nio.ch.NioSocketImpl.tryWrite(NioSocketImpl.java:394)
	at java.base/sun.nio.ch.NioSocketImpl.implWrite(NioSocketImpl.java:410)
	at java.base/sun.nio.ch.NioSocketImpl.write(NioSocketImpl.java:440)
	at java.base/sun.nio.ch.NioSocketImpl$2.write(NioSocketImpl.java:819)
	at java.base/java.net.Socket$SocketOutputStream.write(Socket.java:1195)
	at org.postgresql.util.internal.PgBufferedOutputStream.flushBuffer(PgBufferedOutputStream.java:41)
	at org.postgresql.util.internal.PgBufferedOutputStream.flush(PgBufferedOutputStream.java:48)
	at org.postgresql.core.PGStream.flush(PGStream.java:708)
	at org.postgresql.core.v3.QueryExecutorImpl.sendSimpleQuery(QueryExecutorImpl.java:2063)
	at org.postgresql.core.v3.QueryExecutorImpl.sendOneQuery(QueryExecutorImpl.java:1944)
	at org.postgresql.core.v3.QueryExecutorImpl.sendQueryPreamble(QueryExecutorImpl.java:624)
	at org.postgresql.core.v3.QueryExecutorImpl.execute(QueryExecutorImpl.java:362)
	... 120 common frames omitted
2025-11-26 16:25:50.083 | ERROR | traceId=07060e73-c35a-4832-8ee3-215166deed59 | c.e.pic.ServiceImpl.OauthImpl.getAuthUrl | 寫入 OauthAuthorizeRequestTb 發生錯誤
org.springframework.orm.jpa.JpaSystemException: Unable to rollback against JDBC Connection
	at org.springframework.orm.jpa.vendor.HibernateJpaDialect.convertHibernateAccessException(HibernateJpaDialect.java:348)
	at org.springframework.orm.jpa.vendor.HibernateJpaDialect.convertHibernateAccessException(HibernateJpaDialect.java:256)
	at org.springframework.orm.jpa.vendor.HibernateJpaDialect.translateExceptionIfPossible(HibernateJpaDialect.java:241)
	at org.springframework.orm.jpa.JpaTransactionManager.doRollback(JpaTransactionManager.java:594)
	at org.springframework.transaction.support.AbstractPlatformTransactionManager.processRollback(AbstractPlatformTransactionManager.java:897)
	at org.springframework.transaction.support.AbstractPlatformTransactionManager.rollback(AbstractPlatformTransactionManager.java:866)
	at org.springframework.transaction.interceptor.TransactionAspectSupport.completeTransactionAfterThrowing(TransactionAspectSupport.java:716)
	at org.springframework.transaction.interceptor.TransactionAspectSupport.invokeWithinTransaction(TransactionAspectSupport.java:384)
	at org.springframework.transaction.interceptor.TransactionInterceptor.invoke(TransactionInterceptor.java:119)
	at org.springframework.aop.framework.ReflectiveMethodInvocation.proceed(ReflectiveMethodInvocation.java:184)
	at org.springframework.dao.support.PersistenceExceptionTranslationInterceptor.invoke(PersistenceExceptionTranslationInterceptor.java:138)
	at org.springframework.aop.framework.ReflectiveMethodInvocation.proceed(ReflectiveMethodInvocation.java:184)
	at org.springframework.data.jpa.repository.support.CrudMethodMetadataPostProcessor$CrudMethodMetadataPopulatingMethodInterceptor.invoke(CrudMethodMetadataPostProcessor.java:165)
	at org.springframework.aop.framework.ReflectiveMethodInvocation.proceed(ReflectiveMethodInvocation.java:184)
	at org.springframework.aop.framework.JdkDynamicAopProxy.invoke(JdkDynamicAopProxy.java:223)
	at jdk.proxy2/jdk.proxy2.$Proxy126.save(Unknown Source)
	at com.example.pic.ServiceImpl.OauthImpl.getAuthUrl(OauthImpl.java:170)
	at java.base/jdk.internal.reflect.DirectMethodHandleAccessor.invoke(DirectMethodHandleAccessor.java:103)
	at java.base/java.lang.reflect.Method.invoke(Method.java:580)
	at org.springframework.aop.support.AopUtils.invokeJoinpointUsingReflection(AopUtils.java:360)
	at org.springframework.aop.framework.CglibAopProxy$DynamicAdvisedInterceptor.intercept(CglibAopProxy.java:724)
	at com.example.pic.ServiceImpl.OauthImpl$$SpringCGLIB$$0.getAuthUrl(<generated>)
	at com.example.pic.Controller.OidcController.getAuthCode(OidcController.java:63)
	at java.base/jdk.internal.reflect.DirectMethodHandleAccessor.invoke(DirectMethodHandleAccessor.java:103)
	at java.base/java.lang.reflect.Method.invoke(Method.java:580)
	at org.springframework.web.method.support.InvocableHandlerMethod.doInvoke(InvocableHandlerMethod.java:258)
	at org.springframework.web.method.support.InvocableHandlerMethod.invokeForRequest(InvocableHandlerMethod.java:191)
	at org.springframework.web.servlet.mvc.method.annotation.ServletInvocableHandlerMethod.invokeAndHandle(ServletInvocableHandlerMethod.java:118)
	at org.springframework.web.servlet.mvc.method.annotation.RequestMappingHandlerAdapter.invokeHandlerMethod(RequestMappingHandlerAdapter.java:991)
	at org.springframework.web.servlet.mvc.method.annotation.RequestMappingHandlerAdapter.handleInternal(RequestMappingHandlerAdapter.java:896)
	at org.springframework.web.servlet.mvc.method.AbstractHandlerMethodAdapter.handle(AbstractHandlerMethodAdapter.java:87)
	at org.springframework.web.servlet.DispatcherServlet.doDispatch(DispatcherServlet.java:1089)
	at org.springframework.web.servlet.DispatcherServlet.doService(DispatcherServlet.java:979)
	at org.springframework.web.servlet.FrameworkServlet.processRequest(FrameworkServlet.java:1014)
	at org.springframework.web.servlet.FrameworkServlet.doGet(FrameworkServlet.java:903)
	at jakarta.servlet.http.HttpServlet.service(HttpServlet.java:564)
	at org.springframework.web.servlet.FrameworkServlet.service(FrameworkServlet.java:885)
	at jakarta.servlet.http.HttpServlet.service(HttpServlet.java:658)
	at org.apache.catalina.core.ApplicationFilterChain.internalDoFilter(ApplicationFilterChain.java:195)
	at org.apache.catalina.core.ApplicationFilterChain.doFilter(ApplicationFilterChain.java:140)
	at org.apache.tomcat.websocket.server.WsFilter.doFilter(WsFilter.java:51)
	at org.apache.catalina.core.ApplicationFilterChain.internalDoFilter(ApplicationFilterChain.java:164)
	at org.apache.catalina.core.ApplicationFilterChain.doFilter(ApplicationFilterChain.java:140)
	at com.example.pic.config.TraceIdFilter.doFilter(TraceIdFilter.java:29)
	at org.apache.catalina.core.ApplicationFilterChain.internalDoFilter(ApplicationFilterChain.java:164)
	at org.apache.catalina.core.ApplicationFilterChain.doFilter(ApplicationFilterChain.java:140)
	at org.springframework.web.filter.RequestContextFilter.doFilterInternal(RequestContextFilter.java:100)
	at org.springframework.web.filter.OncePerRequestFilter.doFilter(OncePerRequestFilter.java:116)
	at org.apache.catalina.core.ApplicationFilterChain.internalDoFilter(ApplicationFilterChain.java:164)
	at org.apache.catalina.core.ApplicationFilterChain.doFilter(ApplicationFilterChain.java:140)
	at org.springframework.web.filter.FormContentFilter.doFilterInternal(FormContentFilter.java:93)
	at org.springframework.web.filter.OncePerRequestFilter.doFilter(OncePerRequestFilter.java:116)
	at org.apache.catalina.core.ApplicationFilterChain.internalDoFilter(ApplicationFilterChain.java:164)
	at org.apache.catalina.core.ApplicationFilterChain.doFilter(ApplicationFilterChain.java:140)
	at org.springframework.web.filter.CharacterEncodingFilter.doFilterInternal(CharacterEncodingFilter.java:201)
	at org.springframework.web.filter.OncePerRequestFilter.doFilter(OncePerRequestFilter.java:116)
	at org.apache.catalina.core.ApplicationFilterChain.internalDoFilter(ApplicationFilterChain.java:164)
	at org.apache.catalina.core.ApplicationFilterChain.doFilter(ApplicationFilterChain.java:140)
	at org.apache.catalina.core.StandardWrapperValve.invoke(StandardWrapperValve.java:167)
	at org.apache.catalina.core.StandardContextValve.invoke(StandardContextValve.java:90)
	at org.apache.catalina.authenticator.AuthenticatorBase.invoke(AuthenticatorBase.java:483)
	at org.apache.catalina.core.StandardHostValve.invoke(StandardHostValve.java:116)
	at org.apache.catalina.valves.ErrorReportValve.invoke(ErrorReportValve.java:93)
	at org.apache.catalina.core.StandardEngineValve.invoke(StandardEngineValve.java:74)
	at org.apache.catalina.connector.CoyoteAdapter.service(CoyoteAdapter.java:344)
	at org.apache.coyote.http11.Http11Processor.service(Http11Processor.java:398)
	at org.apache.coyote.AbstractProcessorLight.process(AbstractProcessorLight.java:63)
	at org.apache.coyote.AbstractProtocol$ConnectionHandler.process(AbstractProtocol.java:903)
	at org.apache.tomcat.util.net.NioEndpoint$SocketProcessor.doRun(NioEndpoint.java:1776)
	at org.apache.tomcat.util.net.SocketProcessorBase.run(SocketProcessorBase.java:52)
	at org.apache.tomcat.util.threads.ThreadPoolExecutor.runWorker(ThreadPoolExecutor.java:975)
	at org.apache.tomcat.util.threads.ThreadPoolExecutor$Worker.run(ThreadPoolExecutor.java:493)
	at org.apache.tomcat.util.threads.TaskThread$WrappingRunnable.run(TaskThread.java:63)
	at java.base/java.lang.Thread.run(Thread.java:1583)
Caused by: org.hibernate.TransactionException: Unable to rollback against JDBC Connection
	at org.hibernate.resource.jdbc.internal.AbstractLogicalConnectionImplementor.rollback(AbstractLogicalConnectionImplementor.java:137)
	at org.hibernate.resource.transaction.backend.jdbc.internal.JdbcResourceLocalTransactionCoordinatorImpl$TransactionDriverControlImpl.rollback(JdbcResourceLocalTransactionCoordinatorImpl.java:289)
	at org.hibernate.engine.transaction.internal.TransactionImpl.rollback(TransactionImpl.java:142)
	at org.springframework.orm.jpa.JpaTransactionManager.doRollback(JpaTransactionManager.java:590)
	... 70 common frames omitted
Caused by: java.sql.SQLException: Connection is closed
	at com.zaxxer.hikari.pool.ProxyConnection$ClosedConnection.lambda$getClosedConnection$0(ProxyConnection.java:562)
	at jdk.proxy3/jdk.proxy3.$Proxy96.rollback(Unknown Source)
	at com.zaxxer.hikari.pool.ProxyConnection.rollback(ProxyConnection.java:386)
	at com.zaxxer.hikari.pool.HikariProxyConnection.rollback(HikariProxyConnection.java)
	at org.hibernate.resource.jdbc.internal.AbstractLogicalConnectionImplementor.rollback(AbstractLogicalConnectionImplementor.java:127)
	... 73 common frames omitted
2025-11-26 16:25:51.142 | WARN  | traceId=5f453a8b-a8ef-4dcc-8250-d21e46663f16 | c.z.h.pool.ProxyConnection.checkException | HikariPool-1 - Connection org.postgresql.jdbc.PgConnection@7144091a marked as broken because of SQLSTATE(08006), ErrorCode(0)
org.postgresql.util.PSQLException: An I/O error occurred while sending to the backend.
	at org.postgresql.core.v3.QueryExecutorImpl.execute(QueryExecutorImpl.java:399)
	at org.postgresql.jdbc.PgStatement.executeInternal(PgStatement.java:518)
	at org.postgresql.jdbc.PgStatement.execute(PgStatement.java:435)
	at org.postgresql.jdbc.PgPreparedStatement.executeWithFlags(PgPreparedStatement.java:196)
	at org.postgresql.jdbc.PgPreparedStatement.executeUpdate(PgPreparedStatement.java:157)
	at com.zaxxer.hikari.pool.ProxyPreparedStatement.executeUpdate(ProxyPreparedStatement.java:61)
	at com.zaxxer.hikari.pool.HikariProxyPreparedStatement.executeUpdate(HikariProxyPreparedStatement.java)
	at org.hibernate.engine.jdbc.internal.ResultSetReturnImpl.executeUpdate(ResultSetReturnImpl.java:194)
	at org.hibernate.id.insert.GetGeneratedKeysDelegate.performMutation(GetGeneratedKeysDelegate.java:116)
	at org.hibernate.engine.jdbc.mutation.internal.MutationExecutorSingleNonBatched.performNonBatchedOperations(MutationExecutorSingleNonBatched.java:47)
	at org.hibernate.engine.jdbc.mutation.internal.AbstractMutationExecutor.execute(AbstractMutationExecutor.java:55)
	at org.hibernate.persister.entity.mutation.InsertCoordinatorStandard.doStaticInserts(InsertCoordinatorStandard.java:194)
	at org.hibernate.persister.entity.mutation.InsertCoordinatorStandard.coordinateInsert(InsertCoordinatorStandard.java:132)
	at org.hibernate.persister.entity.mutation.InsertCoordinatorStandard.insert(InsertCoordinatorStandard.java:95)
	at org.hibernate.action.internal.EntityIdentityInsertAction.execute(EntityIdentityInsertAction.java:85)
	at org.hibernate.engine.spi.ActionQueue.execute(ActionQueue.java:682)
	at org.hibernate.engine.spi.ActionQueue.addResolvedEntityInsertAction(ActionQueue.java:293)
	at org.hibernate.engine.spi.ActionQueue.addInsertAction(ActionQueue.java:274)
	at org.hibernate.engine.spi.ActionQueue.addAction(ActionQueue.java:324)
	at org.hibernate.event.internal.AbstractSaveEventListener.addInsertAction(AbstractSaveEventListener.java:394)
	at org.hibernate.event.internal.AbstractSaveEventListener.performSaveOrReplicate(AbstractSaveEventListener.java:308)
	at org.hibernate.event.internal.AbstractSaveEventListener.performSave(AbstractSaveEventListener.java:224)
	at org.hibernate.event.internal.AbstractSaveEventListener.saveWithGeneratedId(AbstractSaveEventListener.java:136)
	at org.hibernate.event.internal.DefaultPersistEventListener.entityIsTransient(DefaultPersistEventListener.java:177)
	at org.hibernate.event.internal.DefaultPersistEventListener.persist(DefaultPersistEventListener.java:95)
	at org.hibernate.event.internal.DefaultPersistEventListener.onPersist(DefaultPersistEventListener.java:79)
	at org.hibernate.event.internal.DefaultPersistEventListener.onPersist(DefaultPersistEventListener.java:55)
	at org.hibernate.event.service.internal.EventListenerGroupImpl.fireEventOnEachListener(EventListenerGroupImpl.java:127)
	at org.hibernate.internal.SessionImpl.firePersist(SessionImpl.java:761)
	at org.hibernate.internal.SessionImpl.persist(SessionImpl.java:745)
	at java.base/jdk.internal.reflect.DirectMethodHandleAccessor.invoke(DirectMethodHandleAccessor.java:103)
	at java.base/java.lang.reflect.Method.invoke(Method.java:580)
	at org.springframework.orm.jpa.ExtendedEntityManagerCreator$ExtendedEntityManagerInvocationHandler.invoke(ExtendedEntityManagerCreator.java:364)
	at jdk.proxy2/jdk.proxy2.$Proxy118.persist(Unknown Source)
	at java.base/jdk.internal.reflect.DirectMethodHandleAccessor.invoke(DirectMethodHandleAccessor.java:103)
	at java.base/java.lang.reflect.Method.invoke(Method.java:580)
	at org.springframework.orm.jpa.SharedEntityManagerCreator$SharedEntityManagerInvocationHandler.invoke(SharedEntityManagerCreator.java:320)
	at jdk.proxy2/jdk.proxy2.$Proxy118.persist(Unknown Source)
	at org.springframework.data.jpa.repository.support.SimpleJpaRepository.save(SimpleJpaRepository.java:654)
	at java.base/jdk.internal.reflect.DirectMethodHandleAccessor.invoke(DirectMethodHandleAccessor.java:103)
	at java.base/java.lang.reflect.Method.invoke(Method.java:580)
	at org.springframework.aop.support.AopUtils.invokeJoinpointUsingReflection(AopUtils.java:360)
	at org.springframework.data.repository.core.support.RepositoryMethodInvoker$RepositoryFragmentMethodInvoker.lambda$new$0(RepositoryMethodInvoker.java:277)
	at org.springframework.data.repository.core.support.RepositoryMethodInvoker.doInvoke(RepositoryMethodInvoker.java:170)
	at org.springframework.data.repository.core.support.RepositoryMethodInvoker.invoke(RepositoryMethodInvoker.java:158)
	at org.springframework.data.repository.core.support.RepositoryComposition$RepositoryFragments.invoke(RepositoryComposition.java:515)
	at org.springframework.data.repository.core.support.RepositoryComposition.invoke(RepositoryComposition.java:284)
	at org.springframework.data.repository.core.support.RepositoryFactorySupport$ImplementationMethodExecutionInterceptor.invoke(RepositoryFactorySupport.java:734)
	at org.springframework.aop.framework.ReflectiveMethodInvocation.proceed(ReflectiveMethodInvocation.java:184)
	at org.springframework.data.repository.core.support.QueryExecutorMethodInterceptor.doInvoke(QueryExecutorMethodInterceptor.java:174)
	at org.springframework.data.repository.core.support.QueryExecutorMethodInterceptor.invoke(QueryExecutorMethodInterceptor.java:149)
	at org.springframework.aop.framework.ReflectiveMethodInvocation.proceed(ReflectiveMethodInvocation.java:184)
	at org.springframework.data.projection.DefaultMethodInvokingMethodInterceptor.invoke(DefaultMethodInvokingMethodInterceptor.java:69)
	at org.springframework.aop.framework.ReflectiveMethodInvocation.proceed(ReflectiveMethodInvocation.java:184)
	at org.springframework.transaction.interceptor.TransactionAspectSupport.invokeWithinTransaction(TransactionAspectSupport.java:380)
	at org.springframework.transaction.interceptor.TransactionInterceptor.invoke(TransactionInterceptor.java:119)
	at org.springframework.aop.framework.ReflectiveMethodInvocation.proceed(ReflectiveMethodInvocation.java:184)
	at org.springframework.dao.support.PersistenceExceptionTranslationInterceptor.invoke(PersistenceExceptionTranslationInterceptor.java:138)
	at org.springframework.aop.framework.ReflectiveMethodInvocation.proceed(ReflectiveMethodInvocation.java:184)
	at org.springframework.data.jpa.repository.support.CrudMethodMetadataPostProcessor$CrudMethodMetadataPopulatingMethodInterceptor.invoke(CrudMethodMetadataPostProcessor.java:165)
	at org.springframework.aop.framework.ReflectiveMethodInvocation.proceed(ReflectiveMethodInvocation.java:184)
	at org.springframework.aop.framework.JdkDynamicAopProxy.invoke(JdkDynamicAopProxy.java:223)
	at jdk.proxy2/jdk.proxy2.$Proxy126.save(Unknown Source)
	at com.example.pic.ServiceImpl.OauthImpl.getAuthUrl(OauthImpl.java:170)
	at java.base/jdk.internal.reflect.DirectMethodHandleAccessor.invoke(DirectMethodHandleAccessor.java:103)
	at java.base/java.lang.reflect.Method.invoke(Method.java:580)
	at org.springframework.aop.support.AopUtils.invokeJoinpointUsingReflection(AopUtils.java:360)
	at org.springframework.aop.framework.CglibAopProxy$DynamicAdvisedInterceptor.intercept(CglibAopProxy.java:724)
	at com.example.pic.ServiceImpl.OauthImpl$$SpringCGLIB$$0.getAuthUrl(<generated>)
	at com.example.pic.Controller.OidcController.getAuthCode(OidcController.java:63)
	at java.base/jdk.internal.reflect.DirectMethodHandleAccessor.invoke(DirectMethodHandleAccessor.java:103)
	at java.base/java.lang.reflect.Method.invoke(Method.java:580)
	at org.springframework.web.method.support.InvocableHandlerMethod.doInvoke(InvocableHandlerMethod.java:258)
	at org.springframework.web.method.support.InvocableHandlerMethod.invokeForRequest(InvocableHandlerMethod.java:191)
	at org.springframework.web.servlet.mvc.method.annotation.ServletInvocableHandlerMethod.invokeAndHandle(ServletInvocableHandlerMethod.java:118)
	at org.springframework.web.servlet.mvc.method.annotation.RequestMappingHandlerAdapter.invokeHandlerMethod(RequestMappingHandlerAdapter.java:991)
	at org.springframework.web.servlet.mvc.method.annotation.RequestMappingHandlerAdapter.handleInternal(RequestMappingHandlerAdapter.java:896)
	at org.springframework.web.servlet.mvc.method.AbstractHandlerMethodAdapter.handle(AbstractHandlerMethodAdapter.java:87)
	at org.springframework.web.servlet.DispatcherServlet.doDispatch(DispatcherServlet.java:1089)
	at org.springframework.web.servlet.DispatcherServlet.doService(DispatcherServlet.java:979)
	at org.springframework.web.servlet.FrameworkServlet.processRequest(FrameworkServlet.java:1014)
	at org.springframework.web.servlet.FrameworkServlet.doGet(FrameworkServlet.java:903)
	at jakarta.servlet.http.HttpServlet.service(HttpServlet.java:564)
	at org.springframework.web.servlet.FrameworkServlet.service(FrameworkServlet.java:885)
	at jakarta.servlet.http.HttpServlet.service(HttpServlet.java:658)
	at org.apache.catalina.core.ApplicationFilterChain.internalDoFilter(ApplicationFilterChain.java:195)
	at org.apache.catalina.core.ApplicationFilterChain.doFilter(ApplicationFilterChain.java:140)
	at org.apache.tomcat.websocket.server.WsFilter.doFilter(WsFilter.java:51)
	at org.apache.catalina.core.ApplicationFilterChain.internalDoFilter(ApplicationFilterChain.java:164)
	at org.apache.catalina.core.ApplicationFilterChain.doFilter(ApplicationFilterChain.java:140)
	at com.example.pic.config.TraceIdFilter.doFilter(TraceIdFilter.java:29)
	at org.apache.catalina.core.ApplicationFilterChain.internalDoFilter(ApplicationFilterChain.java:164)
	at org.apache.catalina.core.ApplicationFilterChain.doFilter(ApplicationFilterChain.java:140)
	at org.springframework.web.filter.RequestContextFilter.doFilterInternal(RequestContextFilter.java:100)
	at org.springframework.web.filter.OncePerRequestFilter.doFilter(OncePerRequestFilter.java:116)
	at org.apache.catalina.core.ApplicationFilterChain.internalDoFilter(ApplicationFilterChain.java:164)
	at org.apache.catalina.core.ApplicationFilterChain.doFilter(ApplicationFilterChain.java:140)
	at org.springframework.web.filter.FormContentFilter.doFilterInternal(FormContentFilter.java:93)
	at org.springframework.web.filter.OncePerRequestFilter.doFilter(OncePerRequestFilter.java:116)
	at org.apache.catalina.core.ApplicationFilterChain.internalDoFilter(ApplicationFilterChain.java:164)
	at org.apache.catalina.core.ApplicationFilterChain.doFilter(ApplicationFilterChain.java:140)
	at org.springframework.web.filter.CharacterEncodingFilter.doFilterInternal(CharacterEncodingFilter.java:201)
	at org.springframework.web.filter.OncePerRequestFilter.doFilter(OncePerRequestFilter.java:116)
	at org.apache.catalina.core.ApplicationFilterChain.internalDoFilter(ApplicationFilterChain.java:164)
	at org.apache.catalina.core.ApplicationFilterChain.doFilter(ApplicationFilterChain.java:140)
	at org.apache.catalina.core.StandardWrapperValve.invoke(StandardWrapperValve.java:167)
	at org.apache.catalina.core.StandardContextValve.invoke(StandardContextValve.java:90)
	at org.apache.catalina.authenticator.AuthenticatorBase.invoke(AuthenticatorBase.java:483)
	at org.apache.catalina.core.StandardHostValve.invoke(StandardHostValve.java:116)
	at org.apache.catalina.valves.ErrorReportValve.invoke(ErrorReportValve.java:93)
	at org.apache.catalina.core.StandardEngineValve.invoke(StandardEngineValve.java:74)
	at org.apache.catalina.connector.CoyoteAdapter.service(CoyoteAdapter.java:344)
	at org.apache.coyote.http11.Http11Processor.service(Http11Processor.java:398)
	at org.apache.coyote.AbstractProcessorLight.process(AbstractProcessorLight.java:63)
	at org.apache.coyote.AbstractProtocol$ConnectionHandler.process(AbstractProtocol.java:903)
	at org.apache.tomcat.util.net.NioEndpoint$SocketProcessor.doRun(NioEndpoint.java:1776)
	at org.apache.tomcat.util.net.SocketProcessorBase.run(SocketProcessorBase.java:52)
	at org.apache.tomcat.util.threads.ThreadPoolExecutor.runWorker(ThreadPoolExecutor.java:975)
	at org.apache.tomcat.util.threads.ThreadPoolExecutor$Worker.run(ThreadPoolExecutor.java:493)
	at org.apache.tomcat.util.threads.TaskThread$WrappingRunnable.run(TaskThread.java:63)
	at java.base/java.lang.Thread.run(Thread.java:1583)
Caused by: java.net.SocketException: Connection reset by peer
	at java.base/sun.nio.ch.SocketDispatcher.write0(Native Method)
	at java.base/sun.nio.ch.SocketDispatcher.write(SocketDispatcher.java:54)
	at java.base/sun.nio.ch.NioSocketImpl.tryWrite(NioSocketImpl.java:394)
	at java.base/sun.nio.ch.NioSocketImpl.implWrite(NioSocketImpl.java:410)
	at java.base/sun.nio.ch.NioSocketImpl.write(NioSocketImpl.java:440)
	at java.base/sun.nio.ch.NioSocketImpl$2.write(NioSocketImpl.java:819)
	at java.base/java.net.Socket$SocketOutputStream.write(Socket.java:1195)
	at org.postgresql.util.internal.PgBufferedOutputStream.flushBuffer(PgBufferedOutputStream.java:41)
	at org.postgresql.util.internal.PgBufferedOutputStream.flush(PgBufferedOutputStream.java:48)
	at org.postgresql.core.PGStream.flush(PGStream.java:708)
	at org.postgresql.core.v3.QueryExecutorImpl.sendSimpleQuery(QueryExecutorImpl.java:2063)
	at org.postgresql.core.v3.QueryExecutorImpl.sendOneQuery(QueryExecutorImpl.java:1944)
	at org.postgresql.core.v3.QueryExecutorImpl.sendQueryPreamble(QueryExecutorImpl.java:624)
	at org.postgresql.core.v3.QueryExecutorImpl.execute(QueryExecutorImpl.java:362)
	... 120 common frames omitted
2025-11-26 16:25:51.143 | WARN  | traceId=5f453a8b-a8ef-4dcc-8250-d21e46663f16 | o.h.e.j.spi.SqlExceptionHelper.logExceptions | SQL Error: 0, SQLState: 08006
2025-11-26 16:25:51.144 | ERROR | traceId=5f453a8b-a8ef-4dcc-8250-d21e46663f16 | o.h.e.j.spi.SqlExceptionHelper.logExceptions | An I/O error occurred while sending to the backend.
2025-11-26 16:25:51.145 | ERROR | traceId=5f453a8b-a8ef-4dcc-8250-d21e46663f16 | o.s.t.i.TransactionAspectSupport.completeTransactionAfterThrowing | Application exception overridden by rollback exception
org.hibernate.exception.JDBCConnectionException: could not execute statement [An I/O error occurred while sending to the backend.] [insert into oauth_authorize_request (client_id,code_challenge,code_challenge_method,created_at,redirect_uri,scope,state) values (?,?,?,?,?,?,?)]
	at org.hibernate.exception.internal.SQLStateConversionDelegate.convert(SQLStateConversionDelegate.java:100)
	at org.hibernate.exception.internal.StandardSQLExceptionConverter.convert(StandardSQLExceptionConverter.java:58)
	at org.hibernate.engine.jdbc.spi.SqlExceptionHelper.convert(SqlExceptionHelper.java:108)
	at org.hibernate.engine.jdbc.internal.ResultSetReturnImpl.executeUpdate(ResultSetReturnImpl.java:197)
	at org.hibernate.id.insert.GetGeneratedKeysDelegate.performMutation(GetGeneratedKeysDelegate.java:116)
	at org.hibernate.engine.jdbc.mutation.internal.MutationExecutorSingleNonBatched.performNonBatchedOperations(MutationExecutorSingleNonBatched.java:47)
	at org.hibernate.engine.jdbc.mutation.internal.AbstractMutationExecutor.execute(AbstractMutationExecutor.java:55)
	at org.hibernate.persister.entity.mutation.InsertCoordinatorStandard.doStaticInserts(InsertCoordinatorStandard.java:194)
	at org.hibernate.persister.entity.mutation.InsertCoordinatorStandard.coordinateInsert(InsertCoordinatorStandard.java:132)
	at org.hibernate.persister.entity.mutation.InsertCoordinatorStandard.insert(InsertCoordinatorStandard.java:95)
	at org.hibernate.action.internal.EntityIdentityInsertAction.execute(EntityIdentityInsertAction.java:85)
	at org.hibernate.engine.spi.ActionQueue.execute(ActionQueue.java:682)
	at org.hibernate.engine.spi.ActionQueue.addResolvedEntityInsertAction(ActionQueue.java:293)
	at org.hibernate.engine.spi.ActionQueue.addInsertAction(ActionQueue.java:274)
	at org.hibernate.engine.spi.ActionQueue.addAction(ActionQueue.java:324)
	at org.hibernate.event.internal.AbstractSaveEventListener.addInsertAction(AbstractSaveEventListener.java:394)
	at org.hibernate.event.internal.AbstractSaveEventListener.performSaveOrReplicate(AbstractSaveEventListener.java:308)
	at org.hibernate.event.internal.AbstractSaveEventListener.performSave(AbstractSaveEventListener.java:224)
	at org.hibernate.event.internal.AbstractSaveEventListener.saveWithGeneratedId(AbstractSaveEventListener.java:136)
	at org.hibernate.event.internal.DefaultPersistEventListener.entityIsTransient(DefaultPersistEventListener.java:177)
	at org.hibernate.event.internal.DefaultPersistEventListener.persist(DefaultPersistEventListener.java:95)
	at org.hibernate.event.internal.DefaultPersistEventListener.onPersist(DefaultPersistEventListener.java:79)
	at org.hibernate.event.internal.DefaultPersistEventListener.onPersist(DefaultPersistEventListener.java:55)
	at org.hibernate.event.service.internal.EventListenerGroupImpl.fireEventOnEachListener(EventListenerGroupImpl.java:127)
	at org.hibernate.internal.SessionImpl.firePersist(SessionImpl.java:761)
	at org.hibernate.internal.SessionImpl.persist(SessionImpl.java:745)
	at java.base/jdk.internal.reflect.DirectMethodHandleAccessor.invoke(DirectMethodHandleAccessor.java:103)
	at java.base/java.lang.reflect.Method.invoke(Method.java:580)
	at org.springframework.orm.jpa.ExtendedEntityManagerCreator$ExtendedEntityManagerInvocationHandler.invoke(ExtendedEntityManagerCreator.java:364)
	at jdk.proxy2/jdk.proxy2.$Proxy118.persist(Unknown Source)
	at java.base/jdk.internal.reflect.DirectMethodHandleAccessor.invoke(DirectMethodHandleAccessor.java:103)
	at java.base/java.lang.reflect.Method.invoke(Method.java:580)
	at org.springframework.orm.jpa.SharedEntityManagerCreator$SharedEntityManagerInvocationHandler.invoke(SharedEntityManagerCreator.java:320)
	at jdk.proxy2/jdk.proxy2.$Proxy118.persist(Unknown Source)
	at org.springframework.data.jpa.repository.support.SimpleJpaRepository.save(SimpleJpaRepository.java:654)
	at java.base/jdk.internal.reflect.DirectMethodHandleAccessor.invoke(DirectMethodHandleAccessor.java:103)
	at java.base/java.lang.reflect.Method.invoke(Method.java:580)
	at org.springframework.aop.support.AopUtils.invokeJoinpointUsingReflection(AopUtils.java:360)
	at org.springframework.data.repository.core.support.RepositoryMethodInvoker$RepositoryFragmentMethodInvoker.lambda$new$0(RepositoryMethodInvoker.java:277)
	at org.springframework.data.repository.core.support.RepositoryMethodInvoker.doInvoke(RepositoryMethodInvoker.java:170)
	at org.springframework.data.repository.core.support.RepositoryMethodInvoker.invoke(RepositoryMethodInvoker.java:158)
	at org.springframework.data.repository.core.support.RepositoryComposition$RepositoryFragments.invoke(RepositoryComposition.java:515)
	at org.springframework.data.repository.core.support.RepositoryComposition.invoke(RepositoryComposition.java:284)
	at org.springframework.data.repository.core.support.RepositoryFactorySupport$ImplementationMethodExecutionInterceptor.invoke(RepositoryFactorySupport.java:734)
	at org.springframework.aop.framework.ReflectiveMethodInvocation.proceed(ReflectiveMethodInvocation.java:184)
	at org.springframework.data.repository.core.support.QueryExecutorMethodInterceptor.doInvoke(QueryExecutorMethodInterceptor.java:174)
	at org.springframework.data.repository.core.support.QueryExecutorMethodInterceptor.invoke(QueryExecutorMethodInterceptor.java:149)
	at org.springframework.aop.framework.ReflectiveMethodInvocation.proceed(ReflectiveMethodInvocation.java:184)
	at org.springframework.data.projection.DefaultMethodInvokingMethodInterceptor.invoke(DefaultMethodInvokingMethodInterceptor.java:69)
	at org.springframework.aop.framework.ReflectiveMethodInvocation.proceed(ReflectiveMethodInvocation.java:184)
	at org.springframework.transaction.interceptor.TransactionAspectSupport.invokeWithinTransaction(TransactionAspectSupport.java:380)
	at org.springframework.transaction.interceptor.TransactionInterceptor.invoke(TransactionInterceptor.java:119)
	at org.springframework.aop.framework.ReflectiveMethodInvocation.proceed(ReflectiveMethodInvocation.java:184)
	at org.springframework.dao.support.PersistenceExceptionTranslationInterceptor.invoke(PersistenceExceptionTranslationInterceptor.java:138)
	at org.springframework.aop.framework.ReflectiveMethodInvocation.proceed(ReflectiveMethodInvocation.java:184)
	at org.springframework.data.jpa.repository.support.CrudMethodMetadataPostProcessor$CrudMethodMetadataPopulatingMethodInterceptor.invoke(CrudMethodMetadataPostProcessor.java:165)
	at org.springframework.aop.framework.ReflectiveMethodInvocation.proceed(ReflectiveMethodInvocation.java:184)
	at org.springframework.aop.framework.JdkDynamicAopProxy.invoke(JdkDynamicAopProxy.java:223)
	at jdk.proxy2/jdk.proxy2.$Proxy126.save(Unknown Source)
	at com.example.pic.ServiceImpl.OauthImpl.getAuthUrl(OauthImpl.java:170)
	at java.base/jdk.internal.reflect.DirectMethodHandleAccessor.invoke(DirectMethodHandleAccessor.java:103)
	at java.base/java.lang.reflect.Method.invoke(Method.java:580)
	at org.springframework.aop.support.AopUtils.invokeJoinpointUsingReflection(AopUtils.java:360)
	at org.springframework.aop.framework.CglibAopProxy$DynamicAdvisedInterceptor.intercept(CglibAopProxy.java:724)
	at com.example.pic.ServiceImpl.OauthImpl$$SpringCGLIB$$0.getAuthUrl(<generated>)
	at com.example.pic.Controller.OidcController.getAuthCode(OidcController.java:63)
	at java.base/jdk.internal.reflect.DirectMethodHandleAccessor.invoke(DirectMethodHandleAccessor.java:103)
	at java.base/java.lang.reflect.Method.invoke(Method.java:580)
	at org.springframework.web.method.support.InvocableHandlerMethod.doInvoke(InvocableHandlerMethod.java:258)
	at org.springframework.web.method.support.InvocableHandlerMethod.invokeForRequest(InvocableHandlerMethod.java:191)
	at org.springframework.web.servlet.mvc.method.annotation.ServletInvocableHandlerMethod.invokeAndHandle(ServletInvocableHandlerMethod.java:118)
	at org.springframework.web.servlet.mvc.method.annotation.RequestMappingHandlerAdapter.invokeHandlerMethod(RequestMappingHandlerAdapter.java:991)
	at org.springframework.web.servlet.mvc.method.annotation.RequestMappingHandlerAdapter.handleInternal(RequestMappingHandlerAdapter.java:896)
	at org.springframework.web.servlet.mvc.method.AbstractHandlerMethodAdapter.handle(AbstractHandlerMethodAdapter.java:87)
	at org.springframework.web.servlet.DispatcherServlet.doDispatch(DispatcherServlet.java:1089)
	at org.springframework.web.servlet.DispatcherServlet.doService(DispatcherServlet.java:979)
	at org.springframework.web.servlet.FrameworkServlet.processRequest(FrameworkServlet.java:1014)
	at org.springframework.web.servlet.FrameworkServlet.doGet(FrameworkServlet.java:903)
	at jakarta.servlet.http.HttpServlet.service(HttpServlet.java:564)
	at org.springframework.web.servlet.FrameworkServlet.service(FrameworkServlet.java:885)
	at jakarta.servlet.http.HttpServlet.service(HttpServlet.java:658)
	at org.apache.catalina.core.ApplicationFilterChain.internalDoFilter(ApplicationFilterChain.java:195)
	at org.apache.catalina.core.ApplicationFilterChain.doFilter(ApplicationFilterChain.java:140)
	at org.apache.tomcat.websocket.server.WsFilter.doFilter(WsFilter.java:51)
	at org.apache.catalina.core.ApplicationFilterChain.internalDoFilter(ApplicationFilterChain.java:164)
	at org.apache.catalina.core.ApplicationFilterChain.doFilter(ApplicationFilterChain.java:140)
	at com.example.pic.config.TraceIdFilter.doFilter(TraceIdFilter.java:29)
	at org.apache.catalina.core.ApplicationFilterChain.internalDoFilter(ApplicationFilterChain.java:164)
	at org.apache.catalina.core.ApplicationFilterChain.doFilter(ApplicationFilterChain.java:140)
	at org.springframework.web.filter.RequestContextFilter.doFilterInternal(RequestContextFilter.java:100)
	at org.springframework.web.filter.OncePerRequestFilter.doFilter(OncePerRequestFilter.java:116)
	at org.apache.catalina.core.ApplicationFilterChain.internalDoFilter(ApplicationFilterChain.java:164)
	at org.apache.catalina.core.ApplicationFilterChain.doFilter(ApplicationFilterChain.java:140)
	at org.springframework.web.filter.FormContentFilter.doFilterInternal(FormContentFilter.java:93)
	at org.springframework.web.filter.OncePerRequestFilter.doFilter(OncePerRequestFilter.java:116)
	at org.apache.catalina.core.ApplicationFilterChain.internalDoFilter(ApplicationFilterChain.java:164)
	at org.apache.catalina.core.ApplicationFilterChain.doFilter(ApplicationFilterChain.java:140)
	at org.springframework.web.filter.CharacterEncodingFilter.doFilterInternal(CharacterEncodingFilter.java:201)
	at org.springframework.web.filter.OncePerRequestFilter.doFilter(OncePerRequestFilter.java:116)
	at org.apache.catalina.core.ApplicationFilterChain.internalDoFilter(ApplicationFilterChain.java:164)
	at org.apache.catalina.core.ApplicationFilterChain.doFilter(ApplicationFilterChain.java:140)
	at org.apache.catalina.core.StandardWrapperValve.invoke(StandardWrapperValve.java:167)
	at org.apache.catalina.core.StandardContextValve.invoke(StandardContextValve.java:90)
	at org.apache.catalina.authenticator.AuthenticatorBase.invoke(AuthenticatorBase.java:483)
	at org.apache.catalina.core.StandardHostValve.invoke(StandardHostValve.java:116)
	at org.apache.catalina.valves.ErrorReportValve.invoke(ErrorReportValve.java:93)
	at org.apache.catalina.core.StandardEngineValve.invoke(StandardEngineValve.java:74)
	at org.apache.catalina.connector.CoyoteAdapter.service(CoyoteAdapter.java:344)
	at org.apache.coyote.http11.Http11Processor.service(Http11Processor.java:398)
	at org.apache.coyote.AbstractProcessorLight.process(AbstractProcessorLight.java:63)
	at org.apache.coyote.AbstractProtocol$ConnectionHandler.process(AbstractProtocol.java:903)
	at org.apache.tomcat.util.net.NioEndpoint$SocketProcessor.doRun(NioEndpoint.java:1776)
	at org.apache.tomcat.util.net.SocketProcessorBase.run(SocketProcessorBase.java:52)
	at org.apache.tomcat.util.threads.ThreadPoolExecutor.runWorker(ThreadPoolExecutor.java:975)
	at org.apache.tomcat.util.threads.ThreadPoolExecutor$Worker.run(ThreadPoolExecutor.java:493)
	at org.apache.tomcat.util.threads.TaskThread$WrappingRunnable.run(TaskThread.java:63)
	at java.base/java.lang.Thread.run(Thread.java:1583)
Caused by: org.postgresql.util.PSQLException: An I/O error occurred while sending to the backend.
	at org.postgresql.core.v3.QueryExecutorImpl.execute(QueryExecutorImpl.java:399)
	at org.postgresql.jdbc.PgStatement.executeInternal(PgStatement.java:518)
	at org.postgresql.jdbc.PgStatement.execute(PgStatement.java:435)
	at org.postgresql.jdbc.PgPreparedStatement.executeWithFlags(PgPreparedStatement.java:196)
	at org.postgresql.jdbc.PgPreparedStatement.executeUpdate(PgPreparedStatement.java:157)
	at com.zaxxer.hikari.pool.ProxyPreparedStatement.executeUpdate(ProxyPreparedStatement.java:61)
	at com.zaxxer.hikari.pool.HikariProxyPreparedStatement.executeUpdate(HikariProxyPreparedStatement.java)
	at org.hibernate.engine.jdbc.internal.ResultSetReturnImpl.executeUpdate(ResultSetReturnImpl.java:194)
	... 113 common frames omitted
Caused by: java.net.SocketException: Connection reset by peer
	at java.base/sun.nio.ch.SocketDispatcher.write0(Native Method)
	at java.base/sun.nio.ch.SocketDispatcher.write(SocketDispatcher.java:54)
	at java.base/sun.nio.ch.NioSocketImpl.tryWrite(NioSocketImpl.java:394)
	at java.base/sun.nio.ch.NioSocketImpl.implWrite(NioSocketImpl.java:410)
	at java.base/sun.nio.ch.NioSocketImpl.write(NioSocketImpl.java:440)
	at java.base/sun.nio.ch.NioSocketImpl$2.write(NioSocketImpl.java:819)
	at java.base/java.net.Socket$SocketOutputStream.write(Socket.java:1195)
	at org.postgresql.util.internal.PgBufferedOutputStream.flushBuffer(PgBufferedOutputStream.java:41)
	at org.postgresql.util.internal.PgBufferedOutputStream.flush(PgBufferedOutputStream.java:48)
	at org.postgresql.core.PGStream.flush(PGStream.java:708)
	at org.postgresql.core.v3.QueryExecutorImpl.sendSimpleQuery(QueryExecutorImpl.java:2063)
	at org.postgresql.core.v3.QueryExecutorImpl.sendOneQuery(QueryExecutorImpl.java:1944)
	at org.postgresql.core.v3.QueryExecutorImpl.sendQueryPreamble(QueryExecutorImpl.java:624)
	at org.postgresql.core.v3.QueryExecutorImpl.execute(QueryExecutorImpl.java:362)
	... 120 common frames omitted
2025-11-26 16:25:51.146 | ERROR | traceId=5f453a8b-a8ef-4dcc-8250-d21e46663f16 | c.e.pic.ServiceImpl.OauthImpl.getAuthUrl | 寫入 OauthAuthorizeRequestTb 發生錯誤
org.springframework.orm.jpa.JpaSystemException: Unable to rollback against JDBC Connection
	at org.springframework.orm.jpa.vendor.HibernateJpaDialect.convertHibernateAccessException(HibernateJpaDialect.java:348)
	at org.springframework.orm.jpa.vendor.HibernateJpaDialect.convertHibernateAccessException(HibernateJpaDialect.java:256)
	at org.springframework.orm.jpa.vendor.HibernateJpaDialect.translateExceptionIfPossible(HibernateJpaDialect.java:241)
	at org.springframework.orm.jpa.JpaTransactionManager.doRollback(JpaTransactionManager.java:594)
	at org.springframework.transaction.support.AbstractPlatformTransactionManager.processRollback(AbstractPlatformTransactionManager.java:897)
	at org.springframework.transaction.support.AbstractPlatformTransactionManager.rollback(AbstractPlatformTransactionManager.java:866)
	at org.springframework.transaction.interceptor.TransactionAspectSupport.completeTransactionAfterThrowing(TransactionAspectSupport.java:716)
	at org.springframework.transaction.interceptor.TransactionAspectSupport.invokeWithinTransaction(TransactionAspectSupport.java:384)
	at org.springframework.transaction.interceptor.TransactionInterceptor.invoke(TransactionInterceptor.java:119)
	at org.springframework.aop.framework.ReflectiveMethodInvocation.proceed(ReflectiveMethodInvocation.java:184)
	at org.springframework.dao.support.PersistenceExceptionTranslationInterceptor.invoke(PersistenceExceptionTranslationInterceptor.java:138)
	at org.springframework.aop.framework.ReflectiveMethodInvocation.proceed(ReflectiveMethodInvocation.java:184)
	at org.springframework.data.jpa.repository.support.CrudMethodMetadataPostProcessor$CrudMethodMetadataPopulatingMethodInterceptor.invoke(CrudMethodMetadataPostProcessor.java:165)
	at org.springframework.aop.framework.ReflectiveMethodInvocation.proceed(ReflectiveMethodInvocation.java:184)
	at org.springframework.aop.framework.JdkDynamicAopProxy.invoke(JdkDynamicAopProxy.java:223)
	at jdk.proxy2/jdk.proxy2.$Proxy126.save(Unknown Source)
	at com.example.pic.ServiceImpl.OauthImpl.getAuthUrl(OauthImpl.java:170)
	at java.base/jdk.internal.reflect.DirectMethodHandleAccessor.invoke(DirectMethodHandleAccessor.java:103)
	at java.base/java.lang.reflect.Method.invoke(Method.java:580)
	at org.springframework.aop.support.AopUtils.invokeJoinpointUsingReflection(AopUtils.java:360)
	at org.springframework.aop.framework.CglibAopProxy$DynamicAdvisedInterceptor.intercept(CglibAopProxy.java:724)
	at com.example.pic.ServiceImpl.OauthImpl$$SpringCGLIB$$0.getAuthUrl(<generated>)
	at com.example.pic.Controller.OidcController.getAuthCode(OidcController.java:63)
	at java.base/jdk.internal.reflect.DirectMethodHandleAccessor.invoke(DirectMethodHandleAccessor.java:103)
	at java.base/java.lang.reflect.Method.invoke(Method.java:580)
	at org.springframework.web.method.support.InvocableHandlerMethod.doInvoke(InvocableHandlerMethod.java:258)
	at org.springframework.web.method.support.InvocableHandlerMethod.invokeForRequest(InvocableHandlerMethod.java:191)
	at org.springframework.web.servlet.mvc.method.annotation.ServletInvocableHandlerMethod.invokeAndHandle(ServletInvocableHandlerMethod.java:118)
	at org.springframework.web.servlet.mvc.method.annotation.RequestMappingHandlerAdapter.invokeHandlerMethod(RequestMappingHandlerAdapter.java:991)
	at org.springframework.web.servlet.mvc.method.annotation.RequestMappingHandlerAdapter.handleInternal(RequestMappingHandlerAdapter.java:896)
	at org.springframework.web.servlet.mvc.method.AbstractHandlerMethodAdapter.handle(AbstractHandlerMethodAdapter.java:87)
	at org.springframework.web.servlet.DispatcherServlet.doDispatch(DispatcherServlet.java:1089)
	at org.springframework.web.servlet.DispatcherServlet.doService(DispatcherServlet.java:979)
	at org.springframework.web.servlet.FrameworkServlet.processRequest(FrameworkServlet.java:1014)
	at org.springframework.web.servlet.FrameworkServlet.doGet(FrameworkServlet.java:903)
	at jakarta.servlet.http.HttpServlet.service(HttpServlet.java:564)
	at org.springframework.web.servlet.FrameworkServlet.service(FrameworkServlet.java:885)
	at jakarta.servlet.http.HttpServlet.service(HttpServlet.java:658)
	at org.apache.catalina.core.ApplicationFilterChain.internalDoFilter(ApplicationFilterChain.java:195)
	at org.apache.catalina.core.ApplicationFilterChain.doFilter(ApplicationFilterChain.java:140)
	at org.apache.tomcat.websocket.server.WsFilter.doFilter(WsFilter.java:51)
	at org.apache.catalina.core.ApplicationFilterChain.internalDoFilter(ApplicationFilterChain.java:164)
	at org.apache.catalina.core.ApplicationFilterChain.doFilter(ApplicationFilterChain.java:140)
	at com.example.pic.config.TraceIdFilter.doFilter(TraceIdFilter.java:29)
	at org.apache.catalina.core.ApplicationFilterChain.internalDoFilter(ApplicationFilterChain.java:164)
	at org.apache.catalina.core.ApplicationFilterChain.doFilter(ApplicationFilterChain.java:140)
	at org.springframework.web.filter.RequestContextFilter.doFilterInternal(RequestContextFilter.java:100)
	at org.springframework.web.filter.OncePerRequestFilter.doFilter(OncePerRequestFilter.java:116)
	at org.apache.catalina.core.ApplicationFilterChain.internalDoFilter(ApplicationFilterChain.java:164)
	at org.apache.catalina.core.ApplicationFilterChain.doFilter(ApplicationFilterChain.java:140)
	at org.springframework.web.filter.FormContentFilter.doFilterInternal(FormContentFilter.java:93)
	at org.springframework.web.filter.OncePerRequestFilter.doFilter(OncePerRequestFilter.java:116)
	at org.apache.catalina.core.ApplicationFilterChain.internalDoFilter(ApplicationFilterChain.java:164)
	at org.apache.catalina.core.ApplicationFilterChain.doFilter(ApplicationFilterChain.java:140)
	at org.springframework.web.filter.CharacterEncodingFilter.doFilterInternal(CharacterEncodingFilter.java:201)
	at org.springframework.web.filter.OncePerRequestFilter.doFilter(OncePerRequestFilter.java:116)
	at org.apache.catalina.core.ApplicationFilterChain.internalDoFilter(ApplicationFilterChain.java:164)
	at org.apache.catalina.core.ApplicationFilterChain.doFilter(ApplicationFilterChain.java:140)
	at org.apache.catalina.core.StandardWrapperValve.invoke(StandardWrapperValve.java:167)
	at org.apache.catalina.core.StandardContextValve.invoke(StandardContextValve.java:90)
	at org.apache.catalina.authenticator.AuthenticatorBase.invoke(AuthenticatorBase.java:483)
	at org.apache.catalina.core.StandardHostValve.invoke(StandardHostValve.java:116)
	at org.apache.catalina.valves.ErrorReportValve.invoke(ErrorReportValve.java:93)
	at org.apache.catalina.core.StandardEngineValve.invoke(StandardEngineValve.java:74)
	at org.apache.catalina.connector.CoyoteAdapter.service(CoyoteAdapter.java:344)
	at org.apache.coyote.http11.Http11Processor.service(Http11Processor.java:398)
	at org.apache.coyote.AbstractProcessorLight.process(AbstractProcessorLight.java:63)
	at org.apache.coyote.AbstractProtocol$ConnectionHandler.process(AbstractProtocol.java:903)
	at org.apache.tomcat.util.net.NioEndpoint$SocketProcessor.doRun(NioEndpoint.java:1776)
	at org.apache.tomcat.util.net.SocketProcessorBase.run(SocketProcessorBase.java:52)
	at org.apache.tomcat.util.threads.ThreadPoolExecutor.runWorker(ThreadPoolExecutor.java:975)
	at org.apache.tomcat.util.threads.ThreadPoolExecutor$Worker.run(ThreadPoolExecutor.java:493)
	at org.apache.tomcat.util.threads.TaskThread$WrappingRunnable.run(TaskThread.java:63)
	at java.base/java.lang.Thread.run(Thread.java:1583)
Caused by: org.hibernate.TransactionException: Unable to rollback against JDBC Connection
	at org.hibernate.resource.jdbc.internal.AbstractLogicalConnectionImplementor.rollback(AbstractLogicalConnectionImplementor.java:137)
	at org.hibernate.resource.transaction.backend.jdbc.internal.JdbcResourceLocalTransactionCoordinatorImpl$TransactionDriverControlImpl.rollback(JdbcResourceLocalTransactionCoordinatorImpl.java:289)
	at org.hibernate.engine.transaction.internal.TransactionImpl.rollback(TransactionImpl.java:142)
	at org.springframework.orm.jpa.JpaTransactionManager.doRollback(JpaTransactionManager.java:590)
	... 70 common frames omitted
Caused by: java.sql.SQLException: Connection is closed
	at com.zaxxer.hikari.pool.ProxyConnection$ClosedConnection.lambda$getClosedConnection$0(ProxyConnection.java:562)
	at jdk.proxy3/jdk.proxy3.$Proxy96.rollback(Unknown Source)
	at com.zaxxer.hikari.pool.ProxyConnection.rollback(ProxyConnection.java:386)
	at com.zaxxer.hikari.pool.HikariProxyConnection.rollback(HikariProxyConnection.java)
	at org.hibernate.resource.jdbc.internal.AbstractLogicalConnectionImplementor.rollback(AbstractLogicalConnectionImplementor.java:127)
	... 73 common frames omitted
2025-11-26 16:25:51.780 | WARN  | traceId=b137c967-2a01-47c3-b5ef-d1b0712f2410 | c.z.h.pool.ProxyConnection.checkException | HikariPool-1 - Connection org.postgresql.jdbc.PgConnection@45a58e1a marked as broken because of SQLSTATE(08006), ErrorCode(0)
org.postgresql.util.PSQLException: An I/O error occurred while sending to the backend.
	at org.postgresql.core.v3.QueryExecutorImpl.execute(QueryExecutorImpl.java:399)
	at org.postgresql.jdbc.PgStatement.executeInternal(PgStatement.java:518)
	at org.postgresql.jdbc.PgStatement.execute(PgStatement.java:435)
	at org.postgresql.jdbc.PgPreparedStatement.executeWithFlags(PgPreparedStatement.java:196)
	at org.postgresql.jdbc.PgPreparedStatement.executeUpdate(PgPreparedStatement.java:157)
	at com.zaxxer.hikari.pool.ProxyPreparedStatement.executeUpdate(ProxyPreparedStatement.java:61)
	at com.zaxxer.hikari.pool.HikariProxyPreparedStatement.executeUpdate(HikariProxyPreparedStatement.java)
	at org.hibernate.engine.jdbc.internal.ResultSetReturnImpl.executeUpdate(ResultSetReturnImpl.java:194)
	at org.hibernate.id.insert.GetGeneratedKeysDelegate.performMutation(GetGeneratedKeysDelegate.java:116)
	at org.hibernate.engine.jdbc.mutation.internal.MutationExecutorSingleNonBatched.performNonBatchedOperations(MutationExecutorSingleNonBatched.java:47)
	at org.hibernate.engine.jdbc.mutation.internal.AbstractMutationExecutor.execute(AbstractMutationExecutor.java:55)
	at org.hibernate.persister.entity.mutation.InsertCoordinatorStandard.doStaticInserts(InsertCoordinatorStandard.java:194)
	at org.hibernate.persister.entity.mutation.InsertCoordinatorStandard.coordinateInsert(InsertCoordinatorStandard.java:132)
	at org.hibernate.persister.entity.mutation.InsertCoordinatorStandard.insert(InsertCoordinatorStandard.java:95)
	at org.hibernate.action.internal.EntityIdentityInsertAction.execute(EntityIdentityInsertAction.java:85)
	at org.hibernate.engine.spi.ActionQueue.execute(ActionQueue.java:682)
	at org.hibernate.engine.spi.ActionQueue.addResolvedEntityInsertAction(ActionQueue.java:293)
	at org.hibernate.engine.spi.ActionQueue.addInsertAction(ActionQueue.java:274)
	at org.hibernate.engine.spi.ActionQueue.addAction(ActionQueue.java:324)
	at org.hibernate.event.internal.AbstractSaveEventListener.addInsertAction(AbstractSaveEventListener.java:394)
	at org.hibernate.event.internal.AbstractSaveEventListener.performSaveOrReplicate(AbstractSaveEventListener.java:308)
	at org.hibernate.event.internal.AbstractSaveEventListener.performSave(AbstractSaveEventListener.java:224)
	at org.hibernate.event.internal.AbstractSaveEventListener.saveWithGeneratedId(AbstractSaveEventListener.java:136)
	at org.hibernate.event.internal.DefaultPersistEventListener.entityIsTransient(DefaultPersistEventListener.java:177)
	at org.hibernate.event.internal.DefaultPersistEventListener.persist(DefaultPersistEventListener.java:95)
	at org.hibernate.event.internal.DefaultPersistEventListener.onPersist(DefaultPersistEventListener.java:79)
	at org.hibernate.event.internal.DefaultPersistEventListener.onPersist(DefaultPersistEventListener.java:55)
	at org.hibernate.event.service.internal.EventListenerGroupImpl.fireEventOnEachListener(EventListenerGroupImpl.java:127)
	at org.hibernate.internal.SessionImpl.firePersist(SessionImpl.java:761)
	at org.hibernate.internal.SessionImpl.persist(SessionImpl.java:745)
	at java.base/jdk.internal.reflect.DirectMethodHandleAccessor.invoke(DirectMethodHandleAccessor.java:103)
	at java.base/java.lang.reflect.Method.invoke(Method.java:580)
	at org.springframework.orm.jpa.ExtendedEntityManagerCreator$ExtendedEntityManagerInvocationHandler.invoke(ExtendedEntityManagerCreator.java:364)
	at jdk.proxy2/jdk.proxy2.$Proxy118.persist(Unknown Source)
	at java.base/jdk.internal.reflect.DirectMethodHandleAccessor.invoke(DirectMethodHandleAccessor.java:103)
	at java.base/java.lang.reflect.Method.invoke(Method.java:580)
	at org.springframework.orm.jpa.SharedEntityManagerCreator$SharedEntityManagerInvocationHandler.invoke(SharedEntityManagerCreator.java:320)
	at jdk.proxy2/jdk.proxy2.$Proxy118.persist(Unknown Source)
	at org.springframework.data.jpa.repository.support.SimpleJpaRepository.save(SimpleJpaRepository.java:654)
	at java.base/jdk.internal.reflect.DirectMethodHandleAccessor.invoke(DirectMethodHandleAccessor.java:103)
	at java.base/java.lang.reflect.Method.invoke(Method.java:580)
	at org.springframework.aop.support.AopUtils.invokeJoinpointUsingReflection(AopUtils.java:360)
	at org.springframework.data.repository.core.support.RepositoryMethodInvoker$RepositoryFragmentMethodInvoker.lambda$new$0(RepositoryMethodInvoker.java:277)
	at org.springframework.data.repository.core.support.RepositoryMethodInvoker.doInvoke(RepositoryMethodInvoker.java:170)
	at org.springframework.data.repository.core.support.RepositoryMethodInvoker.invoke(RepositoryMethodInvoker.java:158)
	at org.springframework.data.repository.core.support.RepositoryComposition$RepositoryFragments.invoke(RepositoryComposition.java:515)
	at org.springframework.data.repository.core.support.RepositoryComposition.invoke(RepositoryComposition.java:284)
	at org.springframework.data.repository.core.support.RepositoryFactorySupport$ImplementationMethodExecutionInterceptor.invoke(RepositoryFactorySupport.java:734)
	at org.springframework.aop.framework.ReflectiveMethodInvocation.proceed(ReflectiveMethodInvocation.java:184)
	at org.springframework.data.repository.core.support.QueryExecutorMethodInterceptor.doInvoke(QueryExecutorMethodInterceptor.java:174)
	at org.springframework.data.repository.core.support.QueryExecutorMethodInterceptor.invoke(QueryExecutorMethodInterceptor.java:149)
	at org.springframework.aop.framework.ReflectiveMethodInvocation.proceed(ReflectiveMethodInvocation.java:184)
	at org.springframework.data.projection.DefaultMethodInvokingMethodInterceptor.invoke(DefaultMethodInvokingMethodInterceptor.java:69)
	at org.springframework.aop.framework.ReflectiveMethodInvocation.proceed(ReflectiveMethodInvocation.java:184)
	at org.springframework.transaction.interceptor.TransactionAspectSupport.invokeWithinTransaction(TransactionAspectSupport.java:380)
	at org.springframework.transaction.interceptor.TransactionInterceptor.invoke(TransactionInterceptor.java:119)
	at org.springframework.aop.framework.ReflectiveMethodInvocation.proceed(ReflectiveMethodInvocation.java:184)
	at org.springframework.dao.support.PersistenceExceptionTranslationInterceptor.invoke(PersistenceExceptionTranslationInterceptor.java:138)
	at org.springframework.aop.framework.ReflectiveMethodInvocation.proceed(ReflectiveMethodInvocation.java:184)
	at org.springframework.data.jpa.repository.support.CrudMethodMetadataPostProcessor$CrudMethodMetadataPopulatingMethodInterceptor.invoke(CrudMethodMetadataPostProcessor.java:165)
	at org.springframework.aop.framework.ReflectiveMethodInvocation.proceed(ReflectiveMethodInvocation.java:184)
	at org.springframework.aop.framework.JdkDynamicAopProxy.invoke(JdkDynamicAopProxy.java:223)
	at jdk.proxy2/jdk.proxy2.$Proxy126.save(Unknown Source)
	at com.example.pic.ServiceImpl.OauthImpl.getAuthUrl(OauthImpl.java:170)
	at java.base/jdk.internal.reflect.DirectMethodHandleAccessor.invoke(DirectMethodHandleAccessor.java:103)
	at java.base/java.lang.reflect.Method.invoke(Method.java:580)
	at org.springframework.aop.support.AopUtils.invokeJoinpointUsingReflection(AopUtils.java:360)
	at org.springframework.aop.framework.CglibAopProxy$DynamicAdvisedInterceptor.intercept(CglibAopProxy.java:724)
	at com.example.pic.ServiceImpl.OauthImpl$$SpringCGLIB$$0.getAuthUrl(<generated>)
	at com.example.pic.Controller.OidcController.getAuthCode(OidcController.java:63)
	at java.base/jdk.internal.reflect.DirectMethodHandleAccessor.invoke(DirectMethodHandleAccessor.java:103)
	at java.base/java.lang.reflect.Method.invoke(Method.java:580)
	at org.springframework.web.method.support.InvocableHandlerMethod.doInvoke(InvocableHandlerMethod.java:258)
	at org.springframework.web.method.support.InvocableHandlerMethod.invokeForRequest(InvocableHandlerMethod.java:191)
	at org.springframework.web.servlet.mvc.method.annotation.ServletInvocableHandlerMethod.invokeAndHandle(ServletInvocableHandlerMethod.java:118)
	at org.springframework.web.servlet.mvc.method.annotation.RequestMappingHandlerAdapter.invokeHandlerMethod(RequestMappingHandlerAdapter.java:991)
	at org.springframework.web.servlet.mvc.method.annotation.RequestMappingHandlerAdapter.handleInternal(RequestMappingHandlerAdapter.java:896)
	at org.springframework.web.servlet.mvc.method.AbstractHandlerMethodAdapter.handle(AbstractHandlerMethodAdapter.java:87)
	at org.springframework.web.servlet.DispatcherServlet.doDispatch(DispatcherServlet.java:1089)
	at org.springframework.web.servlet.DispatcherServlet.doService(DispatcherServlet.java:979)
	at org.springframework.web.servlet.FrameworkServlet.processRequest(FrameworkServlet.java:1014)
	at org.springframework.web.servlet.FrameworkServlet.doGet(FrameworkServlet.java:903)
	at jakarta.servlet.http.HttpServlet.service(HttpServlet.java:564)
	at org.springframework.web.servlet.FrameworkServlet.service(FrameworkServlet.java:885)
	at jakarta.servlet.http.HttpServlet.service(HttpServlet.java:658)
	at org.apache.catalina.core.ApplicationFilterChain.internalDoFilter(ApplicationFilterChain.java:195)
	at org.apache.catalina.core.ApplicationFilterChain.doFilter(ApplicationFilterChain.java:140)
	at org.apache.tomcat.websocket.server.WsFilter.doFilter(WsFilter.java:51)
	at org.apache.catalina.core.ApplicationFilterChain.internalDoFilter(ApplicationFilterChain.java:164)
	at org.apache.catalina.core.ApplicationFilterChain.doFilter(ApplicationFilterChain.java:140)
	at com.example.pic.config.TraceIdFilter.doFilter(TraceIdFilter.java:29)
	at org.apache.catalina.core.ApplicationFilterChain.internalDoFilter(ApplicationFilterChain.java:164)
	at org.apache.catalina.core.ApplicationFilterChain.doFilter(ApplicationFilterChain.java:140)
	at org.springframework.web.filter.RequestContextFilter.doFilterInternal(RequestContextFilter.java:100)
	at org.springframework.web.filter.OncePerRequestFilter.doFilter(OncePerRequestFilter.java:116)
	at org.apache.catalina.core.ApplicationFilterChain.internalDoFilter(ApplicationFilterChain.java:164)
	at org.apache.catalina.core.ApplicationFilterChain.doFilter(ApplicationFilterChain.java:140)
	at org.springframework.web.filter.FormContentFilter.doFilterInternal(FormContentFilter.java:93)
	at org.springframework.web.filter.OncePerRequestFilter.doFilter(OncePerRequestFilter.java:116)
	at org.apache.catalina.core.ApplicationFilterChain.internalDoFilter(ApplicationFilterChain.java:164)
	at org.apache.catalina.core.ApplicationFilterChain.doFilter(ApplicationFilterChain.java:140)
	at org.springframework.web.filter.CharacterEncodingFilter.doFilterInternal(CharacterEncodingFilter.java:201)
	at org.springframework.web.filter.OncePerRequestFilter.doFilter(OncePerRequestFilter.java:116)
	at org.apache.catalina.core.ApplicationFilterChain.internalDoFilter(ApplicationFilterChain.java:164)
	at org.apache.catalina.core.ApplicationFilterChain.doFilter(ApplicationFilterChain.java:140)
	at org.apache.catalina.core.StandardWrapperValve.invoke(StandardWrapperValve.java:167)
	at org.apache.catalina.core.StandardContextValve.invoke(StandardContextValve.java:90)
	at org.apache.catalina.authenticator.AuthenticatorBase.invoke(AuthenticatorBase.java:483)
	at org.apache.catalina.core.StandardHostValve.invoke(StandardHostValve.java:116)
	at org.apache.catalina.valves.ErrorReportValve.invoke(ErrorReportValve.java:93)
	at org.apache.catalina.core.StandardEngineValve.invoke(StandardEngineValve.java:74)
	at org.apache.catalina.connector.CoyoteAdapter.service(CoyoteAdapter.java:344)
	at org.apache.coyote.http11.Http11Processor.service(Http11Processor.java:398)
	at org.apache.coyote.AbstractProcessorLight.process(AbstractProcessorLight.java:63)
	at org.apache.coyote.AbstractProtocol$ConnectionHandler.process(AbstractProtocol.java:903)
	at org.apache.tomcat.util.net.NioEndpoint$SocketProcessor.doRun(NioEndpoint.java:1776)
	at org.apache.tomcat.util.net.SocketProcessorBase.run(SocketProcessorBase.java:52)
	at org.apache.tomcat.util.threads.ThreadPoolExecutor.runWorker(ThreadPoolExecutor.java:975)
	at org.apache.tomcat.util.threads.ThreadPoolExecutor$Worker.run(ThreadPoolExecutor.java:493)
	at org.apache.tomcat.util.threads.TaskThread$WrappingRunnable.run(TaskThread.java:63)
	at java.base/java.lang.Thread.run(Thread.java:1583)
Caused by: java.net.SocketException: Connection reset by peer
	at java.base/sun.nio.ch.SocketDispatcher.write0(Native Method)
	at java.base/sun.nio.ch.SocketDispatcher.write(SocketDispatcher.java:54)
	at java.base/sun.nio.ch.NioSocketImpl.tryWrite(NioSocketImpl.java:394)
	at java.base/sun.nio.ch.NioSocketImpl.implWrite(NioSocketImpl.java:410)
	at java.base/sun.nio.ch.NioSocketImpl.write(NioSocketImpl.java:440)
	at java.base/sun.nio.ch.NioSocketImpl$2.write(NioSocketImpl.java:819)
	at java.base/java.net.Socket$SocketOutputStream.write(Socket.java:1195)
	at org.postgresql.util.internal.PgBufferedOutputStream.flushBuffer(PgBufferedOutputStream.java:41)
	at org.postgresql.util.internal.PgBufferedOutputStream.flush(PgBufferedOutputStream.java:48)
	at org.postgresql.core.PGStream.flush(PGStream.java:708)
	at org.postgresql.core.v3.QueryExecutorImpl.sendSimpleQuery(QueryExecutorImpl.java:2063)
	at org.postgresql.core.v3.QueryExecutorImpl.sendOneQuery(QueryExecutorImpl.java:1944)
	at org.postgresql.core.v3.QueryExecutorImpl.sendQueryPreamble(QueryExecutorImpl.java:624)
	at org.postgresql.core.v3.QueryExecutorImpl.execute(QueryExecutorImpl.java:362)
	... 120 common frames omitted
2025-11-26 16:25:51.782 | WARN  | traceId=b137c967-2a01-47c3-b5ef-d1b0712f2410 | o.h.e.j.spi.SqlExceptionHelper.logExceptions | SQL Error: 0, SQLState: 08006
2025-11-26 16:25:51.782 | ERROR | traceId=b137c967-2a01-47c3-b5ef-d1b0712f2410 | o.h.e.j.spi.SqlExceptionHelper.logExceptions | An I/O error occurred while sending to the backend.
2025-11-26 16:25:51.783 | ERROR | traceId=b137c967-2a01-47c3-b5ef-d1b0712f2410 | o.s.t.i.TransactionAspectSupport.completeTransactionAfterThrowing | Application exception overridden by rollback exception
org.hibernate.exception.JDBCConnectionException: could not execute statement [An I/O error occurred while sending to the backend.] [insert into oauth_authorize_request (client_id,code_challenge,code_challenge_method,created_at,redirect_uri,scope,state) values (?,?,?,?,?,?,?)]
	at org.hibernate.exception.internal.SQLStateConversionDelegate.convert(SQLStateConversionDelegate.java:100)
	at org.hibernate.exception.internal.StandardSQLExceptionConverter.convert(StandardSQLExceptionConverter.java:58)
	at org.hibernate.engine.jdbc.spi.SqlExceptionHelper.convert(SqlExceptionHelper.java:108)
	at org.hibernate.engine.jdbc.internal.ResultSetReturnImpl.executeUpdate(ResultSetReturnImpl.java:197)
	at org.hibernate.id.insert.GetGeneratedKeysDelegate.performMutation(GetGeneratedKeysDelegate.java:116)
	at org.hibernate.engine.jdbc.mutation.internal.MutationExecutorSingleNonBatched.performNonBatchedOperations(MutationExecutorSingleNonBatched.java:47)
	at org.hibernate.engine.jdbc.mutation.internal.AbstractMutationExecutor.execute(AbstractMutationExecutor.java:55)
	at org.hibernate.persister.entity.mutation.InsertCoordinatorStandard.doStaticInserts(InsertCoordinatorStandard.java:194)
	at org.hibernate.persister.entity.mutation.InsertCoordinatorStandard.coordinateInsert(InsertCoordinatorStandard.java:132)
	at org.hibernate.persister.entity.mutation.InsertCoordinatorStandard.insert(InsertCoordinatorStandard.java:95)
	at org.hibernate.action.internal.EntityIdentityInsertAction.execute(EntityIdentityInsertAction.java:85)
	at org.hibernate.engine.spi.ActionQueue.execute(ActionQueue.java:682)
	at org.hibernate.engine.spi.ActionQueue.addResolvedEntityInsertAction(ActionQueue.java:293)
	at org.hibernate.engine.spi.ActionQueue.addInsertAction(ActionQueue.java:274)
	at org.hibernate.engine.spi.ActionQueue.addAction(ActionQueue.java:324)
	at org.hibernate.event.internal.AbstractSaveEventListener.addInsertAction(AbstractSaveEventListener.java:394)
	at org.hibernate.event.internal.AbstractSaveEventListener.performSaveOrReplicate(AbstractSaveEventListener.java:308)
	at org.hibernate.event.internal.AbstractSaveEventListener.performSave(AbstractSaveEventListener.java:224)
	at org.hibernate.event.internal.AbstractSaveEventListener.saveWithGeneratedId(AbstractSaveEventListener.java:136)
	at org.hibernate.event.internal.DefaultPersistEventListener.entityIsTransient(DefaultPersistEventListener.java:177)
	at org.hibernate.event.internal.DefaultPersistEventListener.persist(DefaultPersistEventListener.java:95)
	at org.hibernate.event.internal.DefaultPersistEventListener.onPersist(DefaultPersistEventListener.java:79)
	at org.hibernate.event.internal.DefaultPersistEventListener.onPersist(DefaultPersistEventListener.java:55)
	at org.hibernate.event.service.internal.EventListenerGroupImpl.fireEventOnEachListener(EventListenerGroupImpl.java:127)
	at org.hibernate.internal.SessionImpl.firePersist(SessionImpl.java:761)
	at org.hibernate.internal.SessionImpl.persist(SessionImpl.java:745)
	at java.base/jdk.internal.reflect.DirectMethodHandleAccessor.invoke(DirectMethodHandleAccessor.java:103)
	at java.base/java.lang.reflect.Method.invoke(Method.java:580)
	at org.springframework.orm.jpa.ExtendedEntityManagerCreator$ExtendedEntityManagerInvocationHandler.invoke(ExtendedEntityManagerCreator.java:364)
	at jdk.proxy2/jdk.proxy2.$Proxy118.persist(Unknown Source)
	at java.base/jdk.internal.reflect.DirectMethodHandleAccessor.invoke(DirectMethodHandleAccessor.java:103)
	at java.base/java.lang.reflect.Method.invoke(Method.java:580)
	at org.springframework.orm.jpa.SharedEntityManagerCreator$SharedEntityManagerInvocationHandler.invoke(SharedEntityManagerCreator.java:320)
	at jdk.proxy2/jdk.proxy2.$Proxy118.persist(Unknown Source)
	at org.springframework.data.jpa.repository.support.SimpleJpaRepository.save(SimpleJpaRepository.java:654)
	at java.base/jdk.internal.reflect.DirectMethodHandleAccessor.invoke(DirectMethodHandleAccessor.java:103)
	at java.base/java.lang.reflect.Method.invoke(Method.java:580)
	at org.springframework.aop.support.AopUtils.invokeJoinpointUsingReflection(AopUtils.java:360)
	at org.springframework.data.repository.core.support.RepositoryMethodInvoker$RepositoryFragmentMethodInvoker.lambda$new$0(RepositoryMethodInvoker.java:277)
	at org.springframework.data.repository.core.support.RepositoryMethodInvoker.doInvoke(RepositoryMethodInvoker.java:170)
	at org.springframework.data.repository.core.support.RepositoryMethodInvoker.invoke(RepositoryMethodInvoker.java:158)
	at org.springframework.data.repository.core.support.RepositoryComposition$RepositoryFragments.invoke(RepositoryComposition.java:515)
	at org.springframework.data.repository.core.support.RepositoryComposition.invoke(RepositoryComposition.java:284)
	at org.springframework.data.repository.core.support.RepositoryFactorySupport$ImplementationMethodExecutionInterceptor.invoke(RepositoryFactorySupport.java:734)
	at org.springframework.aop.framework.ReflectiveMethodInvocation.proceed(ReflectiveMethodInvocation.java:184)
	at org.springframework.data.repository.core.support.QueryExecutorMethodInterceptor.doInvoke(QueryExecutorMethodInterceptor.java:174)
	at org.springframework.data.repository.core.support.QueryExecutorMethodInterceptor.invoke(QueryExecutorMethodInterceptor.java:149)
	at org.springframework.aop.framework.ReflectiveMethodInvocation.proceed(ReflectiveMethodInvocation.java:184)
	at org.springframework.data.projection.DefaultMethodInvokingMethodInterceptor.invoke(DefaultMethodInvokingMethodInterceptor.java:69)
	at org.springframework.aop.framework.ReflectiveMethodInvocation.proceed(ReflectiveMethodInvocation.java:184)
	at org.springframework.transaction.interceptor.TransactionAspectSupport.invokeWithinTransaction(TransactionAspectSupport.java:380)
	at org.springframework.transaction.interceptor.TransactionInterceptor.invoke(TransactionInterceptor.java:119)
	at org.springframework.aop.framework.ReflectiveMethodInvocation.proceed(ReflectiveMethodInvocation.java:184)
	at org.springframework.dao.support.PersistenceExceptionTranslationInterceptor.invoke(PersistenceExceptionTranslationInterceptor.java:138)
	at org.springframework.aop.framework.ReflectiveMethodInvocation.proceed(ReflectiveMethodInvocation.java:184)
	at org.springframework.data.jpa.repository.support.CrudMethodMetadataPostProcessor$CrudMethodMetadataPopulatingMethodInterceptor.invoke(CrudMethodMetadataPostProcessor.java:165)
	at org.springframework.aop.framework.ReflectiveMethodInvocation.proceed(ReflectiveMethodInvocation.java:184)
	at org.springframework.aop.framework.JdkDynamicAopProxy.invoke(JdkDynamicAopProxy.java:223)
	at jdk.proxy2/jdk.proxy2.$Proxy126.save(Unknown Source)
	at com.example.pic.ServiceImpl.OauthImpl.getAuthUrl(OauthImpl.java:170)
	at java.base/jdk.internal.reflect.DirectMethodHandleAccessor.invoke(DirectMethodHandleAccessor.java:103)
	at java.base/java.lang.reflect.Method.invoke(Method.java:580)
	at org.springframework.aop.support.AopUtils.invokeJoinpointUsingReflection(AopUtils.java:360)
	at org.springframework.aop.framework.CglibAopProxy$DynamicAdvisedInterceptor.intercept(CglibAopProxy.java:724)
	at com.example.pic.ServiceImpl.OauthImpl$$SpringCGLIB$$0.getAuthUrl(<generated>)
	at com.example.pic.Controller.OidcController.getAuthCode(OidcController.java:63)
	at java.base/jdk.internal.reflect.DirectMethodHandleAccessor.invoke(DirectMethodHandleAccessor.java:103)
	at java.base/java.lang.reflect.Method.invoke(Method.java:580)
	at org.springframework.web.method.support.InvocableHandlerMethod.doInvoke(InvocableHandlerMethod.java:258)
	at org.springframework.web.method.support.InvocableHandlerMethod.invokeForRequest(InvocableHandlerMethod.java:191)
	at org.springframework.web.servlet.mvc.method.annotation.ServletInvocableHandlerMethod.invokeAndHandle(ServletInvocableHandlerMethod.java:118)
	at org.springframework.web.servlet.mvc.method.annotation.RequestMappingHandlerAdapter.invokeHandlerMethod(RequestMappingHandlerAdapter.java:991)
	at org.springframework.web.servlet.mvc.method.annotation.RequestMappingHandlerAdapter.handleInternal(RequestMappingHandlerAdapter.java:896)
	at org.springframework.web.servlet.mvc.method.AbstractHandlerMethodAdapter.handle(AbstractHandlerMethodAdapter.java:87)
	at org.springframework.web.servlet.DispatcherServlet.doDispatch(DispatcherServlet.java:1089)
	at org.springframework.web.servlet.DispatcherServlet.doService(DispatcherServlet.java:979)
	at org.springframework.web.servlet.FrameworkServlet.processRequest(FrameworkServlet.java:1014)
	at org.springframework.web.servlet.FrameworkServlet.doGet(FrameworkServlet.java:903)
	at jakarta.servlet.http.HttpServlet.service(HttpServlet.java:564)
	at org.springframework.web.servlet.FrameworkServlet.service(FrameworkServlet.java:885)
	at jakarta.servlet.http.HttpServlet.service(HttpServlet.java:658)
	at org.apache.catalina.core.ApplicationFilterChain.internalDoFilter(ApplicationFilterChain.java:195)
	at org.apache.catalina.core.ApplicationFilterChain.doFilter(ApplicationFilterChain.java:140)
	at org.apache.tomcat.websocket.server.WsFilter.doFilter(WsFilter.java:51)
	at org.apache.catalina.core.ApplicationFilterChain.internalDoFilter(ApplicationFilterChain.java:164)
	at org.apache.catalina.core.ApplicationFilterChain.doFilter(ApplicationFilterChain.java:140)
	at com.example.pic.config.TraceIdFilter.doFilter(TraceIdFilter.java:29)
	at org.apache.catalina.core.ApplicationFilterChain.internalDoFilter(ApplicationFilterChain.java:164)
	at org.apache.catalina.core.ApplicationFilterChain.doFilter(ApplicationFilterChain.java:140)
	at org.springframework.web.filter.RequestContextFilter.doFilterInternal(RequestContextFilter.java:100)
	at org.springframework.web.filter.OncePerRequestFilter.doFilter(OncePerRequestFilter.java:116)
	at org.apache.catalina.core.ApplicationFilterChain.internalDoFilter(ApplicationFilterChain.java:164)
	at org.apache.catalina.core.ApplicationFilterChain.doFilter(ApplicationFilterChain.java:140)
	at org.springframework.web.filter.FormContentFilter.doFilterInternal(FormContentFilter.java:93)
	at org.springframework.web.filter.OncePerRequestFilter.doFilter(OncePerRequestFilter.java:116)
	at org.apache.catalina.core.ApplicationFilterChain.internalDoFilter(ApplicationFilterChain.java:164)
	at org.apache.catalina.core.ApplicationFilterChain.doFilter(ApplicationFilterChain.java:140)
	at org.springframework.web.filter.CharacterEncodingFilter.doFilterInternal(CharacterEncodingFilter.java:201)
	at org.springframework.web.filter.OncePerRequestFilter.doFilter(OncePerRequestFilter.java:116)
	at org.apache.catalina.core.ApplicationFilterChain.internalDoFilter(ApplicationFilterChain.java:164)
	at org.apache.catalina.core.ApplicationFilterChain.doFilter(ApplicationFilterChain.java:140)
	at org.apache.catalina.core.StandardWrapperValve.invoke(StandardWrapperValve.java:167)
	at org.apache.catalina.core.StandardContextValve.invoke(StandardContextValve.java:90)
	at org.apache.catalina.authenticator.AuthenticatorBase.invoke(AuthenticatorBase.java:483)
	at org.apache.catalina.core.StandardHostValve.invoke(StandardHostValve.java:116)
	at org.apache.catalina.valves.ErrorReportValve.invoke(ErrorReportValve.java:93)
	at org.apache.catalina.core.StandardEngineValve.invoke(StandardEngineValve.java:74)
	at org.apache.catalina.connector.CoyoteAdapter.service(CoyoteAdapter.java:344)
	at org.apache.coyote.http11.Http11Processor.service(Http11Processor.java:398)
	at org.apache.coyote.AbstractProcessorLight.process(AbstractProcessorLight.java:63)
	at org.apache.coyote.AbstractProtocol$ConnectionHandler.process(AbstractProtocol.java:903)
	at org.apache.tomcat.util.net.NioEndpoint$SocketProcessor.doRun(NioEndpoint.java:1776)
	at org.apache.tomcat.util.net.SocketProcessorBase.run(SocketProcessorBase.java:52)
	at org.apache.tomcat.util.threads.ThreadPoolExecutor.runWorker(ThreadPoolExecutor.java:975)
	at org.apache.tomcat.util.threads.ThreadPoolExecutor$Worker.run(ThreadPoolExecutor.java:493)
	at org.apache.tomcat.util.threads.TaskThread$WrappingRunnable.run(TaskThread.java:63)
	at java.base/java.lang.Thread.run(Thread.java:1583)
Caused by: org.postgresql.util.PSQLException: An I/O error occurred while sending to the backend.
	at org.postgresql.core.v3.QueryExecutorImpl.execute(QueryExecutorImpl.java:399)
	at org.postgresql.jdbc.PgStatement.executeInternal(PgStatement.java:518)
	at org.postgresql.jdbc.PgStatement.execute(PgStatement.java:435)
	at org.postgresql.jdbc.PgPreparedStatement.executeWithFlags(PgPreparedStatement.java:196)
	at org.postgresql.jdbc.PgPreparedStatement.executeUpdate(PgPreparedStatement.java:157)
	at com.zaxxer.hikari.pool.ProxyPreparedStatement.executeUpdate(ProxyPreparedStatement.java:61)
	at com.zaxxer.hikari.pool.HikariProxyPreparedStatement.executeUpdate(HikariProxyPreparedStatement.java)
	at org.hibernate.engine.jdbc.internal.ResultSetReturnImpl.executeUpdate(ResultSetReturnImpl.java:194)
	... 113 common frames omitted
Caused by: java.net.SocketException: Connection reset by peer
	at java.base/sun.nio.ch.SocketDispatcher.write0(Native Method)
	at java.base/sun.nio.ch.SocketDispatcher.write(SocketDispatcher.java:54)
	at java.base/sun.nio.ch.NioSocketImpl.tryWrite(NioSocketImpl.java:394)
	at java.base/sun.nio.ch.NioSocketImpl.implWrite(NioSocketImpl.java:410)
	at java.base/sun.nio.ch.NioSocketImpl.write(NioSocketImpl.java:440)
	at java.base/sun.nio.ch.NioSocketImpl$2.write(NioSocketImpl.java:819)
	at java.base/java.net.Socket$SocketOutputStream.write(Socket.java:1195)
	at org.postgresql.util.internal.PgBufferedOutputStream.flushBuffer(PgBufferedOutputStream.java:41)
	at org.postgresql.util.internal.PgBufferedOutputStream.flush(PgBufferedOutputStream.java:48)
	at org.postgresql.core.PGStream.flush(PGStream.java:708)
	at org.postgresql.core.v3.QueryExecutorImpl.sendSimpleQuery(QueryExecutorImpl.java:2063)
	at org.postgresql.core.v3.QueryExecutorImpl.sendOneQuery(QueryExecutorImpl.java:1944)
	at org.postgresql.core.v3.QueryExecutorImpl.sendQueryPreamble(QueryExecutorImpl.java:624)
	at org.postgresql.core.v3.QueryExecutorImpl.execute(QueryExecutorImpl.java:362)
	... 120 common frames omitted
2025-11-26 16:25:51.784 | ERROR | traceId=b137c967-2a01-47c3-b5ef-d1b0712f2410 | c.e.pic.ServiceImpl.OauthImpl.getAuthUrl | 寫入 OauthAuthorizeRequestTb 發生錯誤
org.springframework.orm.jpa.JpaSystemException: Unable to rollback against JDBC Connection
	at org.springframework.orm.jpa.vendor.HibernateJpaDialect.convertHibernateAccessException(HibernateJpaDialect.java:348)
	at org.springframework.orm.jpa.vendor.HibernateJpaDialect.convertHibernateAccessException(HibernateJpaDialect.java:256)
	at org.springframework.orm.jpa.vendor.HibernateJpaDialect.translateExceptionIfPossible(HibernateJpaDialect.java:241)
	at org.springframework.orm.jpa.JpaTransactionManager.doRollback(JpaTransactionManager.java:594)
	at org.springframework.transaction.support.AbstractPlatformTransactionManager.processRollback(AbstractPlatformTransactionManager.java:897)
	at org.springframework.transaction.support.AbstractPlatformTransactionManager.rollback(AbstractPlatformTransactionManager.java:866)
	at org.springframework.transaction.interceptor.TransactionAspectSupport.completeTransactionAfterThrowing(TransactionAspectSupport.java:716)
	at org.springframework.transaction.interceptor.TransactionAspectSupport.invokeWithinTransaction(TransactionAspectSupport.java:384)
	at org.springframework.transaction.interceptor.TransactionInterceptor.invoke(TransactionInterceptor.java:119)
	at org.springframework.aop.framework.ReflectiveMethodInvocation.proceed(ReflectiveMethodInvocation.java:184)
	at org.springframework.dao.support.PersistenceExceptionTranslationInterceptor.invoke(PersistenceExceptionTranslationInterceptor.java:138)
	at org.springframework.aop.framework.ReflectiveMethodInvocation.proceed(ReflectiveMethodInvocation.java:184)
	at org.springframework.data.jpa.repository.support.CrudMethodMetadataPostProcessor$CrudMethodMetadataPopulatingMethodInterceptor.invoke(CrudMethodMetadataPostProcessor.java:165)
	at org.springframework.aop.framework.ReflectiveMethodInvocation.proceed(ReflectiveMethodInvocation.java:184)
	at org.springframework.aop.framework.JdkDynamicAopProxy.invoke(JdkDynamicAopProxy.java:223)
	at jdk.proxy2/jdk.proxy2.$Proxy126.save(Unknown Source)
	at com.example.pic.ServiceImpl.OauthImpl.getAuthUrl(OauthImpl.java:170)
	at java.base/jdk.internal.reflect.DirectMethodHandleAccessor.invoke(DirectMethodHandleAccessor.java:103)
	at java.base/java.lang.reflect.Method.invoke(Method.java:580)
	at org.springframework.aop.support.AopUtils.invokeJoinpointUsingReflection(AopUtils.java:360)
	at org.springframework.aop.framework.CglibAopProxy$DynamicAdvisedInterceptor.intercept(CglibAopProxy.java:724)
	at com.example.pic.ServiceImpl.OauthImpl$$SpringCGLIB$$0.getAuthUrl(<generated>)
	at com.example.pic.Controller.OidcController.getAuthCode(OidcController.java:63)
	at java.base/jdk.internal.reflect.DirectMethodHandleAccessor.invoke(DirectMethodHandleAccessor.java:103)
	at java.base/java.lang.reflect.Method.invoke(Method.java:580)
	at org.springframework.web.method.support.InvocableHandlerMethod.doInvoke(InvocableHandlerMethod.java:258)
	at org.springframework.web.method.support.InvocableHandlerMethod.invokeForRequest(InvocableHandlerMethod.java:191)
	at org.springframework.web.servlet.mvc.method.annotation.ServletInvocableHandlerMethod.invokeAndHandle(ServletInvocableHandlerMethod.java:118)
	at org.springframework.web.servlet.mvc.method.annotation.RequestMappingHandlerAdapter.invokeHandlerMethod(RequestMappingHandlerAdapter.java:991)
	at org.springframework.web.servlet.mvc.method.annotation.RequestMappingHandlerAdapter.handleInternal(RequestMappingHandlerAdapter.java:896)
	at org.springframework.web.servlet.mvc.method.AbstractHandlerMethodAdapter.handle(AbstractHandlerMethodAdapter.java:87)
	at org.springframework.web.servlet.DispatcherServlet.doDispatch(DispatcherServlet.java:1089)
	at org.springframework.web.servlet.DispatcherServlet.doService(DispatcherServlet.java:979)
	at org.springframework.web.servlet.FrameworkServlet.processRequest(FrameworkServlet.java:1014)
	at org.springframework.web.servlet.FrameworkServlet.doGet(FrameworkServlet.java:903)
	at jakarta.servlet.http.HttpServlet.service(HttpServlet.java:564)
	at org.springframework.web.servlet.FrameworkServlet.service(FrameworkServlet.java:885)
	at jakarta.servlet.http.HttpServlet.service(HttpServlet.java:658)
	at org.apache.catalina.core.ApplicationFilterChain.internalDoFilter(ApplicationFilterChain.java:195)
	at org.apache.catalina.core.ApplicationFilterChain.doFilter(ApplicationFilterChain.java:140)
	at org.apache.tomcat.websocket.server.WsFilter.doFilter(WsFilter.java:51)
	at org.apache.catalina.core.ApplicationFilterChain.internalDoFilter(ApplicationFilterChain.java:164)
	at org.apache.catalina.core.ApplicationFilterChain.doFilter(ApplicationFilterChain.java:140)
	at com.example.pic.config.TraceIdFilter.doFilter(TraceIdFilter.java:29)
	at org.apache.catalina.core.ApplicationFilterChain.internalDoFilter(ApplicationFilterChain.java:164)
	at org.apache.catalina.core.ApplicationFilterChain.doFilter(ApplicationFilterChain.java:140)
	at org.springframework.web.filter.RequestContextFilter.doFilterInternal(RequestContextFilter.java:100)
	at org.springframework.web.filter.OncePerRequestFilter.doFilter(OncePerRequestFilter.java:116)
	at org.apache.catalina.core.ApplicationFilterChain.internalDoFilter(ApplicationFilterChain.java:164)
	at org.apache.catalina.core.ApplicationFilterChain.doFilter(ApplicationFilterChain.java:140)
	at org.springframework.web.filter.FormContentFilter.doFilterInternal(FormContentFilter.java:93)
	at org.springframework.web.filter.OncePerRequestFilter.doFilter(OncePerRequestFilter.java:116)
	at org.apache.catalina.core.ApplicationFilterChain.internalDoFilter(ApplicationFilterChain.java:164)
	at org.apache.catalina.core.ApplicationFilterChain.doFilter(ApplicationFilterChain.java:140)
	at org.springframework.web.filter.CharacterEncodingFilter.doFilterInternal(CharacterEncodingFilter.java:201)
	at org.springframework.web.filter.OncePerRequestFilter.doFilter(OncePerRequestFilter.java:116)
	at org.apache.catalina.core.ApplicationFilterChain.internalDoFilter(ApplicationFilterChain.java:164)
	at org.apache.catalina.core.ApplicationFilterChain.doFilter(ApplicationFilterChain.java:140)
	at org.apache.catalina.core.StandardWrapperValve.invoke(StandardWrapperValve.java:167)
	at org.apache.catalina.core.StandardContextValve.invoke(StandardContextValve.java:90)
	at org.apache.catalina.authenticator.AuthenticatorBase.invoke(AuthenticatorBase.java:483)
	at org.apache.catalina.core.StandardHostValve.invoke(StandardHostValve.java:116)
	at org.apache.catalina.valves.ErrorReportValve.invoke(ErrorReportValve.java:93)
	at org.apache.catalina.core.StandardEngineValve.invoke(StandardEngineValve.java:74)
	at org.apache.catalina.connector.CoyoteAdapter.service(CoyoteAdapter.java:344)
	at org.apache.coyote.http11.Http11Processor.service(Http11Processor.java:398)
	at org.apache.coyote.AbstractProcessorLight.process(AbstractProcessorLight.java:63)
	at org.apache.coyote.AbstractProtocol$ConnectionHandler.process(AbstractProtocol.java:903)
	at org.apache.tomcat.util.net.NioEndpoint$SocketProcessor.doRun(NioEndpoint.java:1776)
	at org.apache.tomcat.util.net.SocketProcessorBase.run(SocketProcessorBase.java:52)
	at org.apache.tomcat.util.threads.ThreadPoolExecutor.runWorker(ThreadPoolExecutor.java:975)
	at org.apache.tomcat.util.threads.ThreadPoolExecutor$Worker.run(ThreadPoolExecutor.java:493)
	at org.apache.tomcat.util.threads.TaskThread$WrappingRunnable.run(TaskThread.java:63)
	at java.base/java.lang.Thread.run(Thread.java:1583)
Caused by: org.hibernate.TransactionException: Unable to rollback against JDBC Connection
	at org.hibernate.resource.jdbc.internal.AbstractLogicalConnectionImplementor.rollback(AbstractLogicalConnectionImplementor.java:137)
	at org.hibernate.resource.transaction.backend.jdbc.internal.JdbcResourceLocalTransactionCoordinatorImpl$TransactionDriverControlImpl.rollback(JdbcResourceLocalTransactionCoordinatorImpl.java:289)
	at org.hibernate.engine.transaction.internal.TransactionImpl.rollback(TransactionImpl.java:142)
	at org.springframework.orm.jpa.JpaTransactionManager.doRollback(JpaTransactionManager.java:590)
	... 70 common frames omitted
Caused by: java.sql.SQLException: Connection is closed
	at com.zaxxer.hikari.pool.ProxyConnection$ClosedConnection.lambda$getClosedConnection$0(ProxyConnection.java:562)
	at jdk.proxy3/jdk.proxy3.$Proxy96.rollback(Unknown Source)
	at com.zaxxer.hikari.pool.ProxyConnection.rollback(ProxyConnection.java:386)
	at com.zaxxer.hikari.pool.HikariProxyConnection.rollback(HikariProxyConnection.java)
	at org.hibernate.resource.jdbc.internal.AbstractLogicalConnectionImplementor.rollback(AbstractLogicalConnectionImplementor.java:127)
	... 73 common frames omitted
2025-11-26 16:25:52.378 | WARN  | traceId=5adaabfc-8d21-42a6-a4c6-0a433532122b | c.z.h.pool.ProxyConnection.checkException | HikariPool-1 - Connection org.postgresql.jdbc.PgConnection@26b0f74 marked as broken because of SQLSTATE(08006), ErrorCode(0)
org.postgresql.util.PSQLException: An I/O error occurred while sending to the backend.
	at org.postgresql.core.v3.QueryExecutorImpl.execute(QueryExecutorImpl.java:399)
	at org.postgresql.jdbc.PgStatement.executeInternal(PgStatement.java:518)
	at org.postgresql.jdbc.PgStatement.execute(PgStatement.java:435)
	at org.postgresql.jdbc.PgPreparedStatement.executeWithFlags(PgPreparedStatement.java:196)
	at org.postgresql.jdbc.PgPreparedStatement.executeUpdate(PgPreparedStatement.java:157)
	at com.zaxxer.hikari.pool.ProxyPreparedStatement.executeUpdate(ProxyPreparedStatement.java:61)
	at com.zaxxer.hikari.pool.HikariProxyPreparedStatement.executeUpdate(HikariProxyPreparedStatement.java)
	at org.hibernate.engine.jdbc.internal.ResultSetReturnImpl.executeUpdate(ResultSetReturnImpl.java:194)
	at org.hibernate.id.insert.GetGeneratedKeysDelegate.performMutation(GetGeneratedKeysDelegate.java:116)
	at org.hibernate.engine.jdbc.mutation.internal.MutationExecutorSingleNonBatched.performNonBatchedOperations(MutationExecutorSingleNonBatched.java:47)
	at org.hibernate.engine.jdbc.mutation.internal.AbstractMutationExecutor.execute(AbstractMutationExecutor.java:55)
	at org.hibernate.persister.entity.mutation.InsertCoordinatorStandard.doStaticInserts(InsertCoordinatorStandard.java:194)
	at org.hibernate.persister.entity.mutation.InsertCoordinatorStandard.coordinateInsert(InsertCoordinatorStandard.java:132)
	at org.hibernate.persister.entity.mutation.InsertCoordinatorStandard.insert(InsertCoordinatorStandard.java:95)
	at org.hibernate.action.internal.EntityIdentityInsertAction.execute(EntityIdentityInsertAction.java:85)
	at org.hibernate.engine.spi.ActionQueue.execute(ActionQueue.java:682)
	at org.hibernate.engine.spi.ActionQueue.addResolvedEntityInsertAction(ActionQueue.java:293)
	at org.hibernate.engine.spi.ActionQueue.addInsertAction(ActionQueue.java:274)
	at org.hibernate.engine.spi.ActionQueue.addAction(ActionQueue.java:324)
	at org.hibernate.event.internal.AbstractSaveEventListener.addInsertAction(AbstractSaveEventListener.java:394)
	at org.hibernate.event.internal.AbstractSaveEventListener.performSaveOrReplicate(AbstractSaveEventListener.java:308)
	at org.hibernate.event.internal.AbstractSaveEventListener.performSave(AbstractSaveEventListener.java:224)
	at org.hibernate.event.internal.AbstractSaveEventListener.saveWithGeneratedId(AbstractSaveEventListener.java:136)
	at org.hibernate.event.internal.DefaultPersistEventListener.entityIsTransient(DefaultPersistEventListener.java:177)
	at org.hibernate.event.internal.DefaultPersistEventListener.persist(DefaultPersistEventListener.java:95)
	at org.hibernate.event.internal.DefaultPersistEventListener.onPersist(DefaultPersistEventListener.java:79)
	at org.hibernate.event.internal.DefaultPersistEventListener.onPersist(DefaultPersistEventListener.java:55)
	at org.hibernate.event.service.internal.EventListenerGroupImpl.fireEventOnEachListener(EventListenerGroupImpl.java:127)
	at org.hibernate.internal.SessionImpl.firePersist(SessionImpl.java:761)
	at org.hibernate.internal.SessionImpl.persist(SessionImpl.java:745)
	at java.base/jdk.internal.reflect.DirectMethodHandleAccessor.invoke(DirectMethodHandleAccessor.java:103)
	at java.base/java.lang.reflect.Method.invoke(Method.java:580)
	at org.springframework.orm.jpa.ExtendedEntityManagerCreator$ExtendedEntityManagerInvocationHandler.invoke(ExtendedEntityManagerCreator.java:364)
	at jdk.proxy2/jdk.proxy2.$Proxy118.persist(Unknown Source)
	at java.base/jdk.internal.reflect.DirectMethodHandleAccessor.invoke(DirectMethodHandleAccessor.java:103)
	at java.base/java.lang.reflect.Method.invoke(Method.java:580)
	at org.springframework.orm.jpa.SharedEntityManagerCreator$SharedEntityManagerInvocationHandler.invoke(SharedEntityManagerCreator.java:320)
	at jdk.proxy2/jdk.proxy2.$Proxy118.persist(Unknown Source)
	at org.springframework.data.jpa.repository.support.SimpleJpaRepository.save(SimpleJpaRepository.java:654)
	at java.base/jdk.internal.reflect.DirectMethodHandleAccessor.invoke(DirectMethodHandleAccessor.java:103)
	at java.base/java.lang.reflect.Method.invoke(Method.java:580)
	at org.springframework.aop.support.AopUtils.invokeJoinpointUsingReflection(AopUtils.java:360)
	at org.springframework.data.repository.core.support.RepositoryMethodInvoker$RepositoryFragmentMethodInvoker.lambda$new$0(RepositoryMethodInvoker.java:277)
	at org.springframework.data.repository.core.support.RepositoryMethodInvoker.doInvoke(RepositoryMethodInvoker.java:170)
	at org.springframework.data.repository.core.support.RepositoryMethodInvoker.invoke(RepositoryMethodInvoker.java:158)
	at org.springframework.data.repository.core.support.RepositoryComposition$RepositoryFragments.invoke(RepositoryComposition.java:515)
	at org.springframework.data.repository.core.support.RepositoryComposition.invoke(RepositoryComposition.java:284)
	at org.springframework.data.repository.core.support.RepositoryFactorySupport$ImplementationMethodExecutionInterceptor.invoke(RepositoryFactorySupport.java:734)
	at org.springframework.aop.framework.ReflectiveMethodInvocation.proceed(ReflectiveMethodInvocation.java:184)
	at org.springframework.data.repository.core.support.QueryExecutorMethodInterceptor.doInvoke(QueryExecutorMethodInterceptor.java:174)
	at org.springframework.data.repository.core.support.QueryExecutorMethodInterceptor.invoke(QueryExecutorMethodInterceptor.java:149)
	at org.springframework.aop.framework.ReflectiveMethodInvocation.proceed(ReflectiveMethodInvocation.java:184)
	at org.springframework.data.projection.DefaultMethodInvokingMethodInterceptor.invoke(DefaultMethodInvokingMethodInterceptor.java:69)
	at org.springframework.aop.framework.ReflectiveMethodInvocation.proceed(ReflectiveMethodInvocation.java:184)
	at org.springframework.transaction.interceptor.TransactionAspectSupport.invokeWithinTransaction(TransactionAspectSupport.java:380)
	at org.springframework.transaction.interceptor.TransactionInterceptor.invoke(TransactionInterceptor.java:119)
	at org.springframework.aop.framework.ReflectiveMethodInvocation.proceed(ReflectiveMethodInvocation.java:184)
	at org.springframework.dao.support.PersistenceExceptionTranslationInterceptor.invoke(PersistenceExceptionTranslationInterceptor.java:138)
	at org.springframework.aop.framework.ReflectiveMethodInvocation.proceed(ReflectiveMethodInvocation.java:184)
	at org.springframework.data.jpa.repository.support.CrudMethodMetadataPostProcessor$CrudMethodMetadataPopulatingMethodInterceptor.invoke(CrudMethodMetadataPostProcessor.java:165)
	at org.springframework.aop.framework.ReflectiveMethodInvocation.proceed(ReflectiveMethodInvocation.java:184)
	at org.springframework.aop.framework.JdkDynamicAopProxy.invoke(JdkDynamicAopProxy.java:223)
	at jdk.proxy2/jdk.proxy2.$Proxy126.save(Unknown Source)
	at com.example.pic.ServiceImpl.OauthImpl.getAuthUrl(OauthImpl.java:170)
	at java.base/jdk.internal.reflect.DirectMethodHandleAccessor.invoke(DirectMethodHandleAccessor.java:103)
	at java.base/java.lang.reflect.Method.invoke(Method.java:580)
	at org.springframework.aop.support.AopUtils.invokeJoinpointUsingReflection(AopUtils.java:360)
	at org.springframework.aop.framework.CglibAopProxy$DynamicAdvisedInterceptor.intercept(CglibAopProxy.java:724)
	at com.example.pic.ServiceImpl.OauthImpl$$SpringCGLIB$$0.getAuthUrl(<generated>)
	at com.example.pic.Controller.OidcController.getAuthCode(OidcController.java:63)
	at java.base/jdk.internal.reflect.DirectMethodHandleAccessor.invoke(DirectMethodHandleAccessor.java:103)
	at java.base/java.lang.reflect.Method.invoke(Method.java:580)
	at org.springframework.web.method.support.InvocableHandlerMethod.doInvoke(InvocableHandlerMethod.java:258)
	at org.springframework.web.method.support.InvocableHandlerMethod.invokeForRequest(InvocableHandlerMethod.java:191)
	at org.springframework.web.servlet.mvc.method.annotation.ServletInvocableHandlerMethod.invokeAndHandle(ServletInvocableHandlerMethod.java:118)
	at org.springframework.web.servlet.mvc.method.annotation.RequestMappingHandlerAdapter.invokeHandlerMethod(RequestMappingHandlerAdapter.java:991)
	at org.springframework.web.servlet.mvc.method.annotation.RequestMappingHandlerAdapter.handleInternal(RequestMappingHandlerAdapter.java:896)
	at org.springframework.web.servlet.mvc.method.AbstractHandlerMethodAdapter.handle(AbstractHandlerMethodAdapter.java:87)
	at org.springframework.web.servlet.DispatcherServlet.doDispatch(DispatcherServlet.java:1089)
	at org.springframework.web.servlet.DispatcherServlet.doService(DispatcherServlet.java:979)
	at org.springframework.web.servlet.FrameworkServlet.processRequest(FrameworkServlet.java:1014)
	at org.springframework.web.servlet.FrameworkServlet.doGet(FrameworkServlet.java:903)
	at jakarta.servlet.http.HttpServlet.service(HttpServlet.java:564)
	at org.springframework.web.servlet.FrameworkServlet.service(FrameworkServlet.java:885)
	at jakarta.servlet.http.HttpServlet.service(HttpServlet.java:658)
	at org.apache.catalina.core.ApplicationFilterChain.internalDoFilter(ApplicationFilterChain.java:195)
	at org.apache.catalina.core.ApplicationFilterChain.doFilter(ApplicationFilterChain.java:140)
	at org.apache.tomcat.websocket.server.WsFilter.doFilter(WsFilter.java:51)
	at org.apache.catalina.core.ApplicationFilterChain.internalDoFilter(ApplicationFilterChain.java:164)
	at org.apache.catalina.core.ApplicationFilterChain.doFilter(ApplicationFilterChain.java:140)
	at com.example.pic.config.TraceIdFilter.doFilter(TraceIdFilter.java:29)
	at org.apache.catalina.core.ApplicationFilterChain.internalDoFilter(ApplicationFilterChain.java:164)
	at org.apache.catalina.core.ApplicationFilterChain.doFilter(ApplicationFilterChain.java:140)
	at org.springframework.web.filter.RequestContextFilter.doFilterInternal(RequestContextFilter.java:100)
	at org.springframework.web.filter.OncePerRequestFilter.doFilter(OncePerRequestFilter.java:116)
	at org.apache.catalina.core.ApplicationFilterChain.internalDoFilter(ApplicationFilterChain.java:164)
	at org.apache.catalina.core.ApplicationFilterChain.doFilter(ApplicationFilterChain.java:140)
	at org.springframework.web.filter.FormContentFilter.doFilterInternal(FormContentFilter.java:93)
	at org.springframework.web.filter.OncePerRequestFilter.doFilter(OncePerRequestFilter.java:116)
	at org.apache.catalina.core.ApplicationFilterChain.internalDoFilter(ApplicationFilterChain.java:164)
	at org.apache.catalina.core.ApplicationFilterChain.doFilter(ApplicationFilterChain.java:140)
	at org.springframework.web.filter.CharacterEncodingFilter.doFilterInternal(CharacterEncodingFilter.java:201)
	at org.springframework.web.filter.OncePerRequestFilter.doFilter(OncePerRequestFilter.java:116)
	at org.apache.catalina.core.ApplicationFilterChain.internalDoFilter(ApplicationFilterChain.java:164)
	at org.apache.catalina.core.ApplicationFilterChain.doFilter(ApplicationFilterChain.java:140)
	at org.apache.catalina.core.StandardWrapperValve.invoke(StandardWrapperValve.java:167)
	at org.apache.catalina.core.StandardContextValve.invoke(StandardContextValve.java:90)
	at org.apache.catalina.authenticator.AuthenticatorBase.invoke(AuthenticatorBase.java:483)
	at org.apache.catalina.core.StandardHostValve.invoke(StandardHostValve.java:116)
	at org.apache.catalina.valves.ErrorReportValve.invoke(ErrorReportValve.java:93)
	at org.apache.catalina.core.StandardEngineValve.invoke(StandardEngineValve.java:74)
	at org.apache.catalina.connector.CoyoteAdapter.service(CoyoteAdapter.java:344)
	at org.apache.coyote.http11.Http11Processor.service(Http11Processor.java:398)
	at org.apache.coyote.AbstractProcessorLight.process(AbstractProcessorLight.java:63)
	at org.apache.coyote.AbstractProtocol$ConnectionHandler.process(AbstractProtocol.java:903)
	at org.apache.tomcat.util.net.NioEndpoint$SocketProcessor.doRun(NioEndpoint.java:1776)
	at org.apache.tomcat.util.net.SocketProcessorBase.run(SocketProcessorBase.java:52)
	at org.apache.tomcat.util.threads.ThreadPoolExecutor.runWorker(ThreadPoolExecutor.java:975)
	at org.apache.tomcat.util.threads.ThreadPoolExecutor$Worker.run(ThreadPoolExecutor.java:493)
	at org.apache.tomcat.util.threads.TaskThread$WrappingRunnable.run(TaskThread.java:63)
	at java.base/java.lang.Thread.run(Thread.java:1583)
Caused by: java.net.SocketException: Connection reset by peer
	at java.base/sun.nio.ch.SocketDispatcher.write0(Native Method)
	at java.base/sun.nio.ch.SocketDispatcher.write(SocketDispatcher.java:54)
	at java.base/sun.nio.ch.NioSocketImpl.tryWrite(NioSocketImpl.java:394)
	at java.base/sun.nio.ch.NioSocketImpl.implWrite(NioSocketImpl.java:410)
	at java.base/sun.nio.ch.NioSocketImpl.write(NioSocketImpl.java:440)
	at java.base/sun.nio.ch.NioSocketImpl$2.write(NioSocketImpl.java:819)
	at java.base/java.net.Socket$SocketOutputStream.write(Socket.java:1195)
	at org.postgresql.util.internal.PgBufferedOutputStream.flushBuffer(PgBufferedOutputStream.java:41)
	at org.postgresql.util.internal.PgBufferedOutputStream.flush(PgBufferedOutputStream.java:48)
	at org.postgresql.core.PGStream.flush(PGStream.java:708)
	at org.postgresql.core.v3.QueryExecutorImpl.sendSimpleQuery(QueryExecutorImpl.java:2063)
	at org.postgresql.core.v3.QueryExecutorImpl.sendOneQuery(QueryExecutorImpl.java:1944)
	at org.postgresql.core.v3.QueryExecutorImpl.sendQueryPreamble(QueryExecutorImpl.java:624)
	at org.postgresql.core.v3.QueryExecutorImpl.execute(QueryExecutorImpl.java:362)
	... 120 common frames omitted
2025-11-26 16:25:52.380 | WARN  | traceId=5adaabfc-8d21-42a6-a4c6-0a433532122b | o.h.e.j.spi.SqlExceptionHelper.logExceptions | SQL Error: 0, SQLState: 08006
2025-11-26 16:25:52.381 | ERROR | traceId=5adaabfc-8d21-42a6-a4c6-0a433532122b | o.h.e.j.spi.SqlExceptionHelper.logExceptions | An I/O error occurred while sending to the backend.
2025-11-26 16:25:52.383 | ERROR | traceId=5adaabfc-8d21-42a6-a4c6-0a433532122b | o.s.t.i.TransactionAspectSupport.completeTransactionAfterThrowing | Application exception overridden by rollback exception
org.hibernate.exception.JDBCConnectionException: could not execute statement [An I/O error occurred while sending to the backend.] [insert into oauth_authorize_request (client_id,code_challenge,code_challenge_method,created_at,redirect_uri,scope,state) values (?,?,?,?,?,?,?)]
	at org.hibernate.exception.internal.SQLStateConversionDelegate.convert(SQLStateConversionDelegate.java:100)
	at org.hibernate.exception.internal.StandardSQLExceptionConverter.convert(StandardSQLExceptionConverter.java:58)
	at org.hibernate.engine.jdbc.spi.SqlExceptionHelper.convert(SqlExceptionHelper.java:108)
	at org.hibernate.engine.jdbc.internal.ResultSetReturnImpl.executeUpdate(ResultSetReturnImpl.java:197)
	at org.hibernate.id.insert.GetGeneratedKeysDelegate.performMutation(GetGeneratedKeysDelegate.java:116)
	at org.hibernate.engine.jdbc.mutation.internal.MutationExecutorSingleNonBatched.performNonBatchedOperations(MutationExecutorSingleNonBatched.java:47)
	at org.hibernate.engine.jdbc.mutation.internal.AbstractMutationExecutor.execute(AbstractMutationExecutor.java:55)
	at org.hibernate.persister.entity.mutation.InsertCoordinatorStandard.doStaticInserts(InsertCoordinatorStandard.java:194)
	at org.hibernate.persister.entity.mutation.InsertCoordinatorStandard.coordinateInsert(InsertCoordinatorStandard.java:132)
	at org.hibernate.persister.entity.mutation.InsertCoordinatorStandard.insert(InsertCoordinatorStandard.java:95)
	at org.hibernate.action.internal.EntityIdentityInsertAction.execute(EntityIdentityInsertAction.java:85)
	at org.hibernate.engine.spi.ActionQueue.execute(ActionQueue.java:682)
	at org.hibernate.engine.spi.ActionQueue.addResolvedEntityInsertAction(ActionQueue.java:293)
	at org.hibernate.engine.spi.ActionQueue.addInsertAction(ActionQueue.java:274)
	at org.hibernate.engine.spi.ActionQueue.addAction(ActionQueue.java:324)
	at org.hibernate.event.internal.AbstractSaveEventListener.addInsertAction(AbstractSaveEventListener.java:394)
	at org.hibernate.event.internal.AbstractSaveEventListener.performSaveOrReplicate(AbstractSaveEventListener.java:308)
	at org.hibernate.event.internal.AbstractSaveEventListener.performSave(AbstractSaveEventListener.java:224)
	at org.hibernate.event.internal.AbstractSaveEventListener.saveWithGeneratedId(AbstractSaveEventListener.java:136)
	at org.hibernate.event.internal.DefaultPersistEventListener.entityIsTransient(DefaultPersistEventListener.java:177)
	at org.hibernate.event.internal.DefaultPersistEventListener.persist(DefaultPersistEventListener.java:95)
	at org.hibernate.event.internal.DefaultPersistEventListener.onPersist(DefaultPersistEventListener.java:79)
	at org.hibernate.event.internal.DefaultPersistEventListener.onPersist(DefaultPersistEventListener.java:55)
	at org.hibernate.event.service.internal.EventListenerGroupImpl.fireEventOnEachListener(EventListenerGroupImpl.java:127)
	at org.hibernate.internal.SessionImpl.firePersist(SessionImpl.java:761)
	at org.hibernate.internal.SessionImpl.persist(SessionImpl.java:745)
	at java.base/jdk.internal.reflect.DirectMethodHandleAccessor.invoke(DirectMethodHandleAccessor.java:103)
	at java.base/java.lang.reflect.Method.invoke(Method.java:580)
	at org.springframework.orm.jpa.ExtendedEntityManagerCreator$ExtendedEntityManagerInvocationHandler.invoke(ExtendedEntityManagerCreator.java:364)
	at jdk.proxy2/jdk.proxy2.$Proxy118.persist(Unknown Source)
	at java.base/jdk.internal.reflect.DirectMethodHandleAccessor.invoke(DirectMethodHandleAccessor.java:103)
	at java.base/java.lang.reflect.Method.invoke(Method.java:580)
	at org.springframework.orm.jpa.SharedEntityManagerCreator$SharedEntityManagerInvocationHandler.invoke(SharedEntityManagerCreator.java:320)
	at jdk.proxy2/jdk.proxy2.$Proxy118.persist(Unknown Source)
	at org.springframework.data.jpa.repository.support.SimpleJpaRepository.save(SimpleJpaRepository.java:654)
	at java.base/jdk.internal.reflect.DirectMethodHandleAccessor.invoke(DirectMethodHandleAccessor.java:103)
	at java.base/java.lang.reflect.Method.invoke(Method.java:580)
	at org.springframework.aop.support.AopUtils.invokeJoinpointUsingReflection(AopUtils.java:360)
	at org.springframework.data.repository.core.support.RepositoryMethodInvoker$RepositoryFragmentMethodInvoker.lambda$new$0(RepositoryMethodInvoker.java:277)
	at org.springframework.data.repository.core.support.RepositoryMethodInvoker.doInvoke(RepositoryMethodInvoker.java:170)
	at org.springframework.data.repository.core.support.RepositoryMethodInvoker.invoke(RepositoryMethodInvoker.java:158)
	at org.springframework.data.repository.core.support.RepositoryComposition$RepositoryFragments.invoke(RepositoryComposition.java:515)
	at org.springframework.data.repository.core.support.RepositoryComposition.invoke(RepositoryComposition.java:284)
	at org.springframework.data.repository.core.support.RepositoryFactorySupport$ImplementationMethodExecutionInterceptor.invoke(RepositoryFactorySupport.java:734)
	at org.springframework.aop.framework.ReflectiveMethodInvocation.proceed(ReflectiveMethodInvocation.java:184)
	at org.springframework.data.repository.core.support.QueryExecutorMethodInterceptor.doInvoke(QueryExecutorMethodInterceptor.java:174)
	at org.springframework.data.repository.core.support.QueryExecutorMethodInterceptor.invoke(QueryExecutorMethodInterceptor.java:149)
	at org.springframework.aop.framework.ReflectiveMethodInvocation.proceed(ReflectiveMethodInvocation.java:184)
	at org.springframework.data.projection.DefaultMethodInvokingMethodInterceptor.invoke(DefaultMethodInvokingMethodInterceptor.java:69)
	at org.springframework.aop.framework.ReflectiveMethodInvocation.proceed(ReflectiveMethodInvocation.java:184)
	at org.springframework.transaction.interceptor.TransactionAspectSupport.invokeWithinTransaction(TransactionAspectSupport.java:380)
	at org.springframework.transaction.interceptor.TransactionInterceptor.invoke(TransactionInterceptor.java:119)
	at org.springframework.aop.framework.ReflectiveMethodInvocation.proceed(ReflectiveMethodInvocation.java:184)
	at org.springframework.dao.support.PersistenceExceptionTranslationInterceptor.invoke(PersistenceExceptionTranslationInterceptor.java:138)
	at org.springframework.aop.framework.ReflectiveMethodInvocation.proceed(ReflectiveMethodInvocation.java:184)
	at org.springframework.data.jpa.repository.support.CrudMethodMetadataPostProcessor$CrudMethodMetadataPopulatingMethodInterceptor.invoke(CrudMethodMetadataPostProcessor.java:165)
	at org.springframework.aop.framework.ReflectiveMethodInvocation.proceed(ReflectiveMethodInvocation.java:184)
	at org.springframework.aop.framework.JdkDynamicAopProxy.invoke(JdkDynamicAopProxy.java:223)
	at jdk.proxy2/jdk.proxy2.$Proxy126.save(Unknown Source)
	at com.example.pic.ServiceImpl.OauthImpl.getAuthUrl(OauthImpl.java:170)
	at java.base/jdk.internal.reflect.DirectMethodHandleAccessor.invoke(DirectMethodHandleAccessor.java:103)
	at java.base/java.lang.reflect.Method.invoke(Method.java:580)
	at org.springframework.aop.support.AopUtils.invokeJoinpointUsingReflection(AopUtils.java:360)
	at org.springframework.aop.framework.CglibAopProxy$DynamicAdvisedInterceptor.intercept(CglibAopProxy.java:724)
	at com.example.pic.ServiceImpl.OauthImpl$$SpringCGLIB$$0.getAuthUrl(<generated>)
	at com.example.pic.Controller.OidcController.getAuthCode(OidcController.java:63)
	at java.base/jdk.internal.reflect.DirectMethodHandleAccessor.invoke(DirectMethodHandleAccessor.java:103)
	at java.base/java.lang.reflect.Method.invoke(Method.java:580)
	at org.springframework.web.method.support.InvocableHandlerMethod.doInvoke(InvocableHandlerMethod.java:258)
	at org.springframework.web.method.support.InvocableHandlerMethod.invokeForRequest(InvocableHandlerMethod.java:191)
	at org.springframework.web.servlet.mvc.method.annotation.ServletInvocableHandlerMethod.invokeAndHandle(ServletInvocableHandlerMethod.java:118)
	at org.springframework.web.servlet.mvc.method.annotation.RequestMappingHandlerAdapter.invokeHandlerMethod(RequestMappingHandlerAdapter.java:991)
	at org.springframework.web.servlet.mvc.method.annotation.RequestMappingHandlerAdapter.handleInternal(RequestMappingHandlerAdapter.java:896)
	at org.springframework.web.servlet.mvc.method.AbstractHandlerMethodAdapter.handle(AbstractHandlerMethodAdapter.java:87)
	at org.springframework.web.servlet.DispatcherServlet.doDispatch(DispatcherServlet.java:1089)
	at org.springframework.web.servlet.DispatcherServlet.doService(DispatcherServlet.java:979)
	at org.springframework.web.servlet.FrameworkServlet.processRequest(FrameworkServlet.java:1014)
	at org.springframework.web.servlet.FrameworkServlet.doGet(FrameworkServlet.java:903)
	at jakarta.servlet.http.HttpServlet.service(HttpServlet.java:564)
	at org.springframework.web.servlet.FrameworkServlet.service(FrameworkServlet.java:885)
	at jakarta.servlet.http.HttpServlet.service(HttpServlet.java:658)
	at org.apache.catalina.core.ApplicationFilterChain.internalDoFilter(ApplicationFilterChain.java:195)
	at org.apache.catalina.core.ApplicationFilterChain.doFilter(ApplicationFilterChain.java:140)
	at org.apache.tomcat.websocket.server.WsFilter.doFilter(WsFilter.java:51)
	at org.apache.catalina.core.ApplicationFilterChain.internalDoFilter(ApplicationFilterChain.java:164)
	at org.apache.catalina.core.ApplicationFilterChain.doFilter(ApplicationFilterChain.java:140)
	at com.example.pic.config.TraceIdFilter.doFilter(TraceIdFilter.java:29)
	at org.apache.catalina.core.ApplicationFilterChain.internalDoFilter(ApplicationFilterChain.java:164)
	at org.apache.catalina.core.ApplicationFilterChain.doFilter(ApplicationFilterChain.java:140)
	at org.springframework.web.filter.RequestContextFilter.doFilterInternal(RequestContextFilter.java:100)
	at org.springframework.web.filter.OncePerRequestFilter.doFilter(OncePerRequestFilter.java:116)
	at org.apache.catalina.core.ApplicationFilterChain.internalDoFilter(ApplicationFilterChain.java:164)
	at org.apache.catalina.core.ApplicationFilterChain.doFilter(ApplicationFilterChain.java:140)
	at org.springframework.web.filter.FormContentFilter.doFilterInternal(FormContentFilter.java:93)
	at org.springframework.web.filter.OncePerRequestFilter.doFilter(OncePerRequestFilter.java:116)
	at org.apache.catalina.core.ApplicationFilterChain.internalDoFilter(ApplicationFilterChain.java:164)
	at org.apache.catalina.core.ApplicationFilterChain.doFilter(ApplicationFilterChain.java:140)
	at org.springframework.web.filter.CharacterEncodingFilter.doFilterInternal(CharacterEncodingFilter.java:201)
	at org.springframework.web.filter.OncePerRequestFilter.doFilter(OncePerRequestFilter.java:116)
	at org.apache.catalina.core.ApplicationFilterChain.internalDoFilter(ApplicationFilterChain.java:164)
	at org.apache.catalina.core.ApplicationFilterChain.doFilter(ApplicationFilterChain.java:140)
	at org.apache.catalina.core.StandardWrapperValve.invoke(StandardWrapperValve.java:167)
	at org.apache.catalina.core.StandardContextValve.invoke(StandardContextValve.java:90)
	at org.apache.catalina.authenticator.AuthenticatorBase.invoke(AuthenticatorBase.java:483)
	at org.apache.catalina.core.StandardHostValve.invoke(StandardHostValve.java:116)
	at org.apache.catalina.valves.ErrorReportValve.invoke(ErrorReportValve.java:93)
	at org.apache.catalina.core.StandardEngineValve.invoke(StandardEngineValve.java:74)
	at org.apache.catalina.connector.CoyoteAdapter.service(CoyoteAdapter.java:344)
	at org.apache.coyote.http11.Http11Processor.service(Http11Processor.java:398)
	at org.apache.coyote.AbstractProcessorLight.process(AbstractProcessorLight.java:63)
	at org.apache.coyote.AbstractProtocol$ConnectionHandler.process(AbstractProtocol.java:903)
	at org.apache.tomcat.util.net.NioEndpoint$SocketProcessor.doRun(NioEndpoint.java:1776)
	at org.apache.tomcat.util.net.SocketProcessorBase.run(SocketProcessorBase.java:52)
	at org.apache.tomcat.util.threads.ThreadPoolExecutor.runWorker(ThreadPoolExecutor.java:975)
	at org.apache.tomcat.util.threads.ThreadPoolExecutor$Worker.run(ThreadPoolExecutor.java:493)
	at org.apache.tomcat.util.threads.TaskThread$WrappingRunnable.run(TaskThread.java:63)
	at java.base/java.lang.Thread.run(Thread.java:1583)
Caused by: org.postgresql.util.PSQLException: An I/O error occurred while sending to the backend.
	at org.postgresql.core.v3.QueryExecutorImpl.execute(QueryExecutorImpl.java:399)
	at org.postgresql.jdbc.PgStatement.executeInternal(PgStatement.java:518)
	at org.postgresql.jdbc.PgStatement.execute(PgStatement.java:435)
	at org.postgresql.jdbc.PgPreparedStatement.executeWithFlags(PgPreparedStatement.java:196)
	at org.postgresql.jdbc.PgPreparedStatement.executeUpdate(PgPreparedStatement.java:157)
	at com.zaxxer.hikari.pool.ProxyPreparedStatement.executeUpdate(ProxyPreparedStatement.java:61)
	at com.zaxxer.hikari.pool.HikariProxyPreparedStatement.executeUpdate(HikariProxyPreparedStatement.java)
	at org.hibernate.engine.jdbc.internal.ResultSetReturnImpl.executeUpdate(ResultSetReturnImpl.java:194)
	... 113 common frames omitted
Caused by: java.net.SocketException: Connection reset by peer
	at java.base/sun.nio.ch.SocketDispatcher.write0(Native Method)
	at java.base/sun.nio.ch.SocketDispatcher.write(SocketDispatcher.java:54)
	at java.base/sun.nio.ch.NioSocketImpl.tryWrite(NioSocketImpl.java:394)
	at java.base/sun.nio.ch.NioSocketImpl.implWrite(NioSocketImpl.java:410)
	at java.base/sun.nio.ch.NioSocketImpl.write(NioSocketImpl.java:440)
	at java.base/sun.nio.ch.NioSocketImpl$2.write(NioSocketImpl.java:819)
	at java.base/java.net.Socket$SocketOutputStream.write(Socket.java:1195)
	at org.postgresql.util.internal.PgBufferedOutputStream.flushBuffer(PgBufferedOutputStream.java:41)
	at org.postgresql.util.internal.PgBufferedOutputStream.flush(PgBufferedOutputStream.java:48)
	at org.postgresql.core.PGStream.flush(PGStream.java:708)
	at org.postgresql.core.v3.QueryExecutorImpl.sendSimpleQuery(QueryExecutorImpl.java:2063)
	at org.postgresql.core.v3.QueryExecutorImpl.sendOneQuery(QueryExecutorImpl.java:1944)
	at org.postgresql.core.v3.QueryExecutorImpl.sendQueryPreamble(QueryExecutorImpl.java:624)
	at org.postgresql.core.v3.QueryExecutorImpl.execute(QueryExecutorImpl.java:362)
	... 120 common frames omitted
2025-11-26 16:25:52.384 | ERROR | traceId=5adaabfc-8d21-42a6-a4c6-0a433532122b | c.e.pic.ServiceImpl.OauthImpl.getAuthUrl | 寫入 OauthAuthorizeRequestTb 發生錯誤
org.springframework.orm.jpa.JpaSystemException: Unable to rollback against JDBC Connection
	at org.springframework.orm.jpa.vendor.HibernateJpaDialect.convertHibernateAccessException(HibernateJpaDialect.java:348)
	at org.springframework.orm.jpa.vendor.HibernateJpaDialect.convertHibernateAccessException(HibernateJpaDialect.java:256)
	at org.springframework.orm.jpa.vendor.HibernateJpaDialect.translateExceptionIfPossible(HibernateJpaDialect.java:241)
	at org.springframework.orm.jpa.JpaTransactionManager.doRollback(JpaTransactionManager.java:594)
	at org.springframework.transaction.support.AbstractPlatformTransactionManager.processRollback(AbstractPlatformTransactionManager.java:897)
	at org.springframework.transaction.support.AbstractPlatformTransactionManager.rollback(AbstractPlatformTransactionManager.java:866)
	at org.springframework.transaction.interceptor.TransactionAspectSupport.completeTransactionAfterThrowing(TransactionAspectSupport.java:716)
	at org.springframework.transaction.interceptor.TransactionAspectSupport.invokeWithinTransaction(TransactionAspectSupport.java:384)
	at org.springframework.transaction.interceptor.TransactionInterceptor.invoke(TransactionInterceptor.java:119)
	at org.springframework.aop.framework.ReflectiveMethodInvocation.proceed(ReflectiveMethodInvocation.java:184)
	at org.springframework.dao.support.PersistenceExceptionTranslationInterceptor.invoke(PersistenceExceptionTranslationInterceptor.java:138)
	at org.springframework.aop.framework.ReflectiveMethodInvocation.proceed(ReflectiveMethodInvocation.java:184)
	at org.springframework.data.jpa.repository.support.CrudMethodMetadataPostProcessor$CrudMethodMetadataPopulatingMethodInterceptor.invoke(CrudMethodMetadataPostProcessor.java:165)
	at org.springframework.aop.framework.ReflectiveMethodInvocation.proceed(ReflectiveMethodInvocation.java:184)
	at org.springframework.aop.framework.JdkDynamicAopProxy.invoke(JdkDynamicAopProxy.java:223)
	at jdk.proxy2/jdk.proxy2.$Proxy126.save(Unknown Source)
	at com.example.pic.ServiceImpl.OauthImpl.getAuthUrl(OauthImpl.java:170)
	at java.base/jdk.internal.reflect.DirectMethodHandleAccessor.invoke(DirectMethodHandleAccessor.java:103)
	at java.base/java.lang.reflect.Method.invoke(Method.java:580)
	at org.springframework.aop.support.AopUtils.invokeJoinpointUsingReflection(AopUtils.java:360)
	at org.springframework.aop.framework.CglibAopProxy$DynamicAdvisedInterceptor.intercept(CglibAopProxy.java:724)
	at com.example.pic.ServiceImpl.OauthImpl$$SpringCGLIB$$0.getAuthUrl(<generated>)
	at com.example.pic.Controller.OidcController.getAuthCode(OidcController.java:63)
	at java.base/jdk.internal.reflect.DirectMethodHandleAccessor.invoke(DirectMethodHandleAccessor.java:103)
	at java.base/java.lang.reflect.Method.invoke(Method.java:580)
	at org.springframework.web.method.support.InvocableHandlerMethod.doInvoke(InvocableHandlerMethod.java:258)
	at org.springframework.web.method.support.InvocableHandlerMethod.invokeForRequest(InvocableHandlerMethod.java:191)
	at org.springframework.web.servlet.mvc.method.annotation.ServletInvocableHandlerMethod.invokeAndHandle(ServletInvocableHandlerMethod.java:118)
	at org.springframework.web.servlet.mvc.method.annotation.RequestMappingHandlerAdapter.invokeHandlerMethod(RequestMappingHandlerAdapter.java:991)
	at org.springframework.web.servlet.mvc.method.annotation.RequestMappingHandlerAdapter.handleInternal(RequestMappingHandlerAdapter.java:896)
	at org.springframework.web.servlet.mvc.method.AbstractHandlerMethodAdapter.handle(AbstractHandlerMethodAdapter.java:87)
	at org.springframework.web.servlet.DispatcherServlet.doDispatch(DispatcherServlet.java:1089)
	at org.springframework.web.servlet.DispatcherServlet.doService(DispatcherServlet.java:979)
	at org.springframework.web.servlet.FrameworkServlet.processRequest(FrameworkServlet.java:1014)
	at org.springframework.web.servlet.FrameworkServlet.doGet(FrameworkServlet.java:903)
	at jakarta.servlet.http.HttpServlet.service(HttpServlet.java:564)
	at org.springframework.web.servlet.FrameworkServlet.service(FrameworkServlet.java:885)
	at jakarta.servlet.http.HttpServlet.service(HttpServlet.java:658)
	at org.apache.catalina.core.ApplicationFilterChain.internalDoFilter(ApplicationFilterChain.java:195)
	at org.apache.catalina.core.ApplicationFilterChain.doFilter(ApplicationFilterChain.java:140)
	at org.apache.tomcat.websocket.server.WsFilter.doFilter(WsFilter.java:51)
	at org.apache.catalina.core.ApplicationFilterChain.internalDoFilter(ApplicationFilterChain.java:164)
	at org.apache.catalina.core.ApplicationFilterChain.doFilter(ApplicationFilterChain.java:140)
	at com.example.pic.config.TraceIdFilter.doFilter(TraceIdFilter.java:29)
	at org.apache.catalina.core.ApplicationFilterChain.internalDoFilter(ApplicationFilterChain.java:164)
	at org.apache.catalina.core.ApplicationFilterChain.doFilter(ApplicationFilterChain.java:140)
	at org.springframework.web.filter.RequestContextFilter.doFilterInternal(RequestContextFilter.java:100)
	at org.springframework.web.filter.OncePerRequestFilter.doFilter(OncePerRequestFilter.java:116)
	at org.apache.catalina.core.ApplicationFilterChain.internalDoFilter(ApplicationFilterChain.java:164)
	at org.apache.catalina.core.ApplicationFilterChain.doFilter(ApplicationFilterChain.java:140)
	at org.springframework.web.filter.FormContentFilter.doFilterInternal(FormContentFilter.java:93)
	at org.springframework.web.filter.OncePerRequestFilter.doFilter(OncePerRequestFilter.java:116)
	at org.apache.catalina.core.ApplicationFilterChain.internalDoFilter(ApplicationFilterChain.java:164)
	at org.apache.catalina.core.ApplicationFilterChain.doFilter(ApplicationFilterChain.java:140)
	at org.springframework.web.filter.CharacterEncodingFilter.doFilterInternal(CharacterEncodingFilter.java:201)
	at org.springframework.web.filter.OncePerRequestFilter.doFilter(OncePerRequestFilter.java:116)
	at org.apache.catalina.core.ApplicationFilterChain.internalDoFilter(ApplicationFilterChain.java:164)
	at org.apache.catalina.core.ApplicationFilterChain.doFilter(ApplicationFilterChain.java:140)
	at org.apache.catalina.core.StandardWrapperValve.invoke(StandardWrapperValve.java:167)
	at org.apache.catalina.core.StandardContextValve.invoke(StandardContextValve.java:90)
	at org.apache.catalina.authenticator.AuthenticatorBase.invoke(AuthenticatorBase.java:483)
	at org.apache.catalina.core.StandardHostValve.invoke(StandardHostValve.java:116)
	at org.apache.catalina.valves.ErrorReportValve.invoke(ErrorReportValve.java:93)
	at org.apache.catalina.core.StandardEngineValve.invoke(StandardEngineValve.java:74)
	at org.apache.catalina.connector.CoyoteAdapter.service(CoyoteAdapter.java:344)
	at org.apache.coyote.http11.Http11Processor.service(Http11Processor.java:398)
	at org.apache.coyote.AbstractProcessorLight.process(AbstractProcessorLight.java:63)
	at org.apache.coyote.AbstractProtocol$ConnectionHandler.process(AbstractProtocol.java:903)
	at org.apache.tomcat.util.net.NioEndpoint$SocketProcessor.doRun(NioEndpoint.java:1776)
	at org.apache.tomcat.util.net.SocketProcessorBase.run(SocketProcessorBase.java:52)
	at org.apache.tomcat.util.threads.ThreadPoolExecutor.runWorker(ThreadPoolExecutor.java:975)
	at org.apache.tomcat.util.threads.ThreadPoolExecutor$Worker.run(ThreadPoolExecutor.java:493)
	at org.apache.tomcat.util.threads.TaskThread$WrappingRunnable.run(TaskThread.java:63)
	at java.base/java.lang.Thread.run(Thread.java:1583)
Caused by: org.hibernate.TransactionException: Unable to rollback against JDBC Connection
	at org.hibernate.resource.jdbc.internal.AbstractLogicalConnectionImplementor.rollback(AbstractLogicalConnectionImplementor.java:137)
	at org.hibernate.resource.transaction.backend.jdbc.internal.JdbcResourceLocalTransactionCoordinatorImpl$TransactionDriverControlImpl.rollback(JdbcResourceLocalTransactionCoordinatorImpl.java:289)
	at org.hibernate.engine.transaction.internal.TransactionImpl.rollback(TransactionImpl.java:142)
	at org.springframework.orm.jpa.JpaTransactionManager.doRollback(JpaTransactionManager.java:590)
	... 70 common frames omitted
Caused by: java.sql.SQLException: Connection is closed
	at com.zaxxer.hikari.pool.ProxyConnection$ClosedConnection.lambda$getClosedConnection$0(ProxyConnection.java:562)
	at jdk.proxy3/jdk.proxy3.$Proxy96.rollback(Unknown Source)
	at com.zaxxer.hikari.pool.ProxyConnection.rollback(ProxyConnection.java:386)
	at com.zaxxer.hikari.pool.HikariProxyConnection.rollback(HikariProxyConnection.java)
	at org.hibernate.resource.jdbc.internal.AbstractLogicalConnectionImplementor.rollback(AbstractLogicalConnectionImplementor.java:127)
	... 73 common frames omitted
2025-11-26 16:25:53.041 | WARN  | traceId=f5326e3e-651f-426b-9ee6-6644d478886e | c.z.h.pool.ProxyConnection.checkException | HikariPool-1 - Connection org.postgresql.jdbc.PgConnection@58d542bc marked as broken because of SQLSTATE(08006), ErrorCode(0)
org.postgresql.util.PSQLException: An I/O error occurred while sending to the backend.
	at org.postgresql.core.v3.QueryExecutorImpl.execute(QueryExecutorImpl.java:399)
	at org.postgresql.jdbc.PgStatement.executeInternal(PgStatement.java:518)
	at org.postgresql.jdbc.PgStatement.execute(PgStatement.java:435)
	at org.postgresql.jdbc.PgPreparedStatement.executeWithFlags(PgPreparedStatement.java:196)
	at org.postgresql.jdbc.PgPreparedStatement.executeUpdate(PgPreparedStatement.java:157)
	at com.zaxxer.hikari.pool.ProxyPreparedStatement.executeUpdate(ProxyPreparedStatement.java:61)
	at com.zaxxer.hikari.pool.HikariProxyPreparedStatement.executeUpdate(HikariProxyPreparedStatement.java)
	at org.hibernate.engine.jdbc.internal.ResultSetReturnImpl.executeUpdate(ResultSetReturnImpl.java:194)
	at org.hibernate.id.insert.GetGeneratedKeysDelegate.performMutation(GetGeneratedKeysDelegate.java:116)
	at org.hibernate.engine.jdbc.mutation.internal.MutationExecutorSingleNonBatched.performNonBatchedOperations(MutationExecutorSingleNonBatched.java:47)
	at org.hibernate.engine.jdbc.mutation.internal.AbstractMutationExecutor.execute(AbstractMutationExecutor.java:55)
	at org.hibernate.persister.entity.mutation.InsertCoordinatorStandard.doStaticInserts(InsertCoordinatorStandard.java:194)
	at org.hibernate.persister.entity.mutation.InsertCoordinatorStandard.coordinateInsert(InsertCoordinatorStandard.java:132)
	at org.hibernate.persister.entity.mutation.InsertCoordinatorStandard.insert(InsertCoordinatorStandard.java:95)
	at org.hibernate.action.internal.EntityIdentityInsertAction.execute(EntityIdentityInsertAction.java:85)
	at org.hibernate.engine.spi.ActionQueue.execute(ActionQueue.java:682)
	at org.hibernate.engine.spi.ActionQueue.addResolvedEntityInsertAction(ActionQueue.java:293)
	at org.hibernate.engine.spi.ActionQueue.addInsertAction(ActionQueue.java:274)
	at org.hibernate.engine.spi.ActionQueue.addAction(ActionQueue.java:324)
	at org.hibernate.event.internal.AbstractSaveEventListener.addInsertAction(AbstractSaveEventListener.java:394)
	at org.hibernate.event.internal.AbstractSaveEventListener.performSaveOrReplicate(AbstractSaveEventListener.java:308)
	at org.hibernate.event.internal.AbstractSaveEventListener.performSave(AbstractSaveEventListener.java:224)
	at org.hibernate.event.internal.AbstractSaveEventListener.saveWithGeneratedId(AbstractSaveEventListener.java:136)
	at org.hibernate.event.internal.DefaultPersistEventListener.entityIsTransient(DefaultPersistEventListener.java:177)
	at org.hibernate.event.internal.DefaultPersistEventListener.persist(DefaultPersistEventListener.java:95)
	at org.hibernate.event.internal.DefaultPersistEventListener.onPersist(DefaultPersistEventListener.java:79)
	at org.hibernate.event.internal.DefaultPersistEventListener.onPersist(DefaultPersistEventListener.java:55)
	at org.hibernate.event.service.internal.EventListenerGroupImpl.fireEventOnEachListener(EventListenerGroupImpl.java:127)
	at org.hibernate.internal.SessionImpl.firePersist(SessionImpl.java:761)
	at org.hibernate.internal.SessionImpl.persist(SessionImpl.java:745)
	at java.base/jdk.internal.reflect.DirectMethodHandleAccessor.invoke(DirectMethodHandleAccessor.java:103)
	at java.base/java.lang.reflect.Method.invoke(Method.java:580)
	at org.springframework.orm.jpa.ExtendedEntityManagerCreator$ExtendedEntityManagerInvocationHandler.invoke(ExtendedEntityManagerCreator.java:364)
	at jdk.proxy2/jdk.proxy2.$Proxy118.persist(Unknown Source)
	at java.base/jdk.internal.reflect.DirectMethodHandleAccessor.invoke(DirectMethodHandleAccessor.java:103)
	at java.base/java.lang.reflect.Method.invoke(Method.java:580)
	at org.springframework.orm.jpa.SharedEntityManagerCreator$SharedEntityManagerInvocationHandler.invoke(SharedEntityManagerCreator.java:320)
	at jdk.proxy2/jdk.proxy2.$Proxy118.persist(Unknown Source)
	at org.springframework.data.jpa.repository.support.SimpleJpaRepository.save(SimpleJpaRepository.java:654)
	at java.base/jdk.internal.reflect.DirectMethodHandleAccessor.invoke(DirectMethodHandleAccessor.java:103)
	at java.base/java.lang.reflect.Method.invoke(Method.java:580)
	at org.springframework.aop.support.AopUtils.invokeJoinpointUsingReflection(AopUtils.java:360)
	at org.springframework.data.repository.core.support.RepositoryMethodInvoker$RepositoryFragmentMethodInvoker.lambda$new$0(RepositoryMethodInvoker.java:277)
	at org.springframework.data.repository.core.support.RepositoryMethodInvoker.doInvoke(RepositoryMethodInvoker.java:170)
	at org.springframework.data.repository.core.support.RepositoryMethodInvoker.invoke(RepositoryMethodInvoker.java:158)
	at org.springframework.data.repository.core.support.RepositoryComposition$RepositoryFragments.invoke(RepositoryComposition.java:515)
	at org.springframework.data.repository.core.support.RepositoryComposition.invoke(RepositoryComposition.java:284)
	at org.springframework.data.repository.core.support.RepositoryFactorySupport$ImplementationMethodExecutionInterceptor.invoke(RepositoryFactorySupport.java:734)
	at org.springframework.aop.framework.ReflectiveMethodInvocation.proceed(ReflectiveMethodInvocation.java:184)
	at org.springframework.data.repository.core.support.QueryExecutorMethodInterceptor.doInvoke(QueryExecutorMethodInterceptor.java:174)
	at org.springframework.data.repository.core.support.QueryExecutorMethodInterceptor.invoke(QueryExecutorMethodInterceptor.java:149)
	at org.springframework.aop.framework.ReflectiveMethodInvocation.proceed(ReflectiveMethodInvocation.java:184)
	at org.springframework.data.projection.DefaultMethodInvokingMethodInterceptor.invoke(DefaultMethodInvokingMethodInterceptor.java:69)
	at org.springframework.aop.framework.ReflectiveMethodInvocation.proceed(ReflectiveMethodInvocation.java:184)
	at org.springframework.transaction.interceptor.TransactionAspectSupport.invokeWithinTransaction(TransactionAspectSupport.java:380)
	at org.springframework.transaction.interceptor.TransactionInterceptor.invoke(TransactionInterceptor.java:119)
	at org.springframework.aop.framework.ReflectiveMethodInvocation.proceed(ReflectiveMethodInvocation.java:184)
	at org.springframework.dao.support.PersistenceExceptionTranslationInterceptor.invoke(PersistenceExceptionTranslationInterceptor.java:138)
	at org.springframework.aop.framework.ReflectiveMethodInvocation.proceed(ReflectiveMethodInvocation.java:184)
	at org.springframework.data.jpa.repository.support.CrudMethodMetadataPostProcessor$CrudMethodMetadataPopulatingMethodInterceptor.invoke(CrudMethodMetadataPostProcessor.java:165)
	at org.springframework.aop.framework.ReflectiveMethodInvocation.proceed(ReflectiveMethodInvocation.java:184)
	at org.springframework.aop.framework.JdkDynamicAopProxy.invoke(JdkDynamicAopProxy.java:223)
	at jdk.proxy2/jdk.proxy2.$Proxy126.save(Unknown Source)
	at com.example.pic.ServiceImpl.OauthImpl.getAuthUrl(OauthImpl.java:170)
	at java.base/jdk.internal.reflect.DirectMethodHandleAccessor.invoke(DirectMethodHandleAccessor.java:103)
	at java.base/java.lang.reflect.Method.invoke(Method.java:580)
	at org.springframework.aop.support.AopUtils.invokeJoinpointUsingReflection(AopUtils.java:360)
	at org.springframework.aop.framework.CglibAopProxy$DynamicAdvisedInterceptor.intercept(CglibAopProxy.java:724)
	at com.example.pic.ServiceImpl.OauthImpl$$SpringCGLIB$$0.getAuthUrl(<generated>)
	at com.example.pic.Controller.OidcController.getAuthCode(OidcController.java:63)
	at java.base/jdk.internal.reflect.DirectMethodHandleAccessor.invoke(DirectMethodHandleAccessor.java:103)
	at java.base/java.lang.reflect.Method.invoke(Method.java:580)
	at org.springframework.web.method.support.InvocableHandlerMethod.doInvoke(InvocableHandlerMethod.java:258)
	at org.springframework.web.method.support.InvocableHandlerMethod.invokeForRequest(InvocableHandlerMethod.java:191)
	at org.springframework.web.servlet.mvc.method.annotation.ServletInvocableHandlerMethod.invokeAndHandle(ServletInvocableHandlerMethod.java:118)
	at org.springframework.web.servlet.mvc.method.annotation.RequestMappingHandlerAdapter.invokeHandlerMethod(RequestMappingHandlerAdapter.java:991)
	at org.springframework.web.servlet.mvc.method.annotation.RequestMappingHandlerAdapter.handleInternal(RequestMappingHandlerAdapter.java:896)
	at org.springframework.web.servlet.mvc.method.AbstractHandlerMethodAdapter.handle(AbstractHandlerMethodAdapter.java:87)
	at org.springframework.web.servlet.DispatcherServlet.doDispatch(DispatcherServlet.java:1089)
	at org.springframework.web.servlet.DispatcherServlet.doService(DispatcherServlet.java:979)
	at org.springframework.web.servlet.FrameworkServlet.processRequest(FrameworkServlet.java:1014)
	at org.springframework.web.servlet.FrameworkServlet.doGet(FrameworkServlet.java:903)
	at jakarta.servlet.http.HttpServlet.service(HttpServlet.java:564)
	at org.springframework.web.servlet.FrameworkServlet.service(FrameworkServlet.java:885)
	at jakarta.servlet.http.HttpServlet.service(HttpServlet.java:658)
	at org.apache.catalina.core.ApplicationFilterChain.internalDoFilter(ApplicationFilterChain.java:195)
	at org.apache.catalina.core.ApplicationFilterChain.doFilter(ApplicationFilterChain.java:140)
	at org.apache.tomcat.websocket.server.WsFilter.doFilter(WsFilter.java:51)
	at org.apache.catalina.core.ApplicationFilterChain.internalDoFilter(ApplicationFilterChain.java:164)
	at org.apache.catalina.core.ApplicationFilterChain.doFilter(ApplicationFilterChain.java:140)
	at com.example.pic.config.TraceIdFilter.doFilter(TraceIdFilter.java:29)
	at org.apache.catalina.core.ApplicationFilterChain.internalDoFilter(ApplicationFilterChain.java:164)
	at org.apache.catalina.core.ApplicationFilterChain.doFilter(ApplicationFilterChain.java:140)
	at org.springframework.web.filter.RequestContextFilter.doFilterInternal(RequestContextFilter.java:100)
	at org.springframework.web.filter.OncePerRequestFilter.doFilter(OncePerRequestFilter.java:116)
	at org.apache.catalina.core.ApplicationFilterChain.internalDoFilter(ApplicationFilterChain.java:164)
	at org.apache.catalina.core.ApplicationFilterChain.doFilter(ApplicationFilterChain.java:140)
	at org.springframework.web.filter.FormContentFilter.doFilterInternal(FormContentFilter.java:93)
	at org.springframework.web.filter.OncePerRequestFilter.doFilter(OncePerRequestFilter.java:116)
	at org.apache.catalina.core.ApplicationFilterChain.internalDoFilter(ApplicationFilterChain.java:164)
	at org.apache.catalina.core.ApplicationFilterChain.doFilter(ApplicationFilterChain.java:140)
	at org.springframework.web.filter.CharacterEncodingFilter.doFilterInternal(CharacterEncodingFilter.java:201)
	at org.springframework.web.filter.OncePerRequestFilter.doFilter(OncePerRequestFilter.java:116)
	at org.apache.catalina.core.ApplicationFilterChain.internalDoFilter(ApplicationFilterChain.java:164)
	at org.apache.catalina.core.ApplicationFilterChain.doFilter(ApplicationFilterChain.java:140)
	at org.apache.catalina.core.StandardWrapperValve.invoke(StandardWrapperValve.java:167)
	at org.apache.catalina.core.StandardContextValve.invoke(StandardContextValve.java:90)
	at org.apache.catalina.authenticator.AuthenticatorBase.invoke(AuthenticatorBase.java:483)
	at org.apache.catalina.core.StandardHostValve.invoke(StandardHostValve.java:116)
	at org.apache.catalina.valves.ErrorReportValve.invoke(ErrorReportValve.java:93)
	at org.apache.catalina.core.StandardEngineValve.invoke(StandardEngineValve.java:74)
	at org.apache.catalina.connector.CoyoteAdapter.service(CoyoteAdapter.java:344)
	at org.apache.coyote.http11.Http11Processor.service(Http11Processor.java:398)
	at org.apache.coyote.AbstractProcessorLight.process(AbstractProcessorLight.java:63)
	at org.apache.coyote.AbstractProtocol$ConnectionHandler.process(AbstractProtocol.java:903)
	at org.apache.tomcat.util.net.NioEndpoint$SocketProcessor.doRun(NioEndpoint.java:1776)
	at org.apache.tomcat.util.net.SocketProcessorBase.run(SocketProcessorBase.java:52)
	at org.apache.tomcat.util.threads.ThreadPoolExecutor.runWorker(ThreadPoolExecutor.java:975)
	at org.apache.tomcat.util.threads.ThreadPoolExecutor$Worker.run(ThreadPoolExecutor.java:493)
	at org.apache.tomcat.util.threads.TaskThread$WrappingRunnable.run(TaskThread.java:63)
	at java.base/java.lang.Thread.run(Thread.java:1583)
Caused by: java.net.SocketException: Connection reset by peer
	at java.base/sun.nio.ch.SocketDispatcher.write0(Native Method)
	at java.base/sun.nio.ch.SocketDispatcher.write(SocketDispatcher.java:54)
	at java.base/sun.nio.ch.NioSocketImpl.tryWrite(NioSocketImpl.java:394)
	at java.base/sun.nio.ch.NioSocketImpl.implWrite(NioSocketImpl.java:410)
	at java.base/sun.nio.ch.NioSocketImpl.write(NioSocketImpl.java:440)
	at java.base/sun.nio.ch.NioSocketImpl$2.write(NioSocketImpl.java:819)
	at java.base/java.net.Socket$SocketOutputStream.write(Socket.java:1195)
	at org.postgresql.util.internal.PgBufferedOutputStream.flushBuffer(PgBufferedOutputStream.java:41)
	at org.postgresql.util.internal.PgBufferedOutputStream.flush(PgBufferedOutputStream.java:48)
	at org.postgresql.core.PGStream.flush(PGStream.java:708)
	at org.postgresql.core.v3.QueryExecutorImpl.sendSimpleQuery(QueryExecutorImpl.java:2063)
	at org.postgresql.core.v3.QueryExecutorImpl.sendOneQuery(QueryExecutorImpl.java:1944)
	at org.postgresql.core.v3.QueryExecutorImpl.sendQueryPreamble(QueryExecutorImpl.java:624)
	at org.postgresql.core.v3.QueryExecutorImpl.execute(QueryExecutorImpl.java:362)
	... 120 common frames omitted
2025-11-26 16:25:53.042 | WARN  | traceId=f5326e3e-651f-426b-9ee6-6644d478886e | o.h.e.j.spi.SqlExceptionHelper.logExceptions | SQL Error: 0, SQLState: 08006
2025-11-26 16:25:53.043 | ERROR | traceId=f5326e3e-651f-426b-9ee6-6644d478886e | o.h.e.j.spi.SqlExceptionHelper.logExceptions | An I/O error occurred while sending to the backend.
2025-11-26 16:25:53.045 | ERROR | traceId=f5326e3e-651f-426b-9ee6-6644d478886e | o.s.t.i.TransactionAspectSupport.completeTransactionAfterThrowing | Application exception overridden by rollback exception
org.hibernate.exception.JDBCConnectionException: could not execute statement [An I/O error occurred while sending to the backend.] [insert into oauth_authorize_request (client_id,code_challenge,code_challenge_method,created_at,redirect_uri,scope,state) values (?,?,?,?,?,?,?)]
	at org.hibernate.exception.internal.SQLStateConversionDelegate.convert(SQLStateConversionDelegate.java:100)
	at org.hibernate.exception.internal.StandardSQLExceptionConverter.convert(StandardSQLExceptionConverter.java:58)
	at org.hibernate.engine.jdbc.spi.SqlExceptionHelper.convert(SqlExceptionHelper.java:108)
	at org.hibernate.engine.jdbc.internal.ResultSetReturnImpl.executeUpdate(ResultSetReturnImpl.java:197)
	at org.hibernate.id.insert.GetGeneratedKeysDelegate.performMutation(GetGeneratedKeysDelegate.java:116)
	at org.hibernate.engine.jdbc.mutation.internal.MutationExecutorSingleNonBatched.performNonBatchedOperations(MutationExecutorSingleNonBatched.java:47)
	at org.hibernate.engine.jdbc.mutation.internal.AbstractMutationExecutor.execute(AbstractMutationExecutor.java:55)
	at org.hibernate.persister.entity.mutation.InsertCoordinatorStandard.doStaticInserts(InsertCoordinatorStandard.java:194)
	at org.hibernate.persister.entity.mutation.InsertCoordinatorStandard.coordinateInsert(InsertCoordinatorStandard.java:132)
	at org.hibernate.persister.entity.mutation.InsertCoordinatorStandard.insert(InsertCoordinatorStandard.java:95)
	at org.hibernate.action.internal.EntityIdentityInsertAction.execute(EntityIdentityInsertAction.java:85)
	at org.hibernate.engine.spi.ActionQueue.execute(ActionQueue.java:682)
	at org.hibernate.engine.spi.ActionQueue.addResolvedEntityInsertAction(ActionQueue.java:293)
	at org.hibernate.engine.spi.ActionQueue.addInsertAction(ActionQueue.java:274)
	at org.hibernate.engine.spi.ActionQueue.addAction(ActionQueue.java:324)
	at org.hibernate.event.internal.AbstractSaveEventListener.addInsertAction(AbstractSaveEventListener.java:394)
	at org.hibernate.event.internal.AbstractSaveEventListener.performSaveOrReplicate(AbstractSaveEventListener.java:308)
	at org.hibernate.event.internal.AbstractSaveEventListener.performSave(AbstractSaveEventListener.java:224)
	at org.hibernate.event.internal.AbstractSaveEventListener.saveWithGeneratedId(AbstractSaveEventListener.java:136)
	at org.hibernate.event.internal.DefaultPersistEventListener.entityIsTransient(DefaultPersistEventListener.java:177)
	at org.hibernate.event.internal.DefaultPersistEventListener.persist(DefaultPersistEventListener.java:95)
	at org.hibernate.event.internal.DefaultPersistEventListener.onPersist(DefaultPersistEventListener.java:79)
	at org.hibernate.event.internal.DefaultPersistEventListener.onPersist(DefaultPersistEventListener.java:55)
	at org.hibernate.event.service.internal.EventListenerGroupImpl.fireEventOnEachListener(EventListenerGroupImpl.java:127)
	at org.hibernate.internal.SessionImpl.firePersist(SessionImpl.java:761)
	at org.hibernate.internal.SessionImpl.persist(SessionImpl.java:745)
	at java.base/jdk.internal.reflect.DirectMethodHandleAccessor.invoke(DirectMethodHandleAccessor.java:103)
	at java.base/java.lang.reflect.Method.invoke(Method.java:580)
	at org.springframework.orm.jpa.ExtendedEntityManagerCreator$ExtendedEntityManagerInvocationHandler.invoke(ExtendedEntityManagerCreator.java:364)
	at jdk.proxy2/jdk.proxy2.$Proxy118.persist(Unknown Source)
	at java.base/jdk.internal.reflect.DirectMethodHandleAccessor.invoke(DirectMethodHandleAccessor.java:103)
	at java.base/java.lang.reflect.Method.invoke(Method.java:580)
	at org.springframework.orm.jpa.SharedEntityManagerCreator$SharedEntityManagerInvocationHandler.invoke(SharedEntityManagerCreator.java:320)
	at jdk.proxy2/jdk.proxy2.$Proxy118.persist(Unknown Source)
	at org.springframework.data.jpa.repository.support.SimpleJpaRepository.save(SimpleJpaRepository.java:654)
	at java.base/jdk.internal.reflect.DirectMethodHandleAccessor.invoke(DirectMethodHandleAccessor.java:103)
	at java.base/java.lang.reflect.Method.invoke(Method.java:580)
	at org.springframework.aop.support.AopUtils.invokeJoinpointUsingReflection(AopUtils.java:360)
	at org.springframework.data.repository.core.support.RepositoryMethodInvoker$RepositoryFragmentMethodInvoker.lambda$new$0(RepositoryMethodInvoker.java:277)
	at org.springframework.data.repository.core.support.RepositoryMethodInvoker.doInvoke(RepositoryMethodInvoker.java:170)
	at org.springframework.data.repository.core.support.RepositoryMethodInvoker.invoke(RepositoryMethodInvoker.java:158)
	at org.springframework.data.repository.core.support.RepositoryComposition$RepositoryFragments.invoke(RepositoryComposition.java:515)
	at org.springframework.data.repository.core.support.RepositoryComposition.invoke(RepositoryComposition.java:284)
	at org.springframework.data.repository.core.support.RepositoryFactorySupport$ImplementationMethodExecutionInterceptor.invoke(RepositoryFactorySupport.java:734)
	at org.springframework.aop.framework.ReflectiveMethodInvocation.proceed(ReflectiveMethodInvocation.java:184)
	at org.springframework.data.repository.core.support.QueryExecutorMethodInterceptor.doInvoke(QueryExecutorMethodInterceptor.java:174)
	at org.springframework.data.repository.core.support.QueryExecutorMethodInterceptor.invoke(QueryExecutorMethodInterceptor.java:149)
	at org.springframework.aop.framework.ReflectiveMethodInvocation.proceed(ReflectiveMethodInvocation.java:184)
	at org.springframework.data.projection.DefaultMethodInvokingMethodInterceptor.invoke(DefaultMethodInvokingMethodInterceptor.java:69)
	at org.springframework.aop.framework.ReflectiveMethodInvocation.proceed(ReflectiveMethodInvocation.java:184)
	at org.springframework.transaction.interceptor.TransactionAspectSupport.invokeWithinTransaction(TransactionAspectSupport.java:380)
	at org.springframework.transaction.interceptor.TransactionInterceptor.invoke(TransactionInterceptor.java:119)
	at org.springframework.aop.framework.ReflectiveMethodInvocation.proceed(ReflectiveMethodInvocation.java:184)
	at org.springframework.dao.support.PersistenceExceptionTranslationInterceptor.invoke(PersistenceExceptionTranslationInterceptor.java:138)
	at org.springframework.aop.framework.ReflectiveMethodInvocation.proceed(ReflectiveMethodInvocation.java:184)
	at org.springframework.data.jpa.repository.support.CrudMethodMetadataPostProcessor$CrudMethodMetadataPopulatingMethodInterceptor.invoke(CrudMethodMetadataPostProcessor.java:165)
	at org.springframework.aop.framework.ReflectiveMethodInvocation.proceed(ReflectiveMethodInvocation.java:184)
	at org.springframework.aop.framework.JdkDynamicAopProxy.invoke(JdkDynamicAopProxy.java:223)
	at jdk.proxy2/jdk.proxy2.$Proxy126.save(Unknown Source)
	at com.example.pic.ServiceImpl.OauthImpl.getAuthUrl(OauthImpl.java:170)
	at java.base/jdk.internal.reflect.DirectMethodHandleAccessor.invoke(DirectMethodHandleAccessor.java:103)
	at java.base/java.lang.reflect.Method.invoke(Method.java:580)
	at org.springframework.aop.support.AopUtils.invokeJoinpointUsingReflection(AopUtils.java:360)
	at org.springframework.aop.framework.CglibAopProxy$DynamicAdvisedInterceptor.intercept(CglibAopProxy.java:724)
	at com.example.pic.ServiceImpl.OauthImpl$$SpringCGLIB$$0.getAuthUrl(<generated>)
	at com.example.pic.Controller.OidcController.getAuthCode(OidcController.java:63)
	at java.base/jdk.internal.reflect.DirectMethodHandleAccessor.invoke(DirectMethodHandleAccessor.java:103)
	at java.base/java.lang.reflect.Method.invoke(Method.java:580)
	at org.springframework.web.method.support.InvocableHandlerMethod.doInvoke(InvocableHandlerMethod.java:258)
	at org.springframework.web.method.support.InvocableHandlerMethod.invokeForRequest(InvocableHandlerMethod.java:191)
	at org.springframework.web.servlet.mvc.method.annotation.ServletInvocableHandlerMethod.invokeAndHandle(ServletInvocableHandlerMethod.java:118)
	at org.springframework.web.servlet.mvc.method.annotation.RequestMappingHandlerAdapter.invokeHandlerMethod(RequestMappingHandlerAdapter.java:991)
	at org.springframework.web.servlet.mvc.method.annotation.RequestMappingHandlerAdapter.handleInternal(RequestMappingHandlerAdapter.java:896)
	at org.springframework.web.servlet.mvc.method.AbstractHandlerMethodAdapter.handle(AbstractHandlerMethodAdapter.java:87)
	at org.springframework.web.servlet.DispatcherServlet.doDispatch(DispatcherServlet.java:1089)
	at org.springframework.web.servlet.DispatcherServlet.doService(DispatcherServlet.java:979)
	at org.springframework.web.servlet.FrameworkServlet.processRequest(FrameworkServlet.java:1014)
	at org.springframework.web.servlet.FrameworkServlet.doGet(FrameworkServlet.java:903)
	at jakarta.servlet.http.HttpServlet.service(HttpServlet.java:564)
	at org.springframework.web.servlet.FrameworkServlet.service(FrameworkServlet.java:885)
	at jakarta.servlet.http.HttpServlet.service(HttpServlet.java:658)
	at org.apache.catalina.core.ApplicationFilterChain.internalDoFilter(ApplicationFilterChain.java:195)
	at org.apache.catalina.core.ApplicationFilterChain.doFilter(ApplicationFilterChain.java:140)
	at org.apache.tomcat.websocket.server.WsFilter.doFilter(WsFilter.java:51)
	at org.apache.catalina.core.ApplicationFilterChain.internalDoFilter(ApplicationFilterChain.java:164)
	at org.apache.catalina.core.ApplicationFilterChain.doFilter(ApplicationFilterChain.java:140)
	at com.example.pic.config.TraceIdFilter.doFilter(TraceIdFilter.java:29)
	at org.apache.catalina.core.ApplicationFilterChain.internalDoFilter(ApplicationFilterChain.java:164)
	at org.apache.catalina.core.ApplicationFilterChain.doFilter(ApplicationFilterChain.java:140)
	at org.springframework.web.filter.RequestContextFilter.doFilterInternal(RequestContextFilter.java:100)
	at org.springframework.web.filter.OncePerRequestFilter.doFilter(OncePerRequestFilter.java:116)
	at org.apache.catalina.core.ApplicationFilterChain.internalDoFilter(ApplicationFilterChain.java:164)
	at org.apache.catalina.core.ApplicationFilterChain.doFilter(ApplicationFilterChain.java:140)
	at org.springframework.web.filter.FormContentFilter.doFilterInternal(FormContentFilter.java:93)
	at org.springframework.web.filter.OncePerRequestFilter.doFilter(OncePerRequestFilter.java:116)
	at org.apache.catalina.core.ApplicationFilterChain.internalDoFilter(ApplicationFilterChain.java:164)
	at org.apache.catalina.core.ApplicationFilterChain.doFilter(ApplicationFilterChain.java:140)
	at org.springframework.web.filter.CharacterEncodingFilter.doFilterInternal(CharacterEncodingFilter.java:201)
	at org.springframework.web.filter.OncePerRequestFilter.doFilter(OncePerRequestFilter.java:116)
	at org.apache.catalina.core.ApplicationFilterChain.internalDoFilter(ApplicationFilterChain.java:164)
	at org.apache.catalina.core.ApplicationFilterChain.doFilter(ApplicationFilterChain.java:140)
	at org.apache.catalina.core.StandardWrapperValve.invoke(StandardWrapperValve.java:167)
	at org.apache.catalina.core.StandardContextValve.invoke(StandardContextValve.java:90)
	at org.apache.catalina.authenticator.AuthenticatorBase.invoke(AuthenticatorBase.java:483)
	at org.apache.catalina.core.StandardHostValve.invoke(StandardHostValve.java:116)
	at org.apache.catalina.valves.ErrorReportValve.invoke(ErrorReportValve.java:93)
	at org.apache.catalina.core.StandardEngineValve.invoke(StandardEngineValve.java:74)
	at org.apache.catalina.connector.CoyoteAdapter.service(CoyoteAdapter.java:344)
	at org.apache.coyote.http11.Http11Processor.service(Http11Processor.java:398)
	at org.apache.coyote.AbstractProcessorLight.process(AbstractProcessorLight.java:63)
	at org.apache.coyote.AbstractProtocol$ConnectionHandler.process(AbstractProtocol.java:903)
	at org.apache.tomcat.util.net.NioEndpoint$SocketProcessor.doRun(NioEndpoint.java:1776)
	at org.apache.tomcat.util.net.SocketProcessorBase.run(SocketProcessorBase.java:52)
	at org.apache.tomcat.util.threads.ThreadPoolExecutor.runWorker(ThreadPoolExecutor.java:975)
	at org.apache.tomcat.util.threads.ThreadPoolExecutor$Worker.run(ThreadPoolExecutor.java:493)
	at org.apache.tomcat.util.threads.TaskThread$WrappingRunnable.run(TaskThread.java:63)
	at java.base/java.lang.Thread.run(Thread.java:1583)
Caused by: org.postgresql.util.PSQLException: An I/O error occurred while sending to the backend.
	at org.postgresql.core.v3.QueryExecutorImpl.execute(QueryExecutorImpl.java:399)
	at org.postgresql.jdbc.PgStatement.executeInternal(PgStatement.java:518)
	at org.postgresql.jdbc.PgStatement.execute(PgStatement.java:435)
	at org.postgresql.jdbc.PgPreparedStatement.executeWithFlags(PgPreparedStatement.java:196)
	at org.postgresql.jdbc.PgPreparedStatement.executeUpdate(PgPreparedStatement.java:157)
	at com.zaxxer.hikari.pool.ProxyPreparedStatement.executeUpdate(ProxyPreparedStatement.java:61)
	at com.zaxxer.hikari.pool.HikariProxyPreparedStatement.executeUpdate(HikariProxyPreparedStatement.java)
	at org.hibernate.engine.jdbc.internal.ResultSetReturnImpl.executeUpdate(ResultSetReturnImpl.java:194)
	... 113 common frames omitted
Caused by: java.net.SocketException: Connection reset by peer
	at java.base/sun.nio.ch.SocketDispatcher.write0(Native Method)
	at java.base/sun.nio.ch.SocketDispatcher.write(SocketDispatcher.java:54)
	at java.base/sun.nio.ch.NioSocketImpl.tryWrite(NioSocketImpl.java:394)
	at java.base/sun.nio.ch.NioSocketImpl.implWrite(NioSocketImpl.java:410)
	at java.base/sun.nio.ch.NioSocketImpl.write(NioSocketImpl.java:440)
	at java.base/sun.nio.ch.NioSocketImpl$2.write(NioSocketImpl.java:819)
	at java.base/java.net.Socket$SocketOutputStream.write(Socket.java:1195)
	at org.postgresql.util.internal.PgBufferedOutputStream.flushBuffer(PgBufferedOutputStream.java:41)
	at org.postgresql.util.internal.PgBufferedOutputStream.flush(PgBufferedOutputStream.java:48)
	at org.postgresql.core.PGStream.flush(PGStream.java:708)
	at org.postgresql.core.v3.QueryExecutorImpl.sendSimpleQuery(QueryExecutorImpl.java:2063)
	at org.postgresql.core.v3.QueryExecutorImpl.sendOneQuery(QueryExecutorImpl.java:1944)
	at org.postgresql.core.v3.QueryExecutorImpl.sendQueryPreamble(QueryExecutorImpl.java:624)
	at org.postgresql.core.v3.QueryExecutorImpl.execute(QueryExecutorImpl.java:362)
	... 120 common frames omitted
2025-11-26 16:25:53.047 | ERROR | traceId=f5326e3e-651f-426b-9ee6-6644d478886e | c.e.pic.ServiceImpl.OauthImpl.getAuthUrl | 寫入 OauthAuthorizeRequestTb 發生錯誤
org.springframework.orm.jpa.JpaSystemException: Unable to rollback against JDBC Connection
	at org.springframework.orm.jpa.vendor.HibernateJpaDialect.convertHibernateAccessException(HibernateJpaDialect.java:348)
	at org.springframework.orm.jpa.vendor.HibernateJpaDialect.convertHibernateAccessException(HibernateJpaDialect.java:256)
	at org.springframework.orm.jpa.vendor.HibernateJpaDialect.translateExceptionIfPossible(HibernateJpaDialect.java:241)
	at org.springframework.orm.jpa.JpaTransactionManager.doRollback(JpaTransactionManager.java:594)
	at org.springframework.transaction.support.AbstractPlatformTransactionManager.processRollback(AbstractPlatformTransactionManager.java:897)
	at org.springframework.transaction.support.AbstractPlatformTransactionManager.rollback(AbstractPlatformTransactionManager.java:866)
	at org.springframework.transaction.interceptor.TransactionAspectSupport.completeTransactionAfterThrowing(TransactionAspectSupport.java:716)
	at org.springframework.transaction.interceptor.TransactionAspectSupport.invokeWithinTransaction(TransactionAspectSupport.java:384)
	at org.springframework.transaction.interceptor.TransactionInterceptor.invoke(TransactionInterceptor.java:119)
	at org.springframework.aop.framework.ReflectiveMethodInvocation.proceed(ReflectiveMethodInvocation.java:184)
	at org.springframework.dao.support.PersistenceExceptionTranslationInterceptor.invoke(PersistenceExceptionTranslationInterceptor.java:138)
	at org.springframework.aop.framework.ReflectiveMethodInvocation.proceed(ReflectiveMethodInvocation.java:184)
	at org.springframework.data.jpa.repository.support.CrudMethodMetadataPostProcessor$CrudMethodMetadataPopulatingMethodInterceptor.invoke(CrudMethodMetadataPostProcessor.java:165)
	at org.springframework.aop.framework.ReflectiveMethodInvocation.proceed(ReflectiveMethodInvocation.java:184)
	at org.springframework.aop.framework.JdkDynamicAopProxy.invoke(JdkDynamicAopProxy.java:223)
	at jdk.proxy2/jdk.proxy2.$Proxy126.save(Unknown Source)
	at com.example.pic.ServiceImpl.OauthImpl.getAuthUrl(OauthImpl.java:170)
	at java.base/jdk.internal.reflect.DirectMethodHandleAccessor.invoke(DirectMethodHandleAccessor.java:103)
	at java.base/java.lang.reflect.Method.invoke(Method.java:580)
	at org.springframework.aop.support.AopUtils.invokeJoinpointUsingReflection(AopUtils.java:360)
	at org.springframework.aop.framework.CglibAopProxy$DynamicAdvisedInterceptor.intercept(CglibAopProxy.java:724)
	at com.example.pic.ServiceImpl.OauthImpl$$SpringCGLIB$$0.getAuthUrl(<generated>)
	at com.example.pic.Controller.OidcController.getAuthCode(OidcController.java:63)
	at java.base/jdk.internal.reflect.DirectMethodHandleAccessor.invoke(DirectMethodHandleAccessor.java:103)
	at java.base/java.lang.reflect.Method.invoke(Method.java:580)
	at org.springframework.web.method.support.InvocableHandlerMethod.doInvoke(InvocableHandlerMethod.java:258)
	at org.springframework.web.method.support.InvocableHandlerMethod.invokeForRequest(InvocableHandlerMethod.java:191)
	at org.springframework.web.servlet.mvc.method.annotation.ServletInvocableHandlerMethod.invokeAndHandle(ServletInvocableHandlerMethod.java:118)
	at org.springframework.web.servlet.mvc.method.annotation.RequestMappingHandlerAdapter.invokeHandlerMethod(RequestMappingHandlerAdapter.java:991)
	at org.springframework.web.servlet.mvc.method.annotation.RequestMappingHandlerAdapter.handleInternal(RequestMappingHandlerAdapter.java:896)
	at org.springframework.web.servlet.mvc.method.AbstractHandlerMethodAdapter.handle(AbstractHandlerMethodAdapter.java:87)
	at org.springframework.web.servlet.DispatcherServlet.doDispatch(DispatcherServlet.java:1089)
	at org.springframework.web.servlet.DispatcherServlet.doService(DispatcherServlet.java:979)
	at org.springframework.web.servlet.FrameworkServlet.processRequest(FrameworkServlet.java:1014)
	at org.springframework.web.servlet.FrameworkServlet.doGet(FrameworkServlet.java:903)
	at jakarta.servlet.http.HttpServlet.service(HttpServlet.java:564)
	at org.springframework.web.servlet.FrameworkServlet.service(FrameworkServlet.java:885)
	at jakarta.servlet.http.HttpServlet.service(HttpServlet.java:658)
	at org.apache.catalina.core.ApplicationFilterChain.internalDoFilter(ApplicationFilterChain.java:195)
	at org.apache.catalina.core.ApplicationFilterChain.doFilter(ApplicationFilterChain.java:140)
	at org.apache.tomcat.websocket.server.WsFilter.doFilter(WsFilter.java:51)
	at org.apache.catalina.core.ApplicationFilterChain.internalDoFilter(ApplicationFilterChain.java:164)
	at org.apache.catalina.core.ApplicationFilterChain.doFilter(ApplicationFilterChain.java:140)
	at com.example.pic.config.TraceIdFilter.doFilter(TraceIdFilter.java:29)
	at org.apache.catalina.core.ApplicationFilterChain.internalDoFilter(ApplicationFilterChain.java:164)
	at org.apache.catalina.core.ApplicationFilterChain.doFilter(ApplicationFilterChain.java:140)
	at org.springframework.web.filter.RequestContextFilter.doFilterInternal(RequestContextFilter.java:100)
	at org.springframework.web.filter.OncePerRequestFilter.doFilter(OncePerRequestFilter.java:116)
	at org.apache.catalina.core.ApplicationFilterChain.internalDoFilter(ApplicationFilterChain.java:164)
	at org.apache.catalina.core.ApplicationFilterChain.doFilter(ApplicationFilterChain.java:140)
	at org.springframework.web.filter.FormContentFilter.doFilterInternal(FormContentFilter.java:93)
	at org.springframework.web.filter.OncePerRequestFilter.doFilter(OncePerRequestFilter.java:116)
	at org.apache.catalina.core.ApplicationFilterChain.internalDoFilter(ApplicationFilterChain.java:164)
	at org.apache.catalina.core.ApplicationFilterChain.doFilter(ApplicationFilterChain.java:140)
	at org.springframework.web.filter.CharacterEncodingFilter.doFilterInternal(CharacterEncodingFilter.java:201)
	at org.springframework.web.filter.OncePerRequestFilter.doFilter(OncePerRequestFilter.java:116)
	at org.apache.catalina.core.ApplicationFilterChain.internalDoFilter(ApplicationFilterChain.java:164)
	at org.apache.catalina.core.ApplicationFilterChain.doFilter(ApplicationFilterChain.java:140)
	at org.apache.catalina.core.StandardWrapperValve.invoke(StandardWrapperValve.java:167)
	at org.apache.catalina.core.StandardContextValve.invoke(StandardContextValve.java:90)
	at org.apache.catalina.authenticator.AuthenticatorBase.invoke(AuthenticatorBase.java:483)
	at org.apache.catalina.core.StandardHostValve.invoke(StandardHostValve.java:116)
	at org.apache.catalina.valves.ErrorReportValve.invoke(ErrorReportValve.java:93)
	at org.apache.catalina.core.StandardEngineValve.invoke(StandardEngineValve.java:74)
	at org.apache.catalina.connector.CoyoteAdapter.service(CoyoteAdapter.java:344)
	at org.apache.coyote.http11.Http11Processor.service(Http11Processor.java:398)
	at org.apache.coyote.AbstractProcessorLight.process(AbstractProcessorLight.java:63)
	at org.apache.coyote.AbstractProtocol$ConnectionHandler.process(AbstractProtocol.java:903)
	at org.apache.tomcat.util.net.NioEndpoint$SocketProcessor.doRun(NioEndpoint.java:1776)
	at org.apache.tomcat.util.net.SocketProcessorBase.run(SocketProcessorBase.java:52)
	at org.apache.tomcat.util.threads.ThreadPoolExecutor.runWorker(ThreadPoolExecutor.java:975)
	at org.apache.tomcat.util.threads.ThreadPoolExecutor$Worker.run(ThreadPoolExecutor.java:493)
	at org.apache.tomcat.util.threads.TaskThread$WrappingRunnable.run(TaskThread.java:63)
	at java.base/java.lang.Thread.run(Thread.java:1583)
Caused by: org.hibernate.TransactionException: Unable to rollback against JDBC Connection
	at org.hibernate.resource.jdbc.internal.AbstractLogicalConnectionImplementor.rollback(AbstractLogicalConnectionImplementor.java:137)
	at org.hibernate.resource.transaction.backend.jdbc.internal.JdbcResourceLocalTransactionCoordinatorImpl$TransactionDriverControlImpl.rollback(JdbcResourceLocalTransactionCoordinatorImpl.java:289)
	at org.hibernate.engine.transaction.internal.TransactionImpl.rollback(TransactionImpl.java:142)
	at org.springframework.orm.jpa.JpaTransactionManager.doRollback(JpaTransactionManager.java:590)
	... 70 common frames omitted
Caused by: java.sql.SQLException: Connection is closed
	at com.zaxxer.hikari.pool.ProxyConnection$ClosedConnection.lambda$getClosedConnection$0(ProxyConnection.java:562)
	at jdk.proxy3/jdk.proxy3.$Proxy96.rollback(Unknown Source)
	at com.zaxxer.hikari.pool.ProxyConnection.rollback(ProxyConnection.java:386)
	at com.zaxxer.hikari.pool.HikariProxyConnection.rollback(HikariProxyConnection.java)
	at org.hibernate.resource.jdbc.internal.AbstractLogicalConnectionImplementor.rollback(AbstractLogicalConnectionImplementor.java:127)
	... 73 common frames omitted
2025-11-26 16:25:53.595 | WARN  | traceId=f3255902-b1e0-4250-a499-5adc47b32bf1 | c.z.h.pool.ProxyConnection.checkException | HikariPool-1 - Connection org.postgresql.jdbc.PgConnection@7bb54315 marked as broken because of SQLSTATE(08006), ErrorCode(0)
org.postgresql.util.PSQLException: An I/O error occurred while sending to the backend.
	at org.postgresql.core.v3.QueryExecutorImpl.execute(QueryExecutorImpl.java:399)
	at org.postgresql.jdbc.PgStatement.executeInternal(PgStatement.java:518)
	at org.postgresql.jdbc.PgStatement.execute(PgStatement.java:435)
	at org.postgresql.jdbc.PgPreparedStatement.executeWithFlags(PgPreparedStatement.java:196)
	at org.postgresql.jdbc.PgPreparedStatement.executeUpdate(PgPreparedStatement.java:157)
	at com.zaxxer.hikari.pool.ProxyPreparedStatement.executeUpdate(ProxyPreparedStatement.java:61)
	at com.zaxxer.hikari.pool.HikariProxyPreparedStatement.executeUpdate(HikariProxyPreparedStatement.java)
	at org.hibernate.engine.jdbc.internal.ResultSetReturnImpl.executeUpdate(ResultSetReturnImpl.java:194)
	at org.hibernate.id.insert.GetGeneratedKeysDelegate.performMutation(GetGeneratedKeysDelegate.java:116)
	at org.hibernate.engine.jdbc.mutation.internal.MutationExecutorSingleNonBatched.performNonBatchedOperations(MutationExecutorSingleNonBatched.java:47)
	at org.hibernate.engine.jdbc.mutation.internal.AbstractMutationExecutor.execute(AbstractMutationExecutor.java:55)
	at org.hibernate.persister.entity.mutation.InsertCoordinatorStandard.doStaticInserts(InsertCoordinatorStandard.java:194)
	at org.hibernate.persister.entity.mutation.InsertCoordinatorStandard.coordinateInsert(InsertCoordinatorStandard.java:132)
	at org.hibernate.persister.entity.mutation.InsertCoordinatorStandard.insert(InsertCoordinatorStandard.java:95)
	at org.hibernate.action.internal.EntityIdentityInsertAction.execute(EntityIdentityInsertAction.java:85)
	at org.hibernate.engine.spi.ActionQueue.execute(ActionQueue.java:682)
	at org.hibernate.engine.spi.ActionQueue.addResolvedEntityInsertAction(ActionQueue.java:293)
	at org.hibernate.engine.spi.ActionQueue.addInsertAction(ActionQueue.java:274)
	at org.hibernate.engine.spi.ActionQueue.addAction(ActionQueue.java:324)
	at org.hibernate.event.internal.AbstractSaveEventListener.addInsertAction(AbstractSaveEventListener.java:394)
	at org.hibernate.event.internal.AbstractSaveEventListener.performSaveOrReplicate(AbstractSaveEventListener.java:308)
	at org.hibernate.event.internal.AbstractSaveEventListener.performSave(AbstractSaveEventListener.java:224)
	at org.hibernate.event.internal.AbstractSaveEventListener.saveWithGeneratedId(AbstractSaveEventListener.java:136)
	at org.hibernate.event.internal.DefaultPersistEventListener.entityIsTransient(DefaultPersistEventListener.java:177)
	at org.hibernate.event.internal.DefaultPersistEventListener.persist(DefaultPersistEventListener.java:95)
	at org.hibernate.event.internal.DefaultPersistEventListener.onPersist(DefaultPersistEventListener.java:79)
	at org.hibernate.event.internal.DefaultPersistEventListener.onPersist(DefaultPersistEventListener.java:55)
	at org.hibernate.event.service.internal.EventListenerGroupImpl.fireEventOnEachListener(EventListenerGroupImpl.java:127)
	at org.hibernate.internal.SessionImpl.firePersist(SessionImpl.java:761)
	at org.hibernate.internal.SessionImpl.persist(SessionImpl.java:745)
	at java.base/jdk.internal.reflect.DirectMethodHandleAccessor.invoke(DirectMethodHandleAccessor.java:103)
	at java.base/java.lang.reflect.Method.invoke(Method.java:580)
	at org.springframework.orm.jpa.ExtendedEntityManagerCreator$ExtendedEntityManagerInvocationHandler.invoke(ExtendedEntityManagerCreator.java:364)
	at jdk.proxy2/jdk.proxy2.$Proxy118.persist(Unknown Source)
	at java.base/jdk.internal.reflect.DirectMethodHandleAccessor.invoke(DirectMethodHandleAccessor.java:103)
	at java.base/java.lang.reflect.Method.invoke(Method.java:580)
	at org.springframework.orm.jpa.SharedEntityManagerCreator$SharedEntityManagerInvocationHandler.invoke(SharedEntityManagerCreator.java:320)
	at jdk.proxy2/jdk.proxy2.$Proxy118.persist(Unknown Source)
	at org.springframework.data.jpa.repository.support.SimpleJpaRepository.save(SimpleJpaRepository.java:654)
	at java.base/jdk.internal.reflect.DirectMethodHandleAccessor.invoke(DirectMethodHandleAccessor.java:103)
	at java.base/java.lang.reflect.Method.invoke(Method.java:580)
	at org.springframework.aop.support.AopUtils.invokeJoinpointUsingReflection(AopUtils.java:360)
	at org.springframework.data.repository.core.support.RepositoryMethodInvoker$RepositoryFragmentMethodInvoker.lambda$new$0(RepositoryMethodInvoker.java:277)
	at org.springframework.data.repository.core.support.RepositoryMethodInvoker.doInvoke(RepositoryMethodInvoker.java:170)
	at org.springframework.data.repository.core.support.RepositoryMethodInvoker.invoke(RepositoryMethodInvoker.java:158)
	at org.springframework.data.repository.core.support.RepositoryComposition$RepositoryFragments.invoke(RepositoryComposition.java:515)
	at org.springframework.data.repository.core.support.RepositoryComposition.invoke(RepositoryComposition.java:284)
	at org.springframework.data.repository.core.support.RepositoryFactorySupport$ImplementationMethodExecutionInterceptor.invoke(RepositoryFactorySupport.java:734)
	at org.springframework.aop.framework.ReflectiveMethodInvocation.proceed(ReflectiveMethodInvocation.java:184)
	at org.springframework.data.repository.core.support.QueryExecutorMethodInterceptor.doInvoke(QueryExecutorMethodInterceptor.java:174)
	at org.springframework.data.repository.core.support.QueryExecutorMethodInterceptor.invoke(QueryExecutorMethodInterceptor.java:149)
	at org.springframework.aop.framework.ReflectiveMethodInvocation.proceed(ReflectiveMethodInvocation.java:184)
	at org.springframework.data.projection.DefaultMethodInvokingMethodInterceptor.invoke(DefaultMethodInvokingMethodInterceptor.java:69)
	at org.springframework.aop.framework.ReflectiveMethodInvocation.proceed(ReflectiveMethodInvocation.java:184)
	at org.springframework.transaction.interceptor.TransactionAspectSupport.invokeWithinTransaction(TransactionAspectSupport.java:380)
	at org.springframework.transaction.interceptor.TransactionInterceptor.invoke(TransactionInterceptor.java:119)
	at org.springframework.aop.framework.ReflectiveMethodInvocation.proceed(ReflectiveMethodInvocation.java:184)
	at org.springframework.dao.support.PersistenceExceptionTranslationInterceptor.invoke(PersistenceExceptionTranslationInterceptor.java:138)
	at org.springframework.aop.framework.ReflectiveMethodInvocation.proceed(ReflectiveMethodInvocation.java:184)
	at org.springframework.data.jpa.repository.support.CrudMethodMetadataPostProcessor$CrudMethodMetadataPopulatingMethodInterceptor.invoke(CrudMethodMetadataPostProcessor.java:165)
	at org.springframework.aop.framework.ReflectiveMethodInvocation.proceed(ReflectiveMethodInvocation.java:184)
	at org.springframework.aop.framework.JdkDynamicAopProxy.invoke(JdkDynamicAopProxy.java:223)
	at jdk.proxy2/jdk.proxy2.$Proxy126.save(Unknown Source)
	at com.example.pic.ServiceImpl.OauthImpl.getAuthUrl(OauthImpl.java:170)
	at java.base/jdk.internal.reflect.DirectMethodHandleAccessor.invoke(DirectMethodHandleAccessor.java:103)
	at java.base/java.lang.reflect.Method.invoke(Method.java:580)
	at org.springframework.aop.support.AopUtils.invokeJoinpointUsingReflection(AopUtils.java:360)
	at org.springframework.aop.framework.CglibAopProxy$DynamicAdvisedInterceptor.intercept(CglibAopProxy.java:724)
	at com.example.pic.ServiceImpl.OauthImpl$$SpringCGLIB$$0.getAuthUrl(<generated>)
	at com.example.pic.Controller.OidcController.getAuthCode(OidcController.java:63)
	at java.base/jdk.internal.reflect.DirectMethodHandleAccessor.invoke(DirectMethodHandleAccessor.java:103)
	at java.base/java.lang.reflect.Method.invoke(Method.java:580)
	at org.springframework.web.method.support.InvocableHandlerMethod.doInvoke(InvocableHandlerMethod.java:258)
	at org.springframework.web.method.support.InvocableHandlerMethod.invokeForRequest(InvocableHandlerMethod.java:191)
	at org.springframework.web.servlet.mvc.method.annotation.ServletInvocableHandlerMethod.invokeAndHandle(ServletInvocableHandlerMethod.java:118)
	at org.springframework.web.servlet.mvc.method.annotation.RequestMappingHandlerAdapter.invokeHandlerMethod(RequestMappingHandlerAdapter.java:991)
	at org.springframework.web.servlet.mvc.method.annotation.RequestMappingHandlerAdapter.handleInternal(RequestMappingHandlerAdapter.java:896)
	at org.springframework.web.servlet.mvc.method.AbstractHandlerMethodAdapter.handle(AbstractHandlerMethodAdapter.java:87)
	at org.springframework.web.servlet.DispatcherServlet.doDispatch(DispatcherServlet.java:1089)
	at org.springframework.web.servlet.DispatcherServlet.doService(DispatcherServlet.java:979)
	at org.springframework.web.servlet.FrameworkServlet.processRequest(FrameworkServlet.java:1014)
	at org.springframework.web.servlet.FrameworkServlet.doGet(FrameworkServlet.java:903)
	at jakarta.servlet.http.HttpServlet.service(HttpServlet.java:564)
	at org.springframework.web.servlet.FrameworkServlet.service(FrameworkServlet.java:885)
	at jakarta.servlet.http.HttpServlet.service(HttpServlet.java:658)
	at org.apache.catalina.core.ApplicationFilterChain.internalDoFilter(ApplicationFilterChain.java:195)
	at org.apache.catalina.core.ApplicationFilterChain.doFilter(ApplicationFilterChain.java:140)
	at org.apache.tomcat.websocket.server.WsFilter.doFilter(WsFilter.java:51)
	at org.apache.catalina.core.ApplicationFilterChain.internalDoFilter(ApplicationFilterChain.java:164)
	at org.apache.catalina.core.ApplicationFilterChain.doFilter(ApplicationFilterChain.java:140)
	at com.example.pic.config.TraceIdFilter.doFilter(TraceIdFilter.java:29)
	at org.apache.catalina.core.ApplicationFilterChain.internalDoFilter(ApplicationFilterChain.java:164)
	at org.apache.catalina.core.ApplicationFilterChain.doFilter(ApplicationFilterChain.java:140)
	at org.springframework.web.filter.RequestContextFilter.doFilterInternal(RequestContextFilter.java:100)
	at org.springframework.web.filter.OncePerRequestFilter.doFilter(OncePerRequestFilter.java:116)
	at org.apache.catalina.core.ApplicationFilterChain.internalDoFilter(ApplicationFilterChain.java:164)
	at org.apache.catalina.core.ApplicationFilterChain.doFilter(ApplicationFilterChain.java:140)
	at org.springframework.web.filter.FormContentFilter.doFilterInternal(FormContentFilter.java:93)
	at org.springframework.web.filter.OncePerRequestFilter.doFilter(OncePerRequestFilter.java:116)
	at org.apache.catalina.core.ApplicationFilterChain.internalDoFilter(ApplicationFilterChain.java:164)
	at org.apache.catalina.core.ApplicationFilterChain.doFilter(ApplicationFilterChain.java:140)
	at org.springframework.web.filter.CharacterEncodingFilter.doFilterInternal(CharacterEncodingFilter.java:201)
	at org.springframework.web.filter.OncePerRequestFilter.doFilter(OncePerRequestFilter.java:116)
	at org.apache.catalina.core.ApplicationFilterChain.internalDoFilter(ApplicationFilterChain.java:164)
	at org.apache.catalina.core.ApplicationFilterChain.doFilter(ApplicationFilterChain.java:140)
	at org.apache.catalina.core.StandardWrapperValve.invoke(StandardWrapperValve.java:167)
	at org.apache.catalina.core.StandardContextValve.invoke(StandardContextValve.java:90)
	at org.apache.catalina.authenticator.AuthenticatorBase.invoke(AuthenticatorBase.java:483)
	at org.apache.catalina.core.StandardHostValve.invoke(StandardHostValve.java:116)
	at org.apache.catalina.valves.ErrorReportValve.invoke(ErrorReportValve.java:93)
	at org.apache.catalina.core.StandardEngineValve.invoke(StandardEngineValve.java:74)
	at org.apache.catalina.connector.CoyoteAdapter.service(CoyoteAdapter.java:344)
	at org.apache.coyote.http11.Http11Processor.service(Http11Processor.java:398)
	at org.apache.coyote.AbstractProcessorLight.process(AbstractProcessorLight.java:63)
	at org.apache.coyote.AbstractProtocol$ConnectionHandler.process(AbstractProtocol.java:903)
	at org.apache.tomcat.util.net.NioEndpoint$SocketProcessor.doRun(NioEndpoint.java:1776)
	at org.apache.tomcat.util.net.SocketProcessorBase.run(SocketProcessorBase.java:52)
	at org.apache.tomcat.util.threads.ThreadPoolExecutor.runWorker(ThreadPoolExecutor.java:975)
	at org.apache.tomcat.util.threads.ThreadPoolExecutor$Worker.run(ThreadPoolExecutor.java:493)
	at org.apache.tomcat.util.threads.TaskThread$WrappingRunnable.run(TaskThread.java:63)
	at java.base/java.lang.Thread.run(Thread.java:1583)
Caused by: java.net.SocketException: Connection reset by peer
	at java.base/sun.nio.ch.SocketDispatcher.write0(Native Method)
	at java.base/sun.nio.ch.SocketDispatcher.write(SocketDispatcher.java:54)
	at java.base/sun.nio.ch.NioSocketImpl.tryWrite(NioSocketImpl.java:394)
	at java.base/sun.nio.ch.NioSocketImpl.implWrite(NioSocketImpl.java:410)
	at java.base/sun.nio.ch.NioSocketImpl.write(NioSocketImpl.java:440)
	at java.base/sun.nio.ch.NioSocketImpl$2.write(NioSocketImpl.java:819)
	at java.base/java.net.Socket$SocketOutputStream.write(Socket.java:1195)
	at org.postgresql.util.internal.PgBufferedOutputStream.flushBuffer(PgBufferedOutputStream.java:41)
	at org.postgresql.util.internal.PgBufferedOutputStream.flush(PgBufferedOutputStream.java:48)
	at org.postgresql.core.PGStream.flush(PGStream.java:708)
	at org.postgresql.core.v3.QueryExecutorImpl.sendSimpleQuery(QueryExecutorImpl.java:2063)
	at org.postgresql.core.v3.QueryExecutorImpl.sendOneQuery(QueryExecutorImpl.java:1944)
	at org.postgresql.core.v3.QueryExecutorImpl.sendQueryPreamble(QueryExecutorImpl.java:624)
	at org.postgresql.core.v3.QueryExecutorImpl.execute(QueryExecutorImpl.java:362)
	... 120 common frames omitted
2025-11-26 16:25:53.596 | WARN  | traceId=f3255902-b1e0-4250-a499-5adc47b32bf1 | o.h.e.j.spi.SqlExceptionHelper.logExceptions | SQL Error: 0, SQLState: 08006
2025-11-26 16:25:53.597 | ERROR | traceId=f3255902-b1e0-4250-a499-5adc47b32bf1 | o.h.e.j.spi.SqlExceptionHelper.logExceptions | An I/O error occurred while sending to the backend.
2025-11-26 16:25:53.598 | ERROR | traceId=f3255902-b1e0-4250-a499-5adc47b32bf1 | o.s.t.i.TransactionAspectSupport.completeTransactionAfterThrowing | Application exception overridden by rollback exception
org.hibernate.exception.JDBCConnectionException: could not execute statement [An I/O error occurred while sending to the backend.] [insert into oauth_authorize_request (client_id,code_challenge,code_challenge_method,created_at,redirect_uri,scope,state) values (?,?,?,?,?,?,?)]
	at org.hibernate.exception.internal.SQLStateConversionDelegate.convert(SQLStateConversionDelegate.java:100)
	at org.hibernate.exception.internal.StandardSQLExceptionConverter.convert(StandardSQLExceptionConverter.java:58)
	at org.hibernate.engine.jdbc.spi.SqlExceptionHelper.convert(SqlExceptionHelper.java:108)
	at org.hibernate.engine.jdbc.internal.ResultSetReturnImpl.executeUpdate(ResultSetReturnImpl.java:197)
	at org.hibernate.id.insert.GetGeneratedKeysDelegate.performMutation(GetGeneratedKeysDelegate.java:116)
	at org.hibernate.engine.jdbc.mutation.internal.MutationExecutorSingleNonBatched.performNonBatchedOperations(MutationExecutorSingleNonBatched.java:47)
	at org.hibernate.engine.jdbc.mutation.internal.AbstractMutationExecutor.execute(AbstractMutationExecutor.java:55)
	at org.hibernate.persister.entity.mutation.InsertCoordinatorStandard.doStaticInserts(InsertCoordinatorStandard.java:194)
	at org.hibernate.persister.entity.mutation.InsertCoordinatorStandard.coordinateInsert(InsertCoordinatorStandard.java:132)
	at org.hibernate.persister.entity.mutation.InsertCoordinatorStandard.insert(InsertCoordinatorStandard.java:95)
	at org.hibernate.action.internal.EntityIdentityInsertAction.execute(EntityIdentityInsertAction.java:85)
	at org.hibernate.engine.spi.ActionQueue.execute(ActionQueue.java:682)
	at org.hibernate.engine.spi.ActionQueue.addResolvedEntityInsertAction(ActionQueue.java:293)
	at org.hibernate.engine.spi.ActionQueue.addInsertAction(ActionQueue.java:274)
	at org.hibernate.engine.spi.ActionQueue.addAction(ActionQueue.java:324)
	at org.hibernate.event.internal.AbstractSaveEventListener.addInsertAction(AbstractSaveEventListener.java:394)
	at org.hibernate.event.internal.AbstractSaveEventListener.performSaveOrReplicate(AbstractSaveEventListener.java:308)
	at org.hibernate.event.internal.AbstractSaveEventListener.performSave(AbstractSaveEventListener.java:224)
	at org.hibernate.event.internal.AbstractSaveEventListener.saveWithGeneratedId(AbstractSaveEventListener.java:136)
	at org.hibernate.event.internal.DefaultPersistEventListener.entityIsTransient(DefaultPersistEventListener.java:177)
	at org.hibernate.event.internal.DefaultPersistEventListener.persist(DefaultPersistEventListener.java:95)
	at org.hibernate.event.internal.DefaultPersistEventListener.onPersist(DefaultPersistEventListener.java:79)
	at org.hibernate.event.internal.DefaultPersistEventListener.onPersist(DefaultPersistEventListener.java:55)
	at org.hibernate.event.service.internal.EventListenerGroupImpl.fireEventOnEachListener(EventListenerGroupImpl.java:127)
	at org.hibernate.internal.SessionImpl.firePersist(SessionImpl.java:761)
	at org.hibernate.internal.SessionImpl.persist(SessionImpl.java:745)
	at java.base/jdk.internal.reflect.DirectMethodHandleAccessor.invoke(DirectMethodHandleAccessor.java:103)
	at java.base/java.lang.reflect.Method.invoke(Method.java:580)
	at org.springframework.orm.jpa.ExtendedEntityManagerCreator$ExtendedEntityManagerInvocationHandler.invoke(ExtendedEntityManagerCreator.java:364)
	at jdk.proxy2/jdk.proxy2.$Proxy118.persist(Unknown Source)
	at java.base/jdk.internal.reflect.DirectMethodHandleAccessor.invoke(DirectMethodHandleAccessor.java:103)
	at java.base/java.lang.reflect.Method.invoke(Method.java:580)
	at org.springframework.orm.jpa.SharedEntityManagerCreator$SharedEntityManagerInvocationHandler.invoke(SharedEntityManagerCreator.java:320)
	at jdk.proxy2/jdk.proxy2.$Proxy118.persist(Unknown Source)
	at org.springframework.data.jpa.repository.support.SimpleJpaRepository.save(SimpleJpaRepository.java:654)
	at java.base/jdk.internal.reflect.DirectMethodHandleAccessor.invoke(DirectMethodHandleAccessor.java:103)
	at java.base/java.lang.reflect.Method.invoke(Method.java:580)
	at org.springframework.aop.support.AopUtils.invokeJoinpointUsingReflection(AopUtils.java:360)
	at org.springframework.data.repository.core.support.RepositoryMethodInvoker$RepositoryFragmentMethodInvoker.lambda$new$0(RepositoryMethodInvoker.java:277)
	at org.springframework.data.repository.core.support.RepositoryMethodInvoker.doInvoke(RepositoryMethodInvoker.java:170)
	at org.springframework.data.repository.core.support.RepositoryMethodInvoker.invoke(RepositoryMethodInvoker.java:158)
	at org.springframework.data.repository.core.support.RepositoryComposition$RepositoryFragments.invoke(RepositoryComposition.java:515)
	at org.springframework.data.repository.core.support.RepositoryComposition.invoke(RepositoryComposition.java:284)
	at org.springframework.data.repository.core.support.RepositoryFactorySupport$ImplementationMethodExecutionInterceptor.invoke(RepositoryFactorySupport.java:734)
	at org.springframework.aop.framework.ReflectiveMethodInvocation.proceed(ReflectiveMethodInvocation.java:184)
	at org.springframework.data.repository.core.support.QueryExecutorMethodInterceptor.doInvoke(QueryExecutorMethodInterceptor.java:174)
	at org.springframework.data.repository.core.support.QueryExecutorMethodInterceptor.invoke(QueryExecutorMethodInterceptor.java:149)
	at org.springframework.aop.framework.ReflectiveMethodInvocation.proceed(ReflectiveMethodInvocation.java:184)
	at org.springframework.data.projection.DefaultMethodInvokingMethodInterceptor.invoke(DefaultMethodInvokingMethodInterceptor.java:69)
	at org.springframework.aop.framework.ReflectiveMethodInvocation.proceed(ReflectiveMethodInvocation.java:184)
	at org.springframework.transaction.interceptor.TransactionAspectSupport.invokeWithinTransaction(TransactionAspectSupport.java:380)
	at org.springframework.transaction.interceptor.TransactionInterceptor.invoke(TransactionInterceptor.java:119)
	at org.springframework.aop.framework.ReflectiveMethodInvocation.proceed(ReflectiveMethodInvocation.java:184)
	at org.springframework.dao.support.PersistenceExceptionTranslationInterceptor.invoke(PersistenceExceptionTranslationInterceptor.java:138)
	at org.springframework.aop.framework.ReflectiveMethodInvocation.proceed(ReflectiveMethodInvocation.java:184)
	at org.springframework.data.jpa.repository.support.CrudMethodMetadataPostProcessor$CrudMethodMetadataPopulatingMethodInterceptor.invoke(CrudMethodMetadataPostProcessor.java:165)
	at org.springframework.aop.framework.ReflectiveMethodInvocation.proceed(ReflectiveMethodInvocation.java:184)
	at org.springframework.aop.framework.JdkDynamicAopProxy.invoke(JdkDynamicAopProxy.java:223)
	at jdk.proxy2/jdk.proxy2.$Proxy126.save(Unknown Source)
	at com.example.pic.ServiceImpl.OauthImpl.getAuthUrl(OauthImpl.java:170)
	at java.base/jdk.internal.reflect.DirectMethodHandleAccessor.invoke(DirectMethodHandleAccessor.java:103)
	at java.base/java.lang.reflect.Method.invoke(Method.java:580)
	at org.springframework.aop.support.AopUtils.invokeJoinpointUsingReflection(AopUtils.java:360)
	at org.springframework.aop.framework.CglibAopProxy$DynamicAdvisedInterceptor.intercept(CglibAopProxy.java:724)
	at com.example.pic.ServiceImpl.OauthImpl$$SpringCGLIB$$0.getAuthUrl(<generated>)
	at com.example.pic.Controller.OidcController.getAuthCode(OidcController.java:63)
	at java.base/jdk.internal.reflect.DirectMethodHandleAccessor.invoke(DirectMethodHandleAccessor.java:103)
	at java.base/java.lang.reflect.Method.invoke(Method.java:580)
	at org.springframework.web.method.support.InvocableHandlerMethod.doInvoke(InvocableHandlerMethod.java:258)
	at org.springframework.web.method.support.InvocableHandlerMethod.invokeForRequest(InvocableHandlerMethod.java:191)
	at org.springframework.web.servlet.mvc.method.annotation.ServletInvocableHandlerMethod.invokeAndHandle(ServletInvocableHandlerMethod.java:118)
	at org.springframework.web.servlet.mvc.method.annotation.RequestMappingHandlerAdapter.invokeHandlerMethod(RequestMappingHandlerAdapter.java:991)
	at org.springframework.web.servlet.mvc.method.annotation.RequestMappingHandlerAdapter.handleInternal(RequestMappingHandlerAdapter.java:896)
	at org.springframework.web.servlet.mvc.method.AbstractHandlerMethodAdapter.handle(AbstractHandlerMethodAdapter.java:87)
	at org.springframework.web.servlet.DispatcherServlet.doDispatch(DispatcherServlet.java:1089)
	at org.springframework.web.servlet.DispatcherServlet.doService(DispatcherServlet.java:979)
	at org.springframework.web.servlet.FrameworkServlet.processRequest(FrameworkServlet.java:1014)
	at org.springframework.web.servlet.FrameworkServlet.doGet(FrameworkServlet.java:903)
	at jakarta.servlet.http.HttpServlet.service(HttpServlet.java:564)
	at org.springframework.web.servlet.FrameworkServlet.service(FrameworkServlet.java:885)
	at jakarta.servlet.http.HttpServlet.service(HttpServlet.java:658)
	at org.apache.catalina.core.ApplicationFilterChain.internalDoFilter(ApplicationFilterChain.java:195)
	at org.apache.catalina.core.ApplicationFilterChain.doFilter(ApplicationFilterChain.java:140)
	at org.apache.tomcat.websocket.server.WsFilter.doFilter(WsFilter.java:51)
	at org.apache.catalina.core.ApplicationFilterChain.internalDoFilter(ApplicationFilterChain.java:164)
	at org.apache.catalina.core.ApplicationFilterChain.doFilter(ApplicationFilterChain.java:140)
	at com.example.pic.config.TraceIdFilter.doFilter(TraceIdFilter.java:29)
	at org.apache.catalina.core.ApplicationFilterChain.internalDoFilter(ApplicationFilterChain.java:164)
	at org.apache.catalina.core.ApplicationFilterChain.doFilter(ApplicationFilterChain.java:140)
	at org.springframework.web.filter.RequestContextFilter.doFilterInternal(RequestContextFilter.java:100)
	at org.springframework.web.filter.OncePerRequestFilter.doFilter(OncePerRequestFilter.java:116)
	at org.apache.catalina.core.ApplicationFilterChain.internalDoFilter(ApplicationFilterChain.java:164)
	at org.apache.catalina.core.ApplicationFilterChain.doFilter(ApplicationFilterChain.java:140)
	at org.springframework.web.filter.FormContentFilter.doFilterInternal(FormContentFilter.java:93)
	at org.springframework.web.filter.OncePerRequestFilter.doFilter(OncePerRequestFilter.java:116)
	at org.apache.catalina.core.ApplicationFilterChain.internalDoFilter(ApplicationFilterChain.java:164)
	at org.apache.catalina.core.ApplicationFilterChain.doFilter(ApplicationFilterChain.java:140)
	at org.springframework.web.filter.CharacterEncodingFilter.doFilterInternal(CharacterEncodingFilter.java:201)
	at org.springframework.web.filter.OncePerRequestFilter.doFilter(OncePerRequestFilter.java:116)
	at org.apache.catalina.core.ApplicationFilterChain.internalDoFilter(ApplicationFilterChain.java:164)
	at org.apache.catalina.core.ApplicationFilterChain.doFilter(ApplicationFilterChain.java:140)
	at org.apache.catalina.core.StandardWrapperValve.invoke(StandardWrapperValve.java:167)
	at org.apache.catalina.core.StandardContextValve.invoke(StandardContextValve.java:90)
	at org.apache.catalina.authenticator.AuthenticatorBase.invoke(AuthenticatorBase.java:483)
	at org.apache.catalina.core.StandardHostValve.invoke(StandardHostValve.java:116)
	at org.apache.catalina.valves.ErrorReportValve.invoke(ErrorReportValve.java:93)
	at org.apache.catalina.core.StandardEngineValve.invoke(StandardEngineValve.java:74)
	at org.apache.catalina.connector.CoyoteAdapter.service(CoyoteAdapter.java:344)
	at org.apache.coyote.http11.Http11Processor.service(Http11Processor.java:398)
	at org.apache.coyote.AbstractProcessorLight.process(AbstractProcessorLight.java:63)
	at org.apache.coyote.AbstractProtocol$ConnectionHandler.process(AbstractProtocol.java:903)
	at org.apache.tomcat.util.net.NioEndpoint$SocketProcessor.doRun(NioEndpoint.java:1776)
	at org.apache.tomcat.util.net.SocketProcessorBase.run(SocketProcessorBase.java:52)
	at org.apache.tomcat.util.threads.ThreadPoolExecutor.runWorker(ThreadPoolExecutor.java:975)
	at org.apache.tomcat.util.threads.ThreadPoolExecutor$Worker.run(ThreadPoolExecutor.java:493)
	at org.apache.tomcat.util.threads.TaskThread$WrappingRunnable.run(TaskThread.java:63)
	at java.base/java.lang.Thread.run(Thread.java:1583)
Caused by: org.postgresql.util.PSQLException: An I/O error occurred while sending to the backend.
	at org.postgresql.core.v3.QueryExecutorImpl.execute(QueryExecutorImpl.java:399)
	at org.postgresql.jdbc.PgStatement.executeInternal(PgStatement.java:518)
	at org.postgresql.jdbc.PgStatement.execute(PgStatement.java:435)
	at org.postgresql.jdbc.PgPreparedStatement.executeWithFlags(PgPreparedStatement.java:196)
	at org.postgresql.jdbc.PgPreparedStatement.executeUpdate(PgPreparedStatement.java:157)
	at com.zaxxer.hikari.pool.ProxyPreparedStatement.executeUpdate(ProxyPreparedStatement.java:61)
	at com.zaxxer.hikari.pool.HikariProxyPreparedStatement.executeUpdate(HikariProxyPreparedStatement.java)
	at org.hibernate.engine.jdbc.internal.ResultSetReturnImpl.executeUpdate(ResultSetReturnImpl.java:194)
	... 113 common frames omitted
Caused by: java.net.SocketException: Connection reset by peer
	at java.base/sun.nio.ch.SocketDispatcher.write0(Native Method)
	at java.base/sun.nio.ch.SocketDispatcher.write(SocketDispatcher.java:54)
	at java.base/sun.nio.ch.NioSocketImpl.tryWrite(NioSocketImpl.java:394)
	at java.base/sun.nio.ch.NioSocketImpl.implWrite(NioSocketImpl.java:410)
	at java.base/sun.nio.ch.NioSocketImpl.write(NioSocketImpl.java:440)
	at java.base/sun.nio.ch.NioSocketImpl$2.write(NioSocketImpl.java:819)
	at java.base/java.net.Socket$SocketOutputStream.write(Socket.java:1195)
	at org.postgresql.util.internal.PgBufferedOutputStream.flushBuffer(PgBufferedOutputStream.java:41)
	at org.postgresql.util.internal.PgBufferedOutputStream.flush(PgBufferedOutputStream.java:48)
	at org.postgresql.core.PGStream.flush(PGStream.java:708)
	at org.postgresql.core.v3.QueryExecutorImpl.sendSimpleQuery(QueryExecutorImpl.java:2063)
	at org.postgresql.core.v3.QueryExecutorImpl.sendOneQuery(QueryExecutorImpl.java:1944)
	at org.postgresql.core.v3.QueryExecutorImpl.sendQueryPreamble(QueryExecutorImpl.java:624)
	at org.postgresql.core.v3.QueryExecutorImpl.execute(QueryExecutorImpl.java:362)
	... 120 common frames omitted
2025-11-26 16:25:53.598 | ERROR | traceId=f3255902-b1e0-4250-a499-5adc47b32bf1 | c.e.pic.ServiceImpl.OauthImpl.getAuthUrl | 寫入 OauthAuthorizeRequestTb 發生錯誤
org.springframework.orm.jpa.JpaSystemException: Unable to rollback against JDBC Connection
	at org.springframework.orm.jpa.vendor.HibernateJpaDialect.convertHibernateAccessException(HibernateJpaDialect.java:348)
	at org.springframework.orm.jpa.vendor.HibernateJpaDialect.convertHibernateAccessException(HibernateJpaDialect.java:256)
	at org.springframework.orm.jpa.vendor.HibernateJpaDialect.translateExceptionIfPossible(HibernateJpaDialect.java:241)
	at org.springframework.orm.jpa.JpaTransactionManager.doRollback(JpaTransactionManager.java:594)
	at org.springframework.transaction.support.AbstractPlatformTransactionManager.processRollback(AbstractPlatformTransactionManager.java:897)
	at org.springframework.transaction.support.AbstractPlatformTransactionManager.rollback(AbstractPlatformTransactionManager.java:866)
	at org.springframework.transaction.interceptor.TransactionAspectSupport.completeTransactionAfterThrowing(TransactionAspectSupport.java:716)
	at org.springframework.transaction.interceptor.TransactionAspectSupport.invokeWithinTransaction(TransactionAspectSupport.java:384)
	at org.springframework.transaction.interceptor.TransactionInterceptor.invoke(TransactionInterceptor.java:119)
	at org.springframework.aop.framework.ReflectiveMethodInvocation.proceed(ReflectiveMethodInvocation.java:184)
	at org.springframework.dao.support.PersistenceExceptionTranslationInterceptor.invoke(PersistenceExceptionTranslationInterceptor.java:138)
	at org.springframework.aop.framework.ReflectiveMethodInvocation.proceed(ReflectiveMethodInvocation.java:184)
	at org.springframework.data.jpa.repository.support.CrudMethodMetadataPostProcessor$CrudMethodMetadataPopulatingMethodInterceptor.invoke(CrudMethodMetadataPostProcessor.java:165)
	at org.springframework.aop.framework.ReflectiveMethodInvocation.proceed(ReflectiveMethodInvocation.java:184)
	at org.springframework.aop.framework.JdkDynamicAopProxy.invoke(JdkDynamicAopProxy.java:223)
	at jdk.proxy2/jdk.proxy2.$Proxy126.save(Unknown Source)
	at com.example.pic.ServiceImpl.OauthImpl.getAuthUrl(OauthImpl.java:170)
	at java.base/jdk.internal.reflect.DirectMethodHandleAccessor.invoke(DirectMethodHandleAccessor.java:103)
	at java.base/java.lang.reflect.Method.invoke(Method.java:580)
	at org.springframework.aop.support.AopUtils.invokeJoinpointUsingReflection(AopUtils.java:360)
	at org.springframework.aop.framework.CglibAopProxy$DynamicAdvisedInterceptor.intercept(CglibAopProxy.java:724)
	at com.example.pic.ServiceImpl.OauthImpl$$SpringCGLIB$$0.getAuthUrl(<generated>)
	at com.example.pic.Controller.OidcController.getAuthCode(OidcController.java:63)
	at java.base/jdk.internal.reflect.DirectMethodHandleAccessor.invoke(DirectMethodHandleAccessor.java:103)
	at java.base/java.lang.reflect.Method.invoke(Method.java:580)
	at org.springframework.web.method.support.InvocableHandlerMethod.doInvoke(InvocableHandlerMethod.java:258)
	at org.springframework.web.method.support.InvocableHandlerMethod.invokeForRequest(InvocableHandlerMethod.java:191)
	at org.springframework.web.servlet.mvc.method.annotation.ServletInvocableHandlerMethod.invokeAndHandle(ServletInvocableHandlerMethod.java:118)
	at org.springframework.web.servlet.mvc.method.annotation.RequestMappingHandlerAdapter.invokeHandlerMethod(RequestMappingHandlerAdapter.java:991)
	at org.springframework.web.servlet.mvc.method.annotation.RequestMappingHandlerAdapter.handleInternal(RequestMappingHandlerAdapter.java:896)
	at org.springframework.web.servlet.mvc.method.AbstractHandlerMethodAdapter.handle(AbstractHandlerMethodAdapter.java:87)
	at org.springframework.web.servlet.DispatcherServlet.doDispatch(DispatcherServlet.java:1089)
	at org.springframework.web.servlet.DispatcherServlet.doService(DispatcherServlet.java:979)
	at org.springframework.web.servlet.FrameworkServlet.processRequest(FrameworkServlet.java:1014)
	at org.springframework.web.servlet.FrameworkServlet.doGet(FrameworkServlet.java:903)
	at jakarta.servlet.http.HttpServlet.service(HttpServlet.java:564)
	at org.springframework.web.servlet.FrameworkServlet.service(FrameworkServlet.java:885)
	at jakarta.servlet.http.HttpServlet.service(HttpServlet.java:658)
	at org.apache.catalina.core.ApplicationFilterChain.internalDoFilter(ApplicationFilterChain.java:195)
	at org.apache.catalina.core.ApplicationFilterChain.doFilter(ApplicationFilterChain.java:140)
	at org.apache.tomcat.websocket.server.WsFilter.doFilter(WsFilter.java:51)
	at org.apache.catalina.core.ApplicationFilterChain.internalDoFilter(ApplicationFilterChain.java:164)
	at org.apache.catalina.core.ApplicationFilterChain.doFilter(ApplicationFilterChain.java:140)
	at com.example.pic.config.TraceIdFilter.doFilter(TraceIdFilter.java:29)
	at org.apache.catalina.core.ApplicationFilterChain.internalDoFilter(ApplicationFilterChain.java:164)
	at org.apache.catalina.core.ApplicationFilterChain.doFilter(ApplicationFilterChain.java:140)
	at org.springframework.web.filter.RequestContextFilter.doFilterInternal(RequestContextFilter.java:100)
	at org.springframework.web.filter.OncePerRequestFilter.doFilter(OncePerRequestFilter.java:116)
	at org.apache.catalina.core.ApplicationFilterChain.internalDoFilter(ApplicationFilterChain.java:164)
	at org.apache.catalina.core.ApplicationFilterChain.doFilter(ApplicationFilterChain.java:140)
	at org.springframework.web.filter.FormContentFilter.doFilterInternal(FormContentFilter.java:93)
	at org.springframework.web.filter.OncePerRequestFilter.doFilter(OncePerRequestFilter.java:116)
	at org.apache.catalina.core.ApplicationFilterChain.internalDoFilter(ApplicationFilterChain.java:164)
	at org.apache.catalina.core.ApplicationFilterChain.doFilter(ApplicationFilterChain.java:140)
	at org.springframework.web.filter.CharacterEncodingFilter.doFilterInternal(CharacterEncodingFilter.java:201)
	at org.springframework.web.filter.OncePerRequestFilter.doFilter(OncePerRequestFilter.java:116)
	at org.apache.catalina.core.ApplicationFilterChain.internalDoFilter(ApplicationFilterChain.java:164)
	at org.apache.catalina.core.ApplicationFilterChain.doFilter(ApplicationFilterChain.java:140)
	at org.apache.catalina.core.StandardWrapperValve.invoke(StandardWrapperValve.java:167)
	at org.apache.catalina.core.StandardContextValve.invoke(StandardContextValve.java:90)
	at org.apache.catalina.authenticator.AuthenticatorBase.invoke(AuthenticatorBase.java:483)
	at org.apache.catalina.core.StandardHostValve.invoke(StandardHostValve.java:116)
	at org.apache.catalina.valves.ErrorReportValve.invoke(ErrorReportValve.java:93)
	at org.apache.catalina.core.StandardEngineValve.invoke(StandardEngineValve.java:74)
	at org.apache.catalina.connector.CoyoteAdapter.service(CoyoteAdapter.java:344)
	at org.apache.coyote.http11.Http11Processor.service(Http11Processor.java:398)
	at org.apache.coyote.AbstractProcessorLight.process(AbstractProcessorLight.java:63)
	at org.apache.coyote.AbstractProtocol$ConnectionHandler.process(AbstractProtocol.java:903)
	at org.apache.tomcat.util.net.NioEndpoint$SocketProcessor.doRun(NioEndpoint.java:1776)
	at org.apache.tomcat.util.net.SocketProcessorBase.run(SocketProcessorBase.java:52)
	at org.apache.tomcat.util.threads.ThreadPoolExecutor.runWorker(ThreadPoolExecutor.java:975)
	at org.apache.tomcat.util.threads.ThreadPoolExecutor$Worker.run(ThreadPoolExecutor.java:493)
	at org.apache.tomcat.util.threads.TaskThread$WrappingRunnable.run(TaskThread.java:63)
	at java.base/java.lang.Thread.run(Thread.java:1583)
Caused by: org.hibernate.TransactionException: Unable to rollback against JDBC Connection
	at org.hibernate.resource.jdbc.internal.AbstractLogicalConnectionImplementor.rollback(AbstractLogicalConnectionImplementor.java:137)
	at org.hibernate.resource.transaction.backend.jdbc.internal.JdbcResourceLocalTransactionCoordinatorImpl$TransactionDriverControlImpl.rollback(JdbcResourceLocalTransactionCoordinatorImpl.java:289)
	at org.hibernate.engine.transaction.internal.TransactionImpl.rollback(TransactionImpl.java:142)
	at org.springframework.orm.jpa.JpaTransactionManager.doRollback(JpaTransactionManager.java:590)
	... 70 common frames omitted
Caused by: java.sql.SQLException: Connection is closed
	at com.zaxxer.hikari.pool.ProxyConnection$ClosedConnection.lambda$getClosedConnection$0(ProxyConnection.java:562)
	at jdk.proxy3/jdk.proxy3.$Proxy96.rollback(Unknown Source)
	at com.zaxxer.hikari.pool.ProxyConnection.rollback(ProxyConnection.java:386)
	at com.zaxxer.hikari.pool.HikariProxyConnection.rollback(HikariProxyConnection.java)
	at org.hibernate.resource.jdbc.internal.AbstractLogicalConnectionImplementor.rollback(AbstractLogicalConnectionImplementor.java:127)
	... 73 common frames omitted
2025-11-26 16:26:26.762 | INFO  | traceId=13367e7f-4c56-4ef2-a6d3-8572adef0380 | c.e.p.c.RequestLogInterceptor.afterCompletion | API: GET /api/oauth/authorize | Status=200 | 耗時=49381ms
2025-11-26 16:26:55.165 | INFO  | traceId=07060e73-c35a-4832-8ee3-215166deed59 | c.e.p.c.RequestLogInterceptor.afterCompletion | API: GET /api/oauth/authorize | Status=200 | 耗時=77809ms
2025-11-26 16:26:56.814 | INFO  | traceId=5f453a8b-a8ef-4dcc-8250-d21e46663f16 | c.e.p.c.RequestLogInterceptor.afterCompletion | API: GET /api/oauth/authorize | Status=200 | 耗時=79427ms
2025-11-26 16:26:57.853 | INFO  | traceId=b137c967-2a01-47c3-b5ef-d1b0712f2410 | c.e.p.c.RequestLogInterceptor.afterCompletion | API: GET /api/oauth/authorize | Status=200 | 耗時=80457ms
2025-11-26 16:26:58.903 | INFO  | traceId=5adaabfc-8d21-42a6-a4c6-0a433532122b | c.e.p.c.RequestLogInterceptor.afterCompletion | API: GET /api/oauth/authorize | Status=200 | 耗時=81476ms
2025-11-26 16:26:59.763 | INFO  | traceId=f5326e3e-651f-426b-9ee6-6644d478886e | c.e.p.c.RequestLogInterceptor.afterCompletion | API: GET /api/oauth/authorize | Status=200 | 耗時=82330ms
2025-11-26 16:27:00.557 | INFO  | traceId=f3255902-b1e0-4250-a499-5adc47b32bf1 | c.e.p.c.RequestLogInterceptor.afterCompletion | API: GET /api/oauth/authorize | Status=200 | 耗時=83081ms
2025-11-26 16:27:00.608 | INFO  | traceId=b7fd2ee1-93cb-4c6f-8a58-f25113bbfcb2 | c.e.p.c.RequestLogInterceptor.afterCompletion | API: GET /favicon.ico | Status=200 | 耗時=4ms
2025-11-26 16:27:19.667 | WARN  | traceId= | c.zaxxer.hikari.pool.PoolBase.isConnectionDead | HikariPool-1 - Failed to validate connection org.postgresql.jdbc.PgConnection@336145a7 (This connection has been closed.). Possibly consider using a shorter maxLifetime value.
2025-11-26 16:27:20.696 | WARN  | traceId= | c.zaxxer.hikari.pool.PoolBase.isConnectionDead | HikariPool-1 - Failed to validate connection org.postgresql.jdbc.PgConnection@725c4f9c (This connection has been closed.). Possibly consider using a shorter maxLifetime value.
2025-11-26 16:27:29.790 | WARN  | traceId= | c.zaxxer.hikari.pool.PoolBase.isConnectionDead | HikariPool-1 - Failed to validate connection org.postgresql.jdbc.PgConnection@7a113000 (This connection has been closed.). Possibly consider using a shorter maxLifetime value.
2025-11-26 16:27:29.892 | INFO  | traceId=ca05c43e-4faa-4b2a-a01c-bc8812976a6d | c.e.pic.ServiceImpl.OauthImpl.getAuthUrl | 開始接收授權 url
2025-11-26 16:27:29.899 | INFO  | traceId=ca05c43e-4faa-4b2a-a01c-bc8812976a6d | c.e.pic.ServiceImpl.OauthImpl.tryAutoLogin | 開始驗證是否免登入
2025-11-26 16:27:29.900 | WARN  | traceId=ca05c43e-4faa-4b2a-a01c-bc8812976a6d | c.e.pic.ServiceImpl.OauthImpl.tryAutoLogin | 找不到sessionID
2025-11-26 16:27:47.877 | WARN  | traceId=ca05c43e-4faa-4b2a-a01c-bc8812976a6d | c.z.h.pool.ProxyConnection.checkException | HikariPool-1 - Connection org.postgresql.jdbc.PgConnection@7d33d8f1 marked as broken because of SQLSTATE(08006), ErrorCode(0)
org.postgresql.util.PSQLException: An I/O error occurred while sending to the backend.
	at org.postgresql.core.v3.QueryExecutorImpl.execute(QueryExecutorImpl.java:399)
	at org.postgresql.jdbc.PgStatement.executeInternal(PgStatement.java:518)
	at org.postgresql.jdbc.PgStatement.execute(PgStatement.java:435)
	at org.postgresql.jdbc.PgPreparedStatement.executeWithFlags(PgPreparedStatement.java:196)
	at org.postgresql.jdbc.PgPreparedStatement.executeUpdate(PgPreparedStatement.java:157)
	at com.zaxxer.hikari.pool.ProxyPreparedStatement.executeUpdate(ProxyPreparedStatement.java:61)
	at com.zaxxer.hikari.pool.HikariProxyPreparedStatement.executeUpdate(HikariProxyPreparedStatement.java)
	at org.hibernate.engine.jdbc.internal.ResultSetReturnImpl.executeUpdate(ResultSetReturnImpl.java:194)
	at org.hibernate.id.insert.GetGeneratedKeysDelegate.performMutation(GetGeneratedKeysDelegate.java:116)
	at org.hibernate.engine.jdbc.mutation.internal.MutationExecutorSingleNonBatched.performNonBatchedOperations(MutationExecutorSingleNonBatched.java:47)
	at org.hibernate.engine.jdbc.mutation.internal.AbstractMutationExecutor.execute(AbstractMutationExecutor.java:55)
	at org.hibernate.persister.entity.mutation.InsertCoordinatorStandard.doStaticInserts(InsertCoordinatorStandard.java:194)
	at org.hibernate.persister.entity.mutation.InsertCoordinatorStandard.coordinateInsert(InsertCoordinatorStandard.java:132)
	at org.hibernate.persister.entity.mutation.InsertCoordinatorStandard.insert(InsertCoordinatorStandard.java:95)
	at org.hibernate.action.internal.EntityIdentityInsertAction.execute(EntityIdentityInsertAction.java:85)
	at org.hibernate.engine.spi.ActionQueue.execute(ActionQueue.java:682)
	at org.hibernate.engine.spi.ActionQueue.addResolvedEntityInsertAction(ActionQueue.java:293)
	at org.hibernate.engine.spi.ActionQueue.addInsertAction(ActionQueue.java:274)
	at org.hibernate.engine.spi.ActionQueue.addAction(ActionQueue.java:324)
	at org.hibernate.event.internal.AbstractSaveEventListener.addInsertAction(AbstractSaveEventListener.java:394)
	at org.hibernate.event.internal.AbstractSaveEventListener.performSaveOrReplicate(AbstractSaveEventListener.java:308)
	at org.hibernate.event.internal.AbstractSaveEventListener.performSave(AbstractSaveEventListener.java:224)
	at org.hibernate.event.internal.AbstractSaveEventListener.saveWithGeneratedId(AbstractSaveEventListener.java:136)
	at org.hibernate.event.internal.DefaultPersistEventListener.entityIsTransient(DefaultPersistEventListener.java:177)
	at org.hibernate.event.internal.DefaultPersistEventListener.persist(DefaultPersistEventListener.java:95)
	at org.hibernate.event.internal.DefaultPersistEventListener.onPersist(DefaultPersistEventListener.java:79)
	at org.hibernate.event.internal.DefaultPersistEventListener.onPersist(DefaultPersistEventListener.java:55)
	at org.hibernate.event.service.internal.EventListenerGroupImpl.fireEventOnEachListener(EventListenerGroupImpl.java:127)
	at org.hibernate.internal.SessionImpl.firePersist(SessionImpl.java:761)
	at org.hibernate.internal.SessionImpl.persist(SessionImpl.java:745)
	at java.base/jdk.internal.reflect.DirectMethodHandleAccessor.invoke(DirectMethodHandleAccessor.java:103)
	at java.base/java.lang.reflect.Method.invoke(Method.java:580)
	at org.springframework.orm.jpa.ExtendedEntityManagerCreator$ExtendedEntityManagerInvocationHandler.invoke(ExtendedEntityManagerCreator.java:364)
	at jdk.proxy2/jdk.proxy2.$Proxy118.persist(Unknown Source)
	at java.base/jdk.internal.reflect.DirectMethodHandleAccessor.invoke(DirectMethodHandleAccessor.java:103)
	at java.base/java.lang.reflect.Method.invoke(Method.java:580)
	at org.springframework.orm.jpa.SharedEntityManagerCreator$SharedEntityManagerInvocationHandler.invoke(SharedEntityManagerCreator.java:320)
	at jdk.proxy2/jdk.proxy2.$Proxy118.persist(Unknown Source)
	at org.springframework.data.jpa.repository.support.SimpleJpaRepository.save(SimpleJpaRepository.java:654)
	at java.base/jdk.internal.reflect.DirectMethodHandleAccessor.invoke(DirectMethodHandleAccessor.java:103)
	at java.base/java.lang.reflect.Method.invoke(Method.java:580)
	at org.springframework.aop.support.AopUtils.invokeJoinpointUsingReflection(AopUtils.java:360)
	at org.springframework.data.repository.core.support.RepositoryMethodInvoker$RepositoryFragmentMethodInvoker.lambda$new$0(RepositoryMethodInvoker.java:277)
	at org.springframework.data.repository.core.support.RepositoryMethodInvoker.doInvoke(RepositoryMethodInvoker.java:170)
	at org.springframework.data.repository.core.support.RepositoryMethodInvoker.invoke(RepositoryMethodInvoker.java:158)
	at org.springframework.data.repository.core.support.RepositoryComposition$RepositoryFragments.invoke(RepositoryComposition.java:515)
	at org.springframework.data.repository.core.support.RepositoryComposition.invoke(RepositoryComposition.java:284)
	at org.springframework.data.repository.core.support.RepositoryFactorySupport$ImplementationMethodExecutionInterceptor.invoke(RepositoryFactorySupport.java:734)
	at org.springframework.aop.framework.ReflectiveMethodInvocation.proceed(ReflectiveMethodInvocation.java:184)
	at org.springframework.data.repository.core.support.QueryExecutorMethodInterceptor.doInvoke(QueryExecutorMethodInterceptor.java:174)
	at org.springframework.data.repository.core.support.QueryExecutorMethodInterceptor.invoke(QueryExecutorMethodInterceptor.java:149)
	at org.springframework.aop.framework.ReflectiveMethodInvocation.proceed(ReflectiveMethodInvocation.java:184)
	at org.springframework.data.projection.DefaultMethodInvokingMethodInterceptor.invoke(DefaultMethodInvokingMethodInterceptor.java:69)
	at org.springframework.aop.framework.ReflectiveMethodInvocation.proceed(ReflectiveMethodInvocation.java:184)
	at org.springframework.transaction.interceptor.TransactionAspectSupport.invokeWithinTransaction(TransactionAspectSupport.java:380)
	at org.springframework.transaction.interceptor.TransactionInterceptor.invoke(TransactionInterceptor.java:119)
	at org.springframework.aop.framework.ReflectiveMethodInvocation.proceed(ReflectiveMethodInvocation.java:184)
	at org.springframework.dao.support.PersistenceExceptionTranslationInterceptor.invoke(PersistenceExceptionTranslationInterceptor.java:138)
	at org.springframework.aop.framework.ReflectiveMethodInvocation.proceed(ReflectiveMethodInvocation.java:184)
	at org.springframework.data.jpa.repository.support.CrudMethodMetadataPostProcessor$CrudMethodMetadataPopulatingMethodInterceptor.invoke(CrudMethodMetadataPostProcessor.java:165)
	at org.springframework.aop.framework.ReflectiveMethodInvocation.proceed(ReflectiveMethodInvocation.java:184)
	at org.springframework.aop.framework.JdkDynamicAopProxy.invoke(JdkDynamicAopProxy.java:223)
	at jdk.proxy2/jdk.proxy2.$Proxy126.save(Unknown Source)
	at com.example.pic.ServiceImpl.OauthImpl.getAuthUrl(OauthImpl.java:170)
	at java.base/jdk.internal.reflect.DirectMethodHandleAccessor.invoke(DirectMethodHandleAccessor.java:103)
	at java.base/java.lang.reflect.Method.invoke(Method.java:580)
	at org.springframework.aop.support.AopUtils.invokeJoinpointUsingReflection(AopUtils.java:360)
	at org.springframework.aop.framework.CglibAopProxy$DynamicAdvisedInterceptor.intercept(CglibAopProxy.java:724)
	at com.example.pic.ServiceImpl.OauthImpl$$SpringCGLIB$$0.getAuthUrl(<generated>)
	at com.example.pic.Controller.OidcController.getAuthCode(OidcController.java:63)
	at java.base/jdk.internal.reflect.DirectMethodHandleAccessor.invoke(DirectMethodHandleAccessor.java:103)
	at java.base/java.lang.reflect.Method.invoke(Method.java:580)
	at org.springframework.web.method.support.InvocableHandlerMethod.doInvoke(InvocableHandlerMethod.java:258)
	at org.springframework.web.method.support.InvocableHandlerMethod.invokeForRequest(InvocableHandlerMethod.java:191)
	at org.springframework.web.servlet.mvc.method.annotation.ServletInvocableHandlerMethod.invokeAndHandle(ServletInvocableHandlerMethod.java:118)
	at org.springframework.web.servlet.mvc.method.annotation.RequestMappingHandlerAdapter.invokeHandlerMethod(RequestMappingHandlerAdapter.java:991)
	at org.springframework.web.servlet.mvc.method.annotation.RequestMappingHandlerAdapter.handleInternal(RequestMappingHandlerAdapter.java:896)
	at org.springframework.web.servlet.mvc.method.AbstractHandlerMethodAdapter.handle(AbstractHandlerMethodAdapter.java:87)
	at org.springframework.web.servlet.DispatcherServlet.doDispatch(DispatcherServlet.java:1089)
	at org.springframework.web.servlet.DispatcherServlet.doService(DispatcherServlet.java:979)
	at org.springframework.web.servlet.FrameworkServlet.processRequest(FrameworkServlet.java:1014)
	at org.springframework.web.servlet.FrameworkServlet.doGet(FrameworkServlet.java:903)
	at jakarta.servlet.http.HttpServlet.service(HttpServlet.java:564)
	at org.springframework.web.servlet.FrameworkServlet.service(FrameworkServlet.java:885)
	at jakarta.servlet.http.HttpServlet.service(HttpServlet.java:658)
	at org.apache.catalina.core.ApplicationFilterChain.internalDoFilter(ApplicationFilterChain.java:195)
	at org.apache.catalina.core.ApplicationFilterChain.doFilter(ApplicationFilterChain.java:140)
	at org.apache.tomcat.websocket.server.WsFilter.doFilter(WsFilter.java:51)
	at org.apache.catalina.core.ApplicationFilterChain.internalDoFilter(ApplicationFilterChain.java:164)
	at org.apache.catalina.core.ApplicationFilterChain.doFilter(ApplicationFilterChain.java:140)
	at com.example.pic.config.TraceIdFilter.doFilter(TraceIdFilter.java:29)
	at org.apache.catalina.core.ApplicationFilterChain.internalDoFilter(ApplicationFilterChain.java:164)
	at org.apache.catalina.core.ApplicationFilterChain.doFilter(ApplicationFilterChain.java:140)
	at org.springframework.web.filter.RequestContextFilter.doFilterInternal(RequestContextFilter.java:100)
	at org.springframework.web.filter.OncePerRequestFilter.doFilter(OncePerRequestFilter.java:116)
	at org.apache.catalina.core.ApplicationFilterChain.internalDoFilter(ApplicationFilterChain.java:164)
	at org.apache.catalina.core.ApplicationFilterChain.doFilter(ApplicationFilterChain.java:140)
	at org.springframework.web.filter.FormContentFilter.doFilterInternal(FormContentFilter.java:93)
	at org.springframework.web.filter.OncePerRequestFilter.doFilter(OncePerRequestFilter.java:116)
	at org.apache.catalina.core.ApplicationFilterChain.internalDoFilter(ApplicationFilterChain.java:164)
	at org.apache.catalina.core.ApplicationFilterChain.doFilter(ApplicationFilterChain.java:140)
	at org.springframework.web.filter.CharacterEncodingFilter.doFilterInternal(CharacterEncodingFilter.java:201)
	at org.springframework.web.filter.OncePerRequestFilter.doFilter(OncePerRequestFilter.java:116)
	at org.apache.catalina.core.ApplicationFilterChain.internalDoFilter(ApplicationFilterChain.java:164)
	at org.apache.catalina.core.ApplicationFilterChain.doFilter(ApplicationFilterChain.java:140)
	at org.apache.catalina.core.StandardWrapperValve.invoke(StandardWrapperValve.java:167)
	at org.apache.catalina.core.StandardContextValve.invoke(StandardContextValve.java:90)
	at org.apache.catalina.authenticator.AuthenticatorBase.invoke(AuthenticatorBase.java:483)
	at org.apache.catalina.core.StandardHostValve.invoke(StandardHostValve.java:116)
	at org.apache.catalina.valves.ErrorReportValve.invoke(ErrorReportValve.java:93)
	at org.apache.catalina.core.StandardEngineValve.invoke(StandardEngineValve.java:74)
	at org.apache.catalina.connector.CoyoteAdapter.service(CoyoteAdapter.java:344)
	at org.apache.coyote.http11.Http11Processor.service(Http11Processor.java:398)
	at org.apache.coyote.AbstractProcessorLight.process(AbstractProcessorLight.java:63)
	at org.apache.coyote.AbstractProtocol$ConnectionHandler.process(AbstractProtocol.java:903)
	at org.apache.tomcat.util.net.NioEndpoint$SocketProcessor.doRun(NioEndpoint.java:1776)
	at org.apache.tomcat.util.net.SocketProcessorBase.run(SocketProcessorBase.java:52)
	at org.apache.tomcat.util.threads.ThreadPoolExecutor.runWorker(ThreadPoolExecutor.java:975)
	at org.apache.tomcat.util.threads.ThreadPoolExecutor$Worker.run(ThreadPoolExecutor.java:493)
	at org.apache.tomcat.util.threads.TaskThread$WrappingRunnable.run(TaskThread.java:63)
	at java.base/java.lang.Thread.run(Thread.java:1583)
Caused by: java.net.SocketException: Connection reset by peer
	at java.base/sun.nio.ch.SocketDispatcher.write0(Native Method)
	at java.base/sun.nio.ch.SocketDispatcher.write(SocketDispatcher.java:54)
	at java.base/sun.nio.ch.NioSocketImpl.tryWrite(NioSocketImpl.java:394)
	at java.base/sun.nio.ch.NioSocketImpl.implWrite(NioSocketImpl.java:410)
	at java.base/sun.nio.ch.NioSocketImpl.write(NioSocketImpl.java:440)
	at java.base/sun.nio.ch.NioSocketImpl$2.write(NioSocketImpl.java:819)
	at java.base/java.net.Socket$SocketOutputStream.write(Socket.java:1195)
	at org.postgresql.util.internal.PgBufferedOutputStream.flushBuffer(PgBufferedOutputStream.java:41)
	at org.postgresql.util.internal.PgBufferedOutputStream.flush(PgBufferedOutputStream.java:48)
	at org.postgresql.core.PGStream.flush(PGStream.java:708)
	at org.postgresql.core.v3.QueryExecutorImpl.sendSimpleQuery(QueryExecutorImpl.java:2063)
	at org.postgresql.core.v3.QueryExecutorImpl.sendOneQuery(QueryExecutorImpl.java:1944)
	at org.postgresql.core.v3.QueryExecutorImpl.sendQueryPreamble(QueryExecutorImpl.java:624)
	at org.postgresql.core.v3.QueryExecutorImpl.execute(QueryExecutorImpl.java:362)
	... 120 common frames omitted
2025-11-26 16:27:47.878 | WARN  | traceId=ca05c43e-4faa-4b2a-a01c-bc8812976a6d | o.h.e.j.spi.SqlExceptionHelper.logExceptions | SQL Error: 0, SQLState: 08006
2025-11-26 16:27:47.879 | ERROR | traceId=ca05c43e-4faa-4b2a-a01c-bc8812976a6d | o.h.e.j.spi.SqlExceptionHelper.logExceptions | An I/O error occurred while sending to the backend.
2025-11-26 16:27:47.880 | ERROR | traceId=ca05c43e-4faa-4b2a-a01c-bc8812976a6d | o.s.t.i.TransactionAspectSupport.completeTransactionAfterThrowing | Application exception overridden by rollback exception
org.hibernate.exception.JDBCConnectionException: could not execute statement [An I/O error occurred while sending to the backend.] [insert into oauth_authorize_request (client_id,code_challenge,code_challenge_method,created_at,redirect_uri,scope,state) values (?,?,?,?,?,?,?)]
	at org.hibernate.exception.internal.SQLStateConversionDelegate.convert(SQLStateConversionDelegate.java:100)
	at org.hibernate.exception.internal.StandardSQLExceptionConverter.convert(StandardSQLExceptionConverter.java:58)
	at org.hibernate.engine.jdbc.spi.SqlExceptionHelper.convert(SqlExceptionHelper.java:108)
	at org.hibernate.engine.jdbc.internal.ResultSetReturnImpl.executeUpdate(ResultSetReturnImpl.java:197)
	at org.hibernate.id.insert.GetGeneratedKeysDelegate.performMutation(GetGeneratedKeysDelegate.java:116)
	at org.hibernate.engine.jdbc.mutation.internal.MutationExecutorSingleNonBatched.performNonBatchedOperations(MutationExecutorSingleNonBatched.java:47)
	at org.hibernate.engine.jdbc.mutation.internal.AbstractMutationExecutor.execute(AbstractMutationExecutor.java:55)
	at org.hibernate.persister.entity.mutation.InsertCoordinatorStandard.doStaticInserts(InsertCoordinatorStandard.java:194)
	at org.hibernate.persister.entity.mutation.InsertCoordinatorStandard.coordinateInsert(InsertCoordinatorStandard.java:132)
	at org.hibernate.persister.entity.mutation.InsertCoordinatorStandard.insert(InsertCoordinatorStandard.java:95)
	at org.hibernate.action.internal.EntityIdentityInsertAction.execute(EntityIdentityInsertAction.java:85)
	at org.hibernate.engine.spi.ActionQueue.execute(ActionQueue.java:682)
	at org.hibernate.engine.spi.ActionQueue.addResolvedEntityInsertAction(ActionQueue.java:293)
	at org.hibernate.engine.spi.ActionQueue.addInsertAction(ActionQueue.java:274)
	at org.hibernate.engine.spi.ActionQueue.addAction(ActionQueue.java:324)
	at org.hibernate.event.internal.AbstractSaveEventListener.addInsertAction(AbstractSaveEventListener.java:394)
	at org.hibernate.event.internal.AbstractSaveEventListener.performSaveOrReplicate(AbstractSaveEventListener.java:308)
	at org.hibernate.event.internal.AbstractSaveEventListener.performSave(AbstractSaveEventListener.java:224)
	at org.hibernate.event.internal.AbstractSaveEventListener.saveWithGeneratedId(AbstractSaveEventListener.java:136)
	at org.hibernate.event.internal.DefaultPersistEventListener.entityIsTransient(DefaultPersistEventListener.java:177)
	at org.hibernate.event.internal.DefaultPersistEventListener.persist(DefaultPersistEventListener.java:95)
	at org.hibernate.event.internal.DefaultPersistEventListener.onPersist(DefaultPersistEventListener.java:79)
	at org.hibernate.event.internal.DefaultPersistEventListener.onPersist(DefaultPersistEventListener.java:55)
	at org.hibernate.event.service.internal.EventListenerGroupImpl.fireEventOnEachListener(EventListenerGroupImpl.java:127)
	at org.hibernate.internal.SessionImpl.firePersist(SessionImpl.java:761)
	at org.hibernate.internal.SessionImpl.persist(SessionImpl.java:745)
	at java.base/jdk.internal.reflect.DirectMethodHandleAccessor.invoke(DirectMethodHandleAccessor.java:103)
	at java.base/java.lang.reflect.Method.invoke(Method.java:580)
	at org.springframework.orm.jpa.ExtendedEntityManagerCreator$ExtendedEntityManagerInvocationHandler.invoke(ExtendedEntityManagerCreator.java:364)
	at jdk.proxy2/jdk.proxy2.$Proxy118.persist(Unknown Source)
	at java.base/jdk.internal.reflect.DirectMethodHandleAccessor.invoke(DirectMethodHandleAccessor.java:103)
	at java.base/java.lang.reflect.Method.invoke(Method.java:580)
	at org.springframework.orm.jpa.SharedEntityManagerCreator$SharedEntityManagerInvocationHandler.invoke(SharedEntityManagerCreator.java:320)
	at jdk.proxy2/jdk.proxy2.$Proxy118.persist(Unknown Source)
	at org.springframework.data.jpa.repository.support.SimpleJpaRepository.save(SimpleJpaRepository.java:654)
	at java.base/jdk.internal.reflect.DirectMethodHandleAccessor.invoke(DirectMethodHandleAccessor.java:103)
	at java.base/java.lang.reflect.Method.invoke(Method.java:580)
	at org.springframework.aop.support.AopUtils.invokeJoinpointUsingReflection(AopUtils.java:360)
	at org.springframework.data.repository.core.support.RepositoryMethodInvoker$RepositoryFragmentMethodInvoker.lambda$new$0(RepositoryMethodInvoker.java:277)
	at org.springframework.data.repository.core.support.RepositoryMethodInvoker.doInvoke(RepositoryMethodInvoker.java:170)
	at org.springframework.data.repository.core.support.RepositoryMethodInvoker.invoke(RepositoryMethodInvoker.java:158)
	at org.springframework.data.repository.core.support.RepositoryComposition$RepositoryFragments.invoke(RepositoryComposition.java:515)
	at org.springframework.data.repository.core.support.RepositoryComposition.invoke(RepositoryComposition.java:284)
	at org.springframework.data.repository.core.support.RepositoryFactorySupport$ImplementationMethodExecutionInterceptor.invoke(RepositoryFactorySupport.java:734)
	at org.springframework.aop.framework.ReflectiveMethodInvocation.proceed(ReflectiveMethodInvocation.java:184)
	at org.springframework.data.repository.core.support.QueryExecutorMethodInterceptor.doInvoke(QueryExecutorMethodInterceptor.java:174)
	at org.springframework.data.repository.core.support.QueryExecutorMethodInterceptor.invoke(QueryExecutorMethodInterceptor.java:149)
	at org.springframework.aop.framework.ReflectiveMethodInvocation.proceed(ReflectiveMethodInvocation.java:184)
	at org.springframework.data.projection.DefaultMethodInvokingMethodInterceptor.invoke(DefaultMethodInvokingMethodInterceptor.java:69)
	at org.springframework.aop.framework.ReflectiveMethodInvocation.proceed(ReflectiveMethodInvocation.java:184)
	at org.springframework.transaction.interceptor.TransactionAspectSupport.invokeWithinTransaction(TransactionAspectSupport.java:380)
	at org.springframework.transaction.interceptor.TransactionInterceptor.invoke(TransactionInterceptor.java:119)
	at org.springframework.aop.framework.ReflectiveMethodInvocation.proceed(ReflectiveMethodInvocation.java:184)
	at org.springframework.dao.support.PersistenceExceptionTranslationInterceptor.invoke(PersistenceExceptionTranslationInterceptor.java:138)
	at org.springframework.aop.framework.ReflectiveMethodInvocation.proceed(ReflectiveMethodInvocation.java:184)
	at org.springframework.data.jpa.repository.support.CrudMethodMetadataPostProcessor$CrudMethodMetadataPopulatingMethodInterceptor.invoke(CrudMethodMetadataPostProcessor.java:165)
	at org.springframework.aop.framework.ReflectiveMethodInvocation.proceed(ReflectiveMethodInvocation.java:184)
	at org.springframework.aop.framework.JdkDynamicAopProxy.invoke(JdkDynamicAopProxy.java:223)
	at jdk.proxy2/jdk.proxy2.$Proxy126.save(Unknown Source)
	at com.example.pic.ServiceImpl.OauthImpl.getAuthUrl(OauthImpl.java:170)
	at java.base/jdk.internal.reflect.DirectMethodHandleAccessor.invoke(DirectMethodHandleAccessor.java:103)
	at java.base/java.lang.reflect.Method.invoke(Method.java:580)
	at org.springframework.aop.support.AopUtils.invokeJoinpointUsingReflection(AopUtils.java:360)
	at org.springframework.aop.framework.CglibAopProxy$DynamicAdvisedInterceptor.intercept(CglibAopProxy.java:724)
	at com.example.pic.ServiceImpl.OauthImpl$$SpringCGLIB$$0.getAuthUrl(<generated>)
	at com.example.pic.Controller.OidcController.getAuthCode(OidcController.java:63)
	at java.base/jdk.internal.reflect.DirectMethodHandleAccessor.invoke(DirectMethodHandleAccessor.java:103)
	at java.base/java.lang.reflect.Method.invoke(Method.java:580)
	at org.springframework.web.method.support.InvocableHandlerMethod.doInvoke(InvocableHandlerMethod.java:258)
	at org.springframework.web.method.support.InvocableHandlerMethod.invokeForRequest(InvocableHandlerMethod.java:191)
	at org.springframework.web.servlet.mvc.method.annotation.ServletInvocableHandlerMethod.invokeAndHandle(ServletInvocableHandlerMethod.java:118)
	at org.springframework.web.servlet.mvc.method.annotation.RequestMappingHandlerAdapter.invokeHandlerMethod(RequestMappingHandlerAdapter.java:991)
	at org.springframework.web.servlet.mvc.method.annotation.RequestMappingHandlerAdapter.handleInternal(RequestMappingHandlerAdapter.java:896)
	at org.springframework.web.servlet.mvc.method.AbstractHandlerMethodAdapter.handle(AbstractHandlerMethodAdapter.java:87)
	at org.springframework.web.servlet.DispatcherServlet.doDispatch(DispatcherServlet.java:1089)
	at org.springframework.web.servlet.DispatcherServlet.doService(DispatcherServlet.java:979)
	at org.springframework.web.servlet.FrameworkServlet.processRequest(FrameworkServlet.java:1014)
	at org.springframework.web.servlet.FrameworkServlet.doGet(FrameworkServlet.java:903)
	at jakarta.servlet.http.HttpServlet.service(HttpServlet.java:564)
	at org.springframework.web.servlet.FrameworkServlet.service(FrameworkServlet.java:885)
	at jakarta.servlet.http.HttpServlet.service(HttpServlet.java:658)
	at org.apache.catalina.core.ApplicationFilterChain.internalDoFilter(ApplicationFilterChain.java:195)
	at org.apache.catalina.core.ApplicationFilterChain.doFilter(ApplicationFilterChain.java:140)
	at org.apache.tomcat.websocket.server.WsFilter.doFilter(WsFilter.java:51)
	at org.apache.catalina.core.ApplicationFilterChain.internalDoFilter(ApplicationFilterChain.java:164)
	at org.apache.catalina.core.ApplicationFilterChain.doFilter(ApplicationFilterChain.java:140)
	at com.example.pic.config.TraceIdFilter.doFilter(TraceIdFilter.java:29)
	at org.apache.catalina.core.ApplicationFilterChain.internalDoFilter(ApplicationFilterChain.java:164)
	at org.apache.catalina.core.ApplicationFilterChain.doFilter(ApplicationFilterChain.java:140)
	at org.springframework.web.filter.RequestContextFilter.doFilterInternal(RequestContextFilter.java:100)
	at org.springframework.web.filter.OncePerRequestFilter.doFilter(OncePerRequestFilter.java:116)
	at org.apache.catalina.core.ApplicationFilterChain.internalDoFilter(ApplicationFilterChain.java:164)
	at org.apache.catalina.core.ApplicationFilterChain.doFilter(ApplicationFilterChain.java:140)
	at org.springframework.web.filter.FormContentFilter.doFilterInternal(FormContentFilter.java:93)
	at org.springframework.web.filter.OncePerRequestFilter.doFilter(OncePerRequestFilter.java:116)
	at org.apache.catalina.core.ApplicationFilterChain.internalDoFilter(ApplicationFilterChain.java:164)
	at org.apache.catalina.core.ApplicationFilterChain.doFilter(ApplicationFilterChain.java:140)
	at org.springframework.web.filter.CharacterEncodingFilter.doFilterInternal(CharacterEncodingFilter.java:201)
	at org.springframework.web.filter.OncePerRequestFilter.doFilter(OncePerRequestFilter.java:116)
	at org.apache.catalina.core.ApplicationFilterChain.internalDoFilter(ApplicationFilterChain.java:164)
	at org.apache.catalina.core.ApplicationFilterChain.doFilter(ApplicationFilterChain.java:140)
	at org.apache.catalina.core.StandardWrapperValve.invoke(StandardWrapperValve.java:167)
	at org.apache.catalina.core.StandardContextValve.invoke(StandardContextValve.java:90)
	at org.apache.catalina.authenticator.AuthenticatorBase.invoke(AuthenticatorBase.java:483)
	at org.apache.catalina.core.StandardHostValve.invoke(StandardHostValve.java:116)
	at org.apache.catalina.valves.ErrorReportValve.invoke(ErrorReportValve.java:93)
	at org.apache.catalina.core.StandardEngineValve.invoke(StandardEngineValve.java:74)
	at org.apache.catalina.connector.CoyoteAdapter.service(CoyoteAdapter.java:344)
	at org.apache.coyote.http11.Http11Processor.service(Http11Processor.java:398)
	at org.apache.coyote.AbstractProcessorLight.process(AbstractProcessorLight.java:63)
	at org.apache.coyote.AbstractProtocol$ConnectionHandler.process(AbstractProtocol.java:903)
	at org.apache.tomcat.util.net.NioEndpoint$SocketProcessor.doRun(NioEndpoint.java:1776)
	at org.apache.tomcat.util.net.SocketProcessorBase.run(SocketProcessorBase.java:52)
	at org.apache.tomcat.util.threads.ThreadPoolExecutor.runWorker(ThreadPoolExecutor.java:975)
	at org.apache.tomcat.util.threads.ThreadPoolExecutor$Worker.run(ThreadPoolExecutor.java:493)
	at org.apache.tomcat.util.threads.TaskThread$WrappingRunnable.run(TaskThread.java:63)
	at java.base/java.lang.Thread.run(Thread.java:1583)
Caused by: org.postgresql.util.PSQLException: An I/O error occurred while sending to the backend.
	at org.postgresql.core.v3.QueryExecutorImpl.execute(QueryExecutorImpl.java:399)
	at org.postgresql.jdbc.PgStatement.executeInternal(PgStatement.java:518)
	at org.postgresql.jdbc.PgStatement.execute(PgStatement.java:435)
	at org.postgresql.jdbc.PgPreparedStatement.executeWithFlags(PgPreparedStatement.java:196)
	at org.postgresql.jdbc.PgPreparedStatement.executeUpdate(PgPreparedStatement.java:157)
	at com.zaxxer.hikari.pool.ProxyPreparedStatement.executeUpdate(ProxyPreparedStatement.java:61)
	at com.zaxxer.hikari.pool.HikariProxyPreparedStatement.executeUpdate(HikariProxyPreparedStatement.java)
	at org.hibernate.engine.jdbc.internal.ResultSetReturnImpl.executeUpdate(ResultSetReturnImpl.java:194)
	... 113 common frames omitted
Caused by: java.net.SocketException: Connection reset by peer
	at java.base/sun.nio.ch.SocketDispatcher.write0(Native Method)
	at java.base/sun.nio.ch.SocketDispatcher.write(SocketDispatcher.java:54)
	at java.base/sun.nio.ch.NioSocketImpl.tryWrite(NioSocketImpl.java:394)
	at java.base/sun.nio.ch.NioSocketImpl.implWrite(NioSocketImpl.java:410)
	at java.base/sun.nio.ch.NioSocketImpl.write(NioSocketImpl.java:440)
	at java.base/sun.nio.ch.NioSocketImpl$2.write(NioSocketImpl.java:819)
	at java.base/java.net.Socket$SocketOutputStream.write(Socket.java:1195)
	at org.postgresql.util.internal.PgBufferedOutputStream.flushBuffer(PgBufferedOutputStream.java:41)
	at org.postgresql.util.internal.PgBufferedOutputStream.flush(PgBufferedOutputStream.java:48)
	at org.postgresql.core.PGStream.flush(PGStream.java:708)
	at org.postgresql.core.v3.QueryExecutorImpl.sendSimpleQuery(QueryExecutorImpl.java:2063)
	at org.postgresql.core.v3.QueryExecutorImpl.sendOneQuery(QueryExecutorImpl.java:1944)
	at org.postgresql.core.v3.QueryExecutorImpl.sendQueryPreamble(QueryExecutorImpl.java:624)
	at org.postgresql.core.v3.QueryExecutorImpl.execute(QueryExecutorImpl.java:362)
	... 120 common frames omitted
2025-11-26 16:27:47.880 | ERROR | traceId=ca05c43e-4faa-4b2a-a01c-bc8812976a6d | c.e.pic.ServiceImpl.OauthImpl.getAuthUrl | 寫入 OauthAuthorizeRequestTb 發生錯誤
org.springframework.orm.jpa.JpaSystemException: Unable to rollback against JDBC Connection
	at org.springframework.orm.jpa.vendor.HibernateJpaDialect.convertHibernateAccessException(HibernateJpaDialect.java:348)
	at org.springframework.orm.jpa.vendor.HibernateJpaDialect.convertHibernateAccessException(HibernateJpaDialect.java:256)
	at org.springframework.orm.jpa.vendor.HibernateJpaDialect.translateExceptionIfPossible(HibernateJpaDialect.java:241)
	at org.springframework.orm.jpa.JpaTransactionManager.doRollback(JpaTransactionManager.java:594)
	at org.springframework.transaction.support.AbstractPlatformTransactionManager.processRollback(AbstractPlatformTransactionManager.java:897)
	at org.springframework.transaction.support.AbstractPlatformTransactionManager.rollback(AbstractPlatformTransactionManager.java:866)
	at org.springframework.transaction.interceptor.TransactionAspectSupport.completeTransactionAfterThrowing(TransactionAspectSupport.java:716)
	at org.springframework.transaction.interceptor.TransactionAspectSupport.invokeWithinTransaction(TransactionAspectSupport.java:384)
	at org.springframework.transaction.interceptor.TransactionInterceptor.invoke(TransactionInterceptor.java:119)
	at org.springframework.aop.framework.ReflectiveMethodInvocation.proceed(ReflectiveMethodInvocation.java:184)
	at org.springframework.dao.support.PersistenceExceptionTranslationInterceptor.invoke(PersistenceExceptionTranslationInterceptor.java:138)
	at org.springframework.aop.framework.ReflectiveMethodInvocation.proceed(ReflectiveMethodInvocation.java:184)
	at org.springframework.data.jpa.repository.support.CrudMethodMetadataPostProcessor$CrudMethodMetadataPopulatingMethodInterceptor.invoke(CrudMethodMetadataPostProcessor.java:165)
	at org.springframework.aop.framework.ReflectiveMethodInvocation.proceed(ReflectiveMethodInvocation.java:184)
	at org.springframework.aop.framework.JdkDynamicAopProxy.invoke(JdkDynamicAopProxy.java:223)
	at jdk.proxy2/jdk.proxy2.$Proxy126.save(Unknown Source)
	at com.example.pic.ServiceImpl.OauthImpl.getAuthUrl(OauthImpl.java:170)
	at java.base/jdk.internal.reflect.DirectMethodHandleAccessor.invoke(DirectMethodHandleAccessor.java:103)
	at java.base/java.lang.reflect.Method.invoke(Method.java:580)
	at org.springframework.aop.support.AopUtils.invokeJoinpointUsingReflection(AopUtils.java:360)
	at org.springframework.aop.framework.CglibAopProxy$DynamicAdvisedInterceptor.intercept(CglibAopProxy.java:724)
	at com.example.pic.ServiceImpl.OauthImpl$$SpringCGLIB$$0.getAuthUrl(<generated>)
	at com.example.pic.Controller.OidcController.getAuthCode(OidcController.java:63)
	at java.base/jdk.internal.reflect.DirectMethodHandleAccessor.invoke(DirectMethodHandleAccessor.java:103)
	at java.base/java.lang.reflect.Method.invoke(Method.java:580)
	at org.springframework.web.method.support.InvocableHandlerMethod.doInvoke(InvocableHandlerMethod.java:258)
	at org.springframework.web.method.support.InvocableHandlerMethod.invokeForRequest(InvocableHandlerMethod.java:191)
	at org.springframework.web.servlet.mvc.method.annotation.ServletInvocableHandlerMethod.invokeAndHandle(ServletInvocableHandlerMethod.java:118)
	at org.springframework.web.servlet.mvc.method.annotation.RequestMappingHandlerAdapter.invokeHandlerMethod(RequestMappingHandlerAdapter.java:991)
	at org.springframework.web.servlet.mvc.method.annotation.RequestMappingHandlerAdapter.handleInternal(RequestMappingHandlerAdapter.java:896)
	at org.springframework.web.servlet.mvc.method.AbstractHandlerMethodAdapter.handle(AbstractHandlerMethodAdapter.java:87)
	at org.springframework.web.servlet.DispatcherServlet.doDispatch(DispatcherServlet.java:1089)
	at org.springframework.web.servlet.DispatcherServlet.doService(DispatcherServlet.java:979)
	at org.springframework.web.servlet.FrameworkServlet.processRequest(FrameworkServlet.java:1014)
	at org.springframework.web.servlet.FrameworkServlet.doGet(FrameworkServlet.java:903)
	at jakarta.servlet.http.HttpServlet.service(HttpServlet.java:564)
	at org.springframework.web.servlet.FrameworkServlet.service(FrameworkServlet.java:885)
	at jakarta.servlet.http.HttpServlet.service(HttpServlet.java:658)
	at org.apache.catalina.core.ApplicationFilterChain.internalDoFilter(ApplicationFilterChain.java:195)
	at org.apache.catalina.core.ApplicationFilterChain.doFilter(ApplicationFilterChain.java:140)
	at org.apache.tomcat.websocket.server.WsFilter.doFilter(WsFilter.java:51)
	at org.apache.catalina.core.ApplicationFilterChain.internalDoFilter(ApplicationFilterChain.java:164)
	at org.apache.catalina.core.ApplicationFilterChain.doFilter(ApplicationFilterChain.java:140)
	at com.example.pic.config.TraceIdFilter.doFilter(TraceIdFilter.java:29)
	at org.apache.catalina.core.ApplicationFilterChain.internalDoFilter(ApplicationFilterChain.java:164)
	at org.apache.catalina.core.ApplicationFilterChain.doFilter(ApplicationFilterChain.java:140)
	at org.springframework.web.filter.RequestContextFilter.doFilterInternal(RequestContextFilter.java:100)
	at org.springframework.web.filter.OncePerRequestFilter.doFilter(OncePerRequestFilter.java:116)
	at org.apache.catalina.core.ApplicationFilterChain.internalDoFilter(ApplicationFilterChain.java:164)
	at org.apache.catalina.core.ApplicationFilterChain.doFilter(ApplicationFilterChain.java:140)
	at org.springframework.web.filter.FormContentFilter.doFilterInternal(FormContentFilter.java:93)
	at org.springframework.web.filter.OncePerRequestFilter.doFilter(OncePerRequestFilter.java:116)
	at org.apache.catalina.core.ApplicationFilterChain.internalDoFilter(ApplicationFilterChain.java:164)
	at org.apache.catalina.core.ApplicationFilterChain.doFilter(ApplicationFilterChain.java:140)
	at org.springframework.web.filter.CharacterEncodingFilter.doFilterInternal(CharacterEncodingFilter.java:201)
	at org.springframework.web.filter.OncePerRequestFilter.doFilter(OncePerRequestFilter.java:116)
	at org.apache.catalina.core.ApplicationFilterChain.internalDoFilter(ApplicationFilterChain.java:164)
	at org.apache.catalina.core.ApplicationFilterChain.doFilter(ApplicationFilterChain.java:140)
	at org.apache.catalina.core.StandardWrapperValve.invoke(StandardWrapperValve.java:167)
	at org.apache.catalina.core.StandardContextValve.invoke(StandardContextValve.java:90)
	at org.apache.catalina.authenticator.AuthenticatorBase.invoke(AuthenticatorBase.java:483)
	at org.apache.catalina.core.StandardHostValve.invoke(StandardHostValve.java:116)
	at org.apache.catalina.valves.ErrorReportValve.invoke(ErrorReportValve.java:93)
	at org.apache.catalina.core.StandardEngineValve.invoke(StandardEngineValve.java:74)
	at org.apache.catalina.connector.CoyoteAdapter.service(CoyoteAdapter.java:344)
	at org.apache.coyote.http11.Http11Processor.service(Http11Processor.java:398)
	at org.apache.coyote.AbstractProcessorLight.process(AbstractProcessorLight.java:63)
	at org.apache.coyote.AbstractProtocol$ConnectionHandler.process(AbstractProtocol.java:903)
	at org.apache.tomcat.util.net.NioEndpoint$SocketProcessor.doRun(NioEndpoint.java:1776)
	at org.apache.tomcat.util.net.SocketProcessorBase.run(SocketProcessorBase.java:52)
	at org.apache.tomcat.util.threads.ThreadPoolExecutor.runWorker(ThreadPoolExecutor.java:975)
	at org.apache.tomcat.util.threads.ThreadPoolExecutor$Worker.run(ThreadPoolExecutor.java:493)
	at org.apache.tomcat.util.threads.TaskThread$WrappingRunnable.run(TaskThread.java:63)
	at java.base/java.lang.Thread.run(Thread.java:1583)
Caused by: org.hibernate.TransactionException: Unable to rollback against JDBC Connection
	at org.hibernate.resource.jdbc.internal.AbstractLogicalConnectionImplementor.rollback(AbstractLogicalConnectionImplementor.java:137)
	at org.hibernate.resource.transaction.backend.jdbc.internal.JdbcResourceLocalTransactionCoordinatorImpl$TransactionDriverControlImpl.rollback(JdbcResourceLocalTransactionCoordinatorImpl.java:289)
	at org.hibernate.engine.transaction.internal.TransactionImpl.rollback(TransactionImpl.java:142)
	at org.springframework.orm.jpa.JpaTransactionManager.doRollback(JpaTransactionManager.java:590)
	... 70 common frames omitted
Caused by: java.sql.SQLException: Connection is closed
	at com.zaxxer.hikari.pool.ProxyConnection$ClosedConnection.lambda$getClosedConnection$0(ProxyConnection.java:562)
	at jdk.proxy3/jdk.proxy3.$Proxy96.rollback(Unknown Source)
	at com.zaxxer.hikari.pool.ProxyConnection.rollback(ProxyConnection.java:386)
	at com.zaxxer.hikari.pool.HikariProxyConnection.rollback(HikariProxyConnection.java)
	at org.hibernate.resource.jdbc.internal.AbstractLogicalConnectionImplementor.rollback(AbstractLogicalConnectionImplementor.java:127)
	... 73 common frames omitted
2025-11-26 16:29:07.403 | WARN  | traceId= | c.zaxxer.hikari.pool.PoolBase.isConnectionDead | HikariPool-1 - Failed to validate connection org.postgresql.jdbc.PgConnection@2c33fb8 (This connection has been closed.). Possibly consider using a shorter maxLifetime value.
2025-11-26 16:29:07.698 | WARN  | traceId= | c.zaxxer.hikari.pool.PoolBase.isConnectionDead | HikariPool-1 - Failed to validate connection org.postgresql.jdbc.PgConnection@619103ad (This connection has been closed.). Possibly consider using a shorter maxLifetime value.
2025-11-26 16:29:10.440 | WARN  | traceId= | c.zaxxer.hikari.pool.PoolBase.isConnectionDead | HikariPool-1 - Failed to validate connection org.postgresql.jdbc.PgConnection@2e251d9 (This connection has been closed.). Possibly consider using a shorter maxLifetime value.
2025-11-26 16:29:14.418 | WARN  | traceId= | c.zaxxer.hikari.pool.PoolBase.isConnectionDead | HikariPool-1 - Failed to validate connection org.postgresql.jdbc.PgConnection@19c790c2 (This connection has been closed.). Possibly consider using a shorter maxLifetime value.
2025-11-26 16:29:15.994 | WARN  | traceId= | c.zaxxer.hikari.pool.PoolBase.isConnectionDead | HikariPool-1 - Failed to validate connection org.postgresql.jdbc.PgConnection@163d4e01 (This connection has been closed.). Possibly consider using a shorter maxLifetime value.
2025-11-26 16:29:17.123 | WARN  | traceId= | c.zaxxer.hikari.pool.PoolBase.isConnectionDead | HikariPool-1 - Failed to validate connection org.postgresql.jdbc.PgConnection@7fd8ab00 (This connection has been closed.). Possibly consider using a shorter maxLifetime value.
2025-11-26 16:32:21.589 | INFO  | traceId= | o.s.boot.StartupInfoLogger.logStarting | Starting OidcPICApplication using Java 21.0.8 with PID 22048 (C:\Users\p10427815\git\OIDC_Demo\OIDC_PIC\target\classes started by p10427815 in C:\Users\p10427815\git\OIDC_Demo\OIDC_PIC)
2025-11-26 16:32:21.593 | INFO  | traceId= | o.s.boot.SpringApplication.logStartupProfileInfo | No active profile set, falling back to 1 default profile: "default"
2025-11-26 16:32:22.875 | INFO  | traceId= | o.s.d.r.c.RepositoryConfigurationDelegate.registerRepositoriesIn | Bootstrapping Spring Data JPA repositories in DEFAULT mode.
2025-11-26 16:32:23.031 | INFO  | traceId= | o.s.d.r.c.RepositoryConfigurationDelegate.registerRepositoriesIn | Finished Spring Data repository scanning in 136 ms. Found 5 JPA repository interfaces.
2025-11-26 16:32:24.141 | INFO  | traceId= | o.s.b.w.e.t.TomcatWebServer.initialize | Tomcat initialized with port 9090 (http)
2025-11-26 16:32:24.196 | INFO  | traceId= | o.a.juli.logging.DirectJDKLog.log | Initializing ProtocolHandler ["http-nio-9090"]
2025-11-26 16:32:24.205 | INFO  | traceId= | o.a.juli.logging.DirectJDKLog.log | Starting service [Tomcat]
2025-11-26 16:32:24.206 | INFO  | traceId= | o.a.juli.logging.DirectJDKLog.log | Starting Servlet engine: [Apache Tomcat/10.1.46]
2025-11-26 16:32:24.359 | INFO  | traceId= | o.a.juli.logging.DirectJDKLog.log | Initializing Spring embedded WebApplicationContext
2025-11-26 16:32:24.360 | INFO  | traceId= | o.s.b.w.s.c.ServletWebServerApplicationContext.prepareWebApplicationContext | Root WebApplicationContext: initialization completed in 2687 ms
2025-11-26 16:32:24.714 | INFO  | traceId= | o.h.j.internal.util.LogHelper.logPersistenceUnitInformation | HHH000204: Processing PersistenceUnitInfo [name: default]
2025-11-26 16:32:24.852 | INFO  | traceId= | org.hibernate.Version.logVersion | HHH000412: Hibernate ORM core version 6.6.29.Final
2025-11-26 16:32:24.928 | INFO  | traceId= | o.h.c.i.RegionFactoryInitiator.initiateService | HHH000026: Second-level cache disabled
2025-11-26 16:32:25.594 | INFO  | traceId= | o.s.o.j.p.SpringPersistenceUnitInfo.addTransformer | No LoadTimeWeaver setup: ignoring JPA class transformer
2025-11-26 16:32:25.661 | INFO  | traceId= | c.z.hikari.HikariDataSource.getConnection | HikariPool-1 - Starting...
2025-11-26 16:32:26.785 | WARN  | traceId= | o.h.e.j.spi.SqlExceptionHelper.logExceptions | SQL Error: 0, SQLState: 08001
2025-11-26 16:32:26.786 | ERROR | traceId= | o.h.e.j.spi.SqlExceptionHelper.logExceptions | Connection to localhost:5432 refused. Check that the hostname and port are correct and that the postmaster is accepting TCP/IP connections.
2025-11-26 16:32:26.790 | WARN  | traceId= | o.h.e.j.e.i.JdbcEnvironmentInitiator.getJdbcEnvironmentUsingJdbcMetadata | HHH000342: Could not obtain connection to query metadata
org.hibernate.exception.JDBCConnectionException: unable to obtain isolated JDBC connection [Connection to localhost:5432 refused. Check that the hostname and port are correct and that the postmaster is accepting TCP/IP connections.] [n/a]
	at org.hibernate.exception.internal.SQLStateConversionDelegate.convert(SQLStateConversionDelegate.java:100)
	at org.hibernate.exception.internal.StandardSQLExceptionConverter.convert(StandardSQLExceptionConverter.java:58)
	at org.hibernate.engine.jdbc.spi.SqlExceptionHelper.convert(SqlExceptionHelper.java:108)
	at org.hibernate.engine.jdbc.spi.SqlExceptionHelper.convert(SqlExceptionHelper.java:94)
	at org.hibernate.resource.transaction.backend.jdbc.internal.JdbcIsolationDelegate.delegateWork(JdbcIsolationDelegate.java:116)
	at org.hibernate.engine.jdbc.env.internal.JdbcEnvironmentInitiator.getJdbcEnvironmentUsingJdbcMetadata(JdbcEnvironmentInitiator.java:334)
	at org.hibernate.engine.jdbc.env.internal.JdbcEnvironmentInitiator.initiateService(JdbcEnvironmentInitiator.java:129)
	at org.hibernate.engine.jdbc.env.internal.JdbcEnvironmentInitiator.initiateService(JdbcEnvironmentInitiator.java:81)
	at org.hibernate.boot.registry.internal.StandardServiceRegistryImpl.initiateService(StandardServiceRegistryImpl.java:130)
	at org.hibernate.service.internal.AbstractServiceRegistryImpl.createService(AbstractServiceRegistryImpl.java:263)
	at org.hibernate.service.internal.AbstractServiceRegistryImpl.initializeService(AbstractServiceRegistryImpl.java:238)
	at org.hibernate.service.internal.AbstractServiceRegistryImpl.getService(AbstractServiceRegistryImpl.java:215)
	at org.hibernate.boot.model.relational.Database.<init>(Database.java:45)
	at org.hibernate.boot.internal.InFlightMetadataCollectorImpl.getDatabase(InFlightMetadataCollectorImpl.java:226)
	at org.hibernate.boot.internal.InFlightMetadataCollectorImpl.<init>(InFlightMetadataCollectorImpl.java:194)
	at org.hibernate.boot.model.process.spi.MetadataBuildingProcess.complete(MetadataBuildingProcess.java:171)
	at org.hibernate.jpa.boot.internal.EntityManagerFactoryBuilderImpl.metadata(EntityManagerFactoryBuilderImpl.java:1442)
	at org.hibernate.jpa.boot.internal.EntityManagerFactoryBuilderImpl.build(EntityManagerFactoryBuilderImpl.java:1513)
	at org.springframework.orm.jpa.vendor.SpringHibernateJpaPersistenceProvider.createContainerEntityManagerFactory(SpringHibernateJpaPersistenceProvider.java:66)
	at org.springframework.orm.jpa.LocalContainerEntityManagerFactoryBean.createNativeEntityManagerFactory(LocalContainerEntityManagerFactoryBean.java:390)
	at org.springframework.orm.jpa.AbstractEntityManagerFactoryBean.buildNativeEntityManagerFactory(AbstractEntityManagerFactoryBean.java:419)
	at org.springframework.orm.jpa.AbstractEntityManagerFactoryBean.afterPropertiesSet(AbstractEntityManagerFactoryBean.java:400)
	at org.springframework.orm.jpa.LocalContainerEntityManagerFactoryBean.afterPropertiesSet(LocalContainerEntityManagerFactoryBean.java:366)
	at org.springframework.beans.factory.support.AbstractAutowireCapableBeanFactory.invokeInitMethods(AbstractAutowireCapableBeanFactory.java:1873)
	at org.springframework.beans.factory.support.AbstractAutowireCapableBeanFactory.initializeBean(AbstractAutowireCapableBeanFactory.java:1822)
	at org.springframework.beans.factory.support.AbstractAutowireCapableBeanFactory.doCreateBean(AbstractAutowireCapableBeanFactory.java:607)
	at org.springframework.beans.factory.support.AbstractAutowireCapableBeanFactory.createBean(AbstractAutowireCapableBeanFactory.java:529)
	at org.springframework.beans.factory.support.AbstractBeanFactory.lambda$doGetBean$0(AbstractBeanFactory.java:339)
	at org.springframework.beans.factory.support.DefaultSingletonBeanRegistry.getSingleton(DefaultSingletonBeanRegistry.java:373)
	at org.springframework.beans.factory.support.AbstractBeanFactory.doGetBean(AbstractBeanFactory.java:337)
	at org.springframework.beans.factory.support.AbstractBeanFactory.getBean(AbstractBeanFactory.java:207)
	at org.springframework.context.support.AbstractApplicationContext.finishBeanFactoryInitialization(AbstractApplicationContext.java:970)
	at org.springframework.context.support.AbstractApplicationContext.refresh(AbstractApplicationContext.java:627)
	at org.springframework.boot.web.servlet.context.ServletWebServerApplicationContext.refresh(ServletWebServerApplicationContext.java:146)
	at org.springframework.boot.SpringApplication.refresh(SpringApplication.java:752)
	at org.springframework.boot.SpringApplication.refreshContext(SpringApplication.java:439)
	at org.springframework.boot.SpringApplication.run(SpringApplication.java:318)
	at org.springframework.boot.SpringApplication.run(SpringApplication.java:1361)
	at org.springframework.boot.SpringApplication.run(SpringApplication.java:1350)
	at com.example.pic.OidcPICApplication.main(OidcPICApplication.java:10)
Caused by: org.postgresql.util.PSQLException: Connection to localhost:5432 refused. Check that the hostname and port are correct and that the postmaster is accepting TCP/IP connections.
	at org.postgresql.core.v3.ConnectionFactoryImpl.openConnectionImpl(ConnectionFactoryImpl.java:373)
	at org.postgresql.core.ConnectionFactory.openConnection(ConnectionFactory.java:57)
	at org.postgresql.jdbc.PgConnection.<init>(PgConnection.java:277)
	at org.postgresql.Driver.makeConnection(Driver.java:448)
	at org.postgresql.Driver.connect(Driver.java:298)
	at com.zaxxer.hikari.util.DriverDataSource.getConnection(DriverDataSource.java:144)
	at com.zaxxer.hikari.pool.PoolBase.newConnection(PoolBase.java:370)
	at com.zaxxer.hikari.pool.PoolBase.newPoolEntry(PoolBase.java:207)
	at com.zaxxer.hikari.pool.HikariPool.createPoolEntry(HikariPool.java:488)
	at com.zaxxer.hikari.pool.HikariPool.checkFailFast(HikariPool.java:576)
	at com.zaxxer.hikari.pool.HikariPool.<init>(HikariPool.java:97)
	at com.zaxxer.hikari.HikariDataSource.getConnection(HikariDataSource.java:111)
	at org.hibernate.engine.jdbc.connections.internal.DatasourceConnectionProviderImpl.getConnection(DatasourceConnectionProviderImpl.java:126)
	at org.hibernate.engine.jdbc.env.internal.JdbcEnvironmentInitiator$ConnectionProviderJdbcConnectionAccess.obtainConnection(JdbcEnvironmentInitiator.java:485)
	at org.hibernate.resource.transaction.backend.jdbc.internal.JdbcIsolationDelegate.delegateWork(JdbcIsolationDelegate.java:61)
	... 35 common frames omitted
Caused by: java.net.ConnectException: Connection refused: getsockopt
	at java.base/sun.nio.ch.Net.pollConnect(Native Method)
	at java.base/sun.nio.ch.Net.pollConnectNow(Net.java:682)
	at java.base/sun.nio.ch.NioSocketImpl.timedFinishConnect(NioSocketImpl.java:542)
	at java.base/sun.nio.ch.NioSocketImpl.connect(NioSocketImpl.java:592)
	at java.base/java.net.SocksSocketImpl.connect(SocksSocketImpl.java:327)
	at java.base/java.net.Socket.connect(Socket.java:751)
	at org.postgresql.core.PGStream.createSocket(PGStream.java:261)
	at org.postgresql.core.PGStream.<init>(PGStream.java:122)
	at org.postgresql.core.v3.ConnectionFactoryImpl.tryConnect(ConnectionFactoryImpl.java:146)
	at org.postgresql.core.v3.ConnectionFactoryImpl.openConnectionImpl(ConnectionFactoryImpl.java:289)
	... 49 common frames omitted
2025-11-26 16:32:26.855 | WARN  | traceId= | o.h.e.j.d.i.DialectFactoryImpl.constructDialect | HHH90000025: PostgreSQLDialect does not need to be specified explicitly using 'hibernate.dialect' (remove the property setting and it will be selected by default)
2025-11-26 16:32:26.878 | INFO  | traceId= | o.h.e.j.e.i.JdbcEnvironmentInitiator.logConnectionInfo | HHH10001005: Database info:
	Database JDBC URL [Connecting through datasource 'HikariDataSource (null)']
	Database driver: undefined/unknown
	Database version: 12.0
	Autocommit mode: undefined/unknown
	Isolation level: undefined/unknown
	Minimum pool size: undefined/unknown
	Maximum pool size: undefined/unknown
2025-11-26 16:32:28.192 | INFO  | traceId= | o.h.e.t.j.p.i.JtaPlatformInitiator.initiateService | HHH000489: No JTA platform available (set 'hibernate.transaction.jta.platform' to enable JTA platform integration)
2025-11-26 16:32:28.224 | INFO  | traceId= | c.z.hikari.HikariDataSource.getConnection | HikariPool-1 - Starting...
2025-11-26 16:32:29.235 | WARN  | traceId= | o.h.e.j.spi.SqlExceptionHelper.logExceptions | SQL Error: 0, SQLState: 08001
2025-11-26 16:32:29.236 | ERROR | traceId= | o.h.e.j.spi.SqlExceptionHelper.logExceptions | Connection to localhost:5432 refused. Check that the hostname and port are correct and that the postmaster is accepting TCP/IP connections.
2025-11-26 16:32:29.255 | ERROR | traceId= | o.s.o.j.AbstractEntityManagerFactoryBean.buildNativeEntityManagerFactory | Failed to initialize JPA EntityManagerFactory: [PersistenceUnit: default] Unable to build Hibernate SessionFactory; nested exception is org.hibernate.exception.JDBCConnectionException: Unable to open JDBC Connection for DDL execution [Connection to localhost:5432 refused. Check that the hostname and port are correct and that the postmaster is accepting TCP/IP connections.] [n/a]
2025-11-26 16:32:29.259 | WARN  | traceId= | o.s.c.s.AbstractApplicationContext.refresh | Exception encountered during context initialization - cancelling refresh attempt: org.springframework.beans.factory.BeanCreationException: Error creating bean with name 'entityManagerFactory' defined in class path resource [org/springframework/boot/autoconfigure/orm/jpa/HibernateJpaConfiguration.class]: [PersistenceUnit: default] Unable to build Hibernate SessionFactory; nested exception is org.hibernate.exception.JDBCConnectionException: Unable to open JDBC Connection for DDL execution [Connection to localhost:5432 refused. Check that the hostname and port are correct and that the postmaster is accepting TCP/IP connections.] [n/a]
2025-11-26 16:32:29.262 | INFO  | traceId= | o.a.juli.logging.DirectJDKLog.log | Stopping service [Tomcat]
2025-11-26 16:32:29.278 | INFO  | traceId= | o.s.b.a.l.ConditionEvaluationReportLogger.logMessage | 

Error starting ApplicationContext. To display the condition evaluation report re-run your application with 'debug' enabled.
2025-11-26 16:32:29.309 | ERROR | traceId= | o.s.boot.SpringApplication.reportFailure | Application run failed
org.springframework.beans.factory.BeanCreationException: Error creating bean with name 'entityManagerFactory' defined in class path resource [org/springframework/boot/autoconfigure/orm/jpa/HibernateJpaConfiguration.class]: [PersistenceUnit: default] Unable to build Hibernate SessionFactory; nested exception is org.hibernate.exception.JDBCConnectionException: Unable to open JDBC Connection for DDL execution [Connection to localhost:5432 refused. Check that the hostname and port are correct and that the postmaster is accepting TCP/IP connections.] [n/a]
	at org.springframework.beans.factory.support.AbstractAutowireCapableBeanFactory.initializeBean(AbstractAutowireCapableBeanFactory.java:1826)
	at org.springframework.beans.factory.support.AbstractAutowireCapableBeanFactory.doCreateBean(AbstractAutowireCapableBeanFactory.java:607)
	at org.springframework.beans.factory.support.AbstractAutowireCapableBeanFactory.createBean(AbstractAutowireCapableBeanFactory.java:529)
	at org.springframework.beans.factory.support.AbstractBeanFactory.lambda$doGetBean$0(AbstractBeanFactory.java:339)
	at org.springframework.beans.factory.support.DefaultSingletonBeanRegistry.getSingleton(DefaultSingletonBeanRegistry.java:373)
	at org.springframework.beans.factory.support.AbstractBeanFactory.doGetBean(AbstractBeanFactory.java:337)
	at org.springframework.beans.factory.support.AbstractBeanFactory.getBean(AbstractBeanFactory.java:207)
	at org.springframework.context.support.AbstractApplicationContext.finishBeanFactoryInitialization(AbstractApplicationContext.java:970)
	at org.springframework.context.support.AbstractApplicationContext.refresh(AbstractApplicationContext.java:627)
	at org.springframework.boot.web.servlet.context.ServletWebServerApplicationContext.refresh(ServletWebServerApplicationContext.java:146)
	at org.springframework.boot.SpringApplication.refresh(SpringApplication.java:752)
	at org.springframework.boot.SpringApplication.refreshContext(SpringApplication.java:439)
	at org.springframework.boot.SpringApplication.run(SpringApplication.java:318)
	at org.springframework.boot.SpringApplication.run(SpringApplication.java:1361)
	at org.springframework.boot.SpringApplication.run(SpringApplication.java:1350)
	at com.example.pic.OidcPICApplication.main(OidcPICApplication.java:10)
Caused by: jakarta.persistence.PersistenceException: [PersistenceUnit: default] Unable to build Hibernate SessionFactory; nested exception is org.hibernate.exception.JDBCConnectionException: Unable to open JDBC Connection for DDL execution [Connection to localhost:5432 refused. Check that the hostname and port are correct and that the postmaster is accepting TCP/IP connections.] [n/a]
	at org.springframework.orm.jpa.AbstractEntityManagerFactoryBean.buildNativeEntityManagerFactory(AbstractEntityManagerFactoryBean.java:431)
	at org.springframework.orm.jpa.AbstractEntityManagerFactoryBean.afterPropertiesSet(AbstractEntityManagerFactoryBean.java:400)
	at org.springframework.orm.jpa.LocalContainerEntityManagerFactoryBean.afterPropertiesSet(LocalContainerEntityManagerFactoryBean.java:366)
	at org.springframework.beans.factory.support.AbstractAutowireCapableBeanFactory.invokeInitMethods(AbstractAutowireCapableBeanFactory.java:1873)
	at org.springframework.beans.factory.support.AbstractAutowireCapableBeanFactory.initializeBean(AbstractAutowireCapableBeanFactory.java:1822)
	... 15 common frames omitted
Caused by: org.hibernate.exception.JDBCConnectionException: Unable to open JDBC Connection for DDL execution [Connection to localhost:5432 refused. Check that the hostname and port are correct and that the postmaster is accepting TCP/IP connections.] [n/a]
	at org.hibernate.exception.internal.SQLStateConversionDelegate.convert(SQLStateConversionDelegate.java:100)
	at org.hibernate.exception.internal.StandardSQLExceptionConverter.convert(StandardSQLExceptionConverter.java:58)
	at org.hibernate.engine.jdbc.spi.SqlExceptionHelper.convert(SqlExceptionHelper.java:108)
	at org.hibernate.engine.jdbc.spi.SqlExceptionHelper.convert(SqlExceptionHelper.java:94)
	at org.hibernate.resource.transaction.backend.jdbc.internal.DdlTransactionIsolatorNonJtaImpl.getIsolatedConnection(DdlTransactionIsolatorNonJtaImpl.java:74)
	at org.hibernate.resource.transaction.backend.jdbc.internal.DdlTransactionIsolatorNonJtaImpl.getIsolatedConnection(DdlTransactionIsolatorNonJtaImpl.java:39)
	at org.hibernate.tool.schema.internal.exec.ImprovedExtractionContextImpl.getJdbcConnection(ImprovedExtractionContextImpl.java:63)
	at org.hibernate.tool.schema.extract.spi.ExtractionContext.getQueryResults(ExtractionContext.java:43)
	at org.hibernate.tool.schema.extract.internal.SequenceInformationExtractorLegacyImpl.extractMetadata(SequenceInformationExtractorLegacyImpl.java:39)
	at org.hibernate.tool.schema.extract.internal.DatabaseInformationImpl.initializeSequences(DatabaseInformationImpl.java:66)
	at org.hibernate.tool.schema.extract.internal.DatabaseInformationImpl.<init>(DatabaseInformationImpl.java:60)
	at org.hibernate.tool.schema.internal.Helper.buildDatabaseInformation(Helper.java:185)
	at org.hibernate.tool.schema.internal.AbstractSchemaMigrator.doMigration(AbstractSchemaMigrator.java:93)
	at org.hibernate.tool.schema.spi.SchemaManagementToolCoordinator.performDatabaseAction(SchemaManagementToolCoordinator.java:280)
	at org.hibernate.tool.schema.spi.SchemaManagementToolCoordinator.lambda$process$5(SchemaManagementToolCoordinator.java:144)
	at java.base/java.util.HashMap.forEach(HashMap.java:1429)
	at org.hibernate.tool.schema.spi.SchemaManagementToolCoordinator.process(SchemaManagementToolCoordinator.java:141)
	at org.hibernate.boot.internal.SessionFactoryObserverForSchemaExport.sessionFactoryCreated(SessionFactoryObserverForSchemaExport.java:37)
	at org.hibernate.internal.SessionFactoryObserverChain.sessionFactoryCreated(SessionFactoryObserverChain.java:35)
	at org.hibernate.internal.SessionFactoryImpl.<init>(SessionFactoryImpl.java:324)
	at org.hibernate.boot.internal.SessionFactoryBuilderImpl.build(SessionFactoryBuilderImpl.java:463)
	at org.hibernate.jpa.boot.internal.EntityManagerFactoryBuilderImpl.build(EntityManagerFactoryBuilderImpl.java:1517)
	at org.springframework.orm.jpa.vendor.SpringHibernateJpaPersistenceProvider.createContainerEntityManagerFactory(SpringHibernateJpaPersistenceProvider.java:66)
	at org.springframework.orm.jpa.LocalContainerEntityManagerFactoryBean.createNativeEntityManagerFactory(LocalContainerEntityManagerFactoryBean.java:390)
	at org.springframework.orm.jpa.AbstractEntityManagerFactoryBean.buildNativeEntityManagerFactory(AbstractEntityManagerFactoryBean.java:419)
	... 19 common frames omitted
Caused by: org.postgresql.util.PSQLException: Connection to localhost:5432 refused. Check that the hostname and port are correct and that the postmaster is accepting TCP/IP connections.
	at org.postgresql.core.v3.ConnectionFactoryImpl.openConnectionImpl(ConnectionFactoryImpl.java:373)
	at org.postgresql.core.ConnectionFactory.openConnection(ConnectionFactory.java:57)
	at org.postgresql.jdbc.PgConnection.<init>(PgConnection.java:277)
	at org.postgresql.Driver.makeConnection(Driver.java:448)
	at org.postgresql.Driver.connect(Driver.java:298)
	at com.zaxxer.hikari.util.DriverDataSource.getConnection(DriverDataSource.java:144)
	at com.zaxxer.hikari.pool.PoolBase.newConnection(PoolBase.java:370)
	at com.zaxxer.hikari.pool.PoolBase.newPoolEntry(PoolBase.java:207)
	at com.zaxxer.hikari.pool.HikariPool.createPoolEntry(HikariPool.java:488)
	at com.zaxxer.hikari.pool.HikariPool.checkFailFast(HikariPool.java:576)
	at com.zaxxer.hikari.pool.HikariPool.<init>(HikariPool.java:97)
	at com.zaxxer.hikari.HikariDataSource.getConnection(HikariDataSource.java:111)
	at org.hibernate.engine.jdbc.connections.internal.DatasourceConnectionProviderImpl.getConnection(DatasourceConnectionProviderImpl.java:126)
	at org.hibernate.engine.jdbc.env.internal.JdbcEnvironmentInitiator$ConnectionProviderJdbcConnectionAccess.obtainConnection(JdbcEnvironmentInitiator.java:485)
	at org.hibernate.resource.transaction.backend.jdbc.internal.DdlTransactionIsolatorNonJtaImpl.getIsolatedConnection(DdlTransactionIsolatorNonJtaImpl.java:46)
	... 39 common frames omitted
Caused by: java.net.ConnectException: Connection refused: getsockopt
	at java.base/sun.nio.ch.Net.pollConnect(Native Method)
	at java.base/sun.nio.ch.Net.pollConnectNow(Net.java:682)
	at java.base/sun.nio.ch.NioSocketImpl.timedFinishConnect(NioSocketImpl.java:542)
	at java.base/sun.nio.ch.NioSocketImpl.connect(NioSocketImpl.java:592)
	at java.base/java.net.SocksSocketImpl.connect(SocksSocketImpl.java:327)
	at java.base/java.net.Socket.connect(Socket.java:751)
	at org.postgresql.core.PGStream.createSocket(PGStream.java:261)
	at org.postgresql.core.PGStream.<init>(PGStream.java:122)
	at org.postgresql.core.v3.ConnectionFactoryImpl.tryConnect(ConnectionFactoryImpl.java:146)
	at org.postgresql.core.v3.ConnectionFactoryImpl.openConnectionImpl(ConnectionFactoryImpl.java:289)
	... 53 common frames omitted
2025-11-26 16:33:24.023 | INFO  | traceId= | o.s.boot.StartupInfoLogger.logStarting | Starting OidcPICApplication using Java 21.0.8 with PID 34364 (C:\Users\p10427815\git\OIDC_Demo\OIDC_PIC\target\classes started by p10427815 in C:\Users\p10427815\git\OIDC_Demo\OIDC_PIC)
2025-11-26 16:33:24.027 | INFO  | traceId= | o.s.boot.SpringApplication.logStartupProfileInfo | No active profile set, falling back to 1 default profile: "default"
2025-11-26 16:33:25.023 | INFO  | traceId= | o.s.d.r.c.RepositoryConfigurationDelegate.registerRepositoriesIn | Bootstrapping Spring Data JPA repositories in DEFAULT mode.
2025-11-26 16:33:25.127 | INFO  | traceId= | o.s.d.r.c.RepositoryConfigurationDelegate.registerRepositoriesIn | Finished Spring Data repository scanning in 91 ms. Found 5 JPA repository interfaces.
2025-11-26 16:33:25.953 | INFO  | traceId= | o.s.b.w.e.t.TomcatWebServer.initialize | Tomcat initialized with port 9090 (http)
2025-11-26 16:33:25.973 | INFO  | traceId= | o.a.juli.logging.DirectJDKLog.log | Initializing ProtocolHandler ["http-nio-9090"]
2025-11-26 16:33:25.976 | INFO  | traceId= | o.a.juli.logging.DirectJDKLog.log | Starting service [Tomcat]
2025-11-26 16:33:25.977 | INFO  | traceId= | o.a.juli.logging.DirectJDKLog.log | Starting Servlet engine: [Apache Tomcat/10.1.46]
2025-11-26 16:33:26.115 | INFO  | traceId= | o.a.juli.logging.DirectJDKLog.log | Initializing Spring embedded WebApplicationContext
2025-11-26 16:33:26.116 | INFO  | traceId= | o.s.b.w.s.c.ServletWebServerApplicationContext.prepareWebApplicationContext | Root WebApplicationContext: initialization completed in 2017 ms
2025-11-26 16:33:26.441 | INFO  | traceId= | o.h.j.internal.util.LogHelper.logPersistenceUnitInformation | HHH000204: Processing PersistenceUnitInfo [name: default]
2025-11-26 16:33:26.546 | INFO  | traceId= | org.hibernate.Version.logVersion | HHH000412: Hibernate ORM core version 6.6.29.Final
2025-11-26 16:33:26.605 | INFO  | traceId= | o.h.c.i.RegionFactoryInitiator.initiateService | HHH000026: Second-level cache disabled
2025-11-26 16:33:27.143 | INFO  | traceId= | o.s.o.j.p.SpringPersistenceUnitInfo.addTransformer | No LoadTimeWeaver setup: ignoring JPA class transformer
2025-11-26 16:33:27.225 | INFO  | traceId= | c.z.hikari.HikariDataSource.getConnection | HikariPool-1 - Starting...
2025-11-26 16:33:27.666 | INFO  | traceId= | c.z.hikari.pool.HikariPool.checkFailFast | HikariPool-1 - Added connection org.postgresql.jdbc.PgConnection@70f98f7a
2025-11-26 16:33:27.668 | INFO  | traceId= | c.z.hikari.HikariDataSource.getConnection | HikariPool-1 - Start completed.
2025-11-26 16:33:27.743 | WARN  | traceId= | o.h.e.j.d.i.DialectFactoryImpl.constructDialect | HHH90000025: PostgreSQLDialect does not need to be specified explicitly using 'hibernate.dialect' (remove the property setting and it will be selected by default)
2025-11-26 16:33:27.780 | INFO  | traceId= | o.h.e.j.e.i.JdbcEnvironmentInitiator.logConnectionInfo | HHH10001005: Database info:
	Database JDBC URL [Connecting through datasource 'HikariDataSource (HikariPool-1)']
	Database driver: undefined/unknown
	Database version: 17.5
	Autocommit mode: undefined/unknown
	Isolation level: undefined/unknown
	Minimum pool size: undefined/unknown
	Maximum pool size: undefined/unknown
2025-11-26 16:33:29.207 | INFO  | traceId= | o.h.e.t.j.p.i.JtaPlatformInitiator.initiateService | HHH000489: No JTA platform available (set 'hibernate.transaction.jta.platform' to enable JTA platform integration)
2025-11-26 16:33:29.350 | INFO  | traceId= | o.s.o.j.AbstractEntityManagerFactoryBean.buildNativeEntityManagerFactory | Initialized JPA EntityManagerFactory for persistence unit 'default'
2025-11-26 16:33:30.945 | WARN  | traceId= | o.s.b.a.o.j.JpaBaseConfiguration$JpaWebConfiguration.openEntityManagerInViewInterceptor | spring.jpa.open-in-view is enabled by default. Therefore, database queries may be performed during view rendering. Explicitly configure spring.jpa.open-in-view to disable this warning
2025-11-26 16:33:31.488 | INFO  | traceId= | o.a.juli.logging.DirectJDKLog.log | Starting ProtocolHandler ["http-nio-9090"]
2025-11-26 16:33:31.534 | INFO  | traceId= | o.s.b.w.e.t.TomcatWebServer.start | Tomcat started on port 9090 (http) with context path '/'
2025-11-26 16:33:31.547 | INFO  | traceId= | o.s.boot.StartupInfoLogger.logStarted | Started OidcPICApplication in 8.285 seconds (process running for 9.232)
2025-11-26 16:33:35.001 | INFO  | traceId= | o.a.juli.logging.DirectJDKLog.log | Initializing Spring DispatcherServlet 'dispatcherServlet'
2025-11-26 16:33:35.002 | INFO  | traceId= | o.s.w.servlet.FrameworkServlet.initServletBean | Initializing Servlet 'dispatcherServlet'
2025-11-26 16:33:35.003 | INFO  | traceId= | o.s.w.servlet.FrameworkServlet.initServletBean | Completed initialization in 1 ms
2025-11-26 16:33:35.071 | INFO  | traceId=930d5b8f-e261-4298-9b51-9447186ceac4 | c.e.pic.ServiceImpl.OauthImpl.getAuthUrl | 開始接收授權 url
2025-11-26 16:33:35.305 | INFO  | traceId=930d5b8f-e261-4298-9b51-9447186ceac4 | c.e.pic.ServiceImpl.OauthImpl.tryAutoLogin | 開始驗證是否免登入
2025-11-26 16:33:35.308 | WARN  | traceId=930d5b8f-e261-4298-9b51-9447186ceac4 | c.e.pic.ServiceImpl.OauthImpl.tryAutoLogin | 找不到sessionID
2025-11-26 16:33:38.581 | INFO  | traceId=930d5b8f-e261-4298-9b51-9447186ceac4 | c.e.pic.ServiceImpl.OauthImpl.getAuthUrl | redirect OIDC Server會員登入頁面
2025-11-26 16:33:38.584 | INFO  | traceId=930d5b8f-e261-4298-9b51-9447186ceac4 | c.e.p.c.RequestLogInterceptor.afterCompletion | API: GET /api/oauth/authorize | Status=302 | 耗時=3547ms
2025-11-26 16:33:39.690 | INFO  | traceId=adc0f6d9-40ed-4d89-a216-c7fc8d403cb4 | c.e.p.c.RequestLogInterceptor.afterCompletion | API: GET /api/captcha/generate | Status=200 | 耗時=747ms
2025-11-26 16:34:00.262 | INFO  | traceId=6eddc2e2-bd1b-4cb3-8c82-537dbcd42ae5 | c.e.pic.ServiceImpl.OauthImpl.getAuthUrl | 開始接收授權 url
2025-11-26 16:34:00.267 | INFO  | traceId=6eddc2e2-bd1b-4cb3-8c82-537dbcd42ae5 | c.e.pic.ServiceImpl.OauthImpl.tryAutoLogin | 開始驗證是否免登入
2025-11-26 16:34:00.267 | WARN  | traceId=6eddc2e2-bd1b-4cb3-8c82-537dbcd42ae5 | c.e.pic.ServiceImpl.OauthImpl.tryAutoLogin | 找不到sessionID
2025-11-26 16:34:09.921 | WARN  | traceId=6eddc2e2-bd1b-4cb3-8c82-537dbcd42ae5 | c.z.h.pool.ProxyConnection.checkException | HikariPool-1 - Connection org.postgresql.jdbc.PgConnection@70f98f7a marked as broken because of SQLSTATE(08006), ErrorCode(0)
org.postgresql.util.PSQLException: An I/O error occurred while sending to the backend.
	at org.postgresql.core.v3.QueryExecutorImpl.execute(QueryExecutorImpl.java:399)
	at org.postgresql.jdbc.PgStatement.executeInternal(PgStatement.java:518)
	at org.postgresql.jdbc.PgStatement.execute(PgStatement.java:435)
	at org.postgresql.jdbc.PgPreparedStatement.executeWithFlags(PgPreparedStatement.java:196)
	at org.postgresql.jdbc.PgPreparedStatement.executeUpdate(PgPreparedStatement.java:157)
	at com.zaxxer.hikari.pool.ProxyPreparedStatement.executeUpdate(ProxyPreparedStatement.java:61)
	at com.zaxxer.hikari.pool.HikariProxyPreparedStatement.executeUpdate(HikariProxyPreparedStatement.java)
	at org.hibernate.engine.jdbc.internal.ResultSetReturnImpl.executeUpdate(ResultSetReturnImpl.java:194)
	at org.hibernate.id.insert.GetGeneratedKeysDelegate.performMutation(GetGeneratedKeysDelegate.java:116)
	at org.hibernate.engine.jdbc.mutation.internal.MutationExecutorSingleNonBatched.performNonBatchedOperations(MutationExecutorSingleNonBatched.java:47)
	at org.hibernate.engine.jdbc.mutation.internal.AbstractMutationExecutor.execute(AbstractMutationExecutor.java:55)
	at org.hibernate.persister.entity.mutation.InsertCoordinatorStandard.doStaticInserts(InsertCoordinatorStandard.java:194)
	at org.hibernate.persister.entity.mutation.InsertCoordinatorStandard.coordinateInsert(InsertCoordinatorStandard.java:132)
	at org.hibernate.persister.entity.mutation.InsertCoordinatorStandard.insert(InsertCoordinatorStandard.java:95)
	at org.hibernate.action.internal.EntityIdentityInsertAction.execute(EntityIdentityInsertAction.java:85)
	at org.hibernate.engine.spi.ActionQueue.execute(ActionQueue.java:682)
	at org.hibernate.engine.spi.ActionQueue.addResolvedEntityInsertAction(ActionQueue.java:293)
	at org.hibernate.engine.spi.ActionQueue.addInsertAction(ActionQueue.java:274)
	at org.hibernate.engine.spi.ActionQueue.addAction(ActionQueue.java:324)
	at org.hibernate.event.internal.AbstractSaveEventListener.addInsertAction(AbstractSaveEventListener.java:394)
	at org.hibernate.event.internal.AbstractSaveEventListener.performSaveOrReplicate(AbstractSaveEventListener.java:308)
	at org.hibernate.event.internal.AbstractSaveEventListener.performSave(AbstractSaveEventListener.java:224)
	at org.hibernate.event.internal.AbstractSaveEventListener.saveWithGeneratedId(AbstractSaveEventListener.java:136)
	at org.hibernate.event.internal.DefaultPersistEventListener.entityIsTransient(DefaultPersistEventListener.java:177)
	at org.hibernate.event.internal.DefaultPersistEventListener.persist(DefaultPersistEventListener.java:95)
	at org.hibernate.event.internal.DefaultPersistEventListener.onPersist(DefaultPersistEventListener.java:79)
	at org.hibernate.event.internal.DefaultPersistEventListener.onPersist(DefaultPersistEventListener.java:55)
	at org.hibernate.event.service.internal.EventListenerGroupImpl.fireEventOnEachListener(EventListenerGroupImpl.java:127)
	at org.hibernate.internal.SessionImpl.firePersist(SessionImpl.java:761)
	at org.hibernate.internal.SessionImpl.persist(SessionImpl.java:745)
	at java.base/jdk.internal.reflect.DirectMethodHandleAccessor.invoke(DirectMethodHandleAccessor.java:103)
	at java.base/java.lang.reflect.Method.invoke(Method.java:580)
	at org.springframework.orm.jpa.ExtendedEntityManagerCreator$ExtendedEntityManagerInvocationHandler.invoke(ExtendedEntityManagerCreator.java:364)
	at jdk.proxy2/jdk.proxy2.$Proxy118.persist(Unknown Source)
	at java.base/jdk.internal.reflect.DirectMethodHandleAccessor.invoke(DirectMethodHandleAccessor.java:103)
	at java.base/java.lang.reflect.Method.invoke(Method.java:580)
	at org.springframework.orm.jpa.SharedEntityManagerCreator$SharedEntityManagerInvocationHandler.invoke(SharedEntityManagerCreator.java:320)
	at jdk.proxy2/jdk.proxy2.$Proxy118.persist(Unknown Source)
	at org.springframework.data.jpa.repository.support.SimpleJpaRepository.save(SimpleJpaRepository.java:654)
	at java.base/jdk.internal.reflect.DirectMethodHandleAccessor.invoke(DirectMethodHandleAccessor.java:103)
	at java.base/java.lang.reflect.Method.invoke(Method.java:580)
	at org.springframework.aop.support.AopUtils.invokeJoinpointUsingReflection(AopUtils.java:360)
	at org.springframework.data.repository.core.support.RepositoryMethodInvoker$RepositoryFragmentMethodInvoker.lambda$new$0(RepositoryMethodInvoker.java:277)
	at org.springframework.data.repository.core.support.RepositoryMethodInvoker.doInvoke(RepositoryMethodInvoker.java:170)
	at org.springframework.data.repository.core.support.RepositoryMethodInvoker.invoke(RepositoryMethodInvoker.java:158)
	at org.springframework.data.repository.core.support.RepositoryComposition$RepositoryFragments.invoke(RepositoryComposition.java:515)
	at org.springframework.data.repository.core.support.RepositoryComposition.invoke(RepositoryComposition.java:284)
	at org.springframework.data.repository.core.support.RepositoryFactorySupport$ImplementationMethodExecutionInterceptor.invoke(RepositoryFactorySupport.java:734)
	at org.springframework.aop.framework.ReflectiveMethodInvocation.proceed(ReflectiveMethodInvocation.java:184)
	at org.springframework.data.repository.core.support.QueryExecutorMethodInterceptor.doInvoke(QueryExecutorMethodInterceptor.java:174)
	at org.springframework.data.repository.core.support.QueryExecutorMethodInterceptor.invoke(QueryExecutorMethodInterceptor.java:149)
	at org.springframework.aop.framework.ReflectiveMethodInvocation.proceed(ReflectiveMethodInvocation.java:184)
	at org.springframework.data.projection.DefaultMethodInvokingMethodInterceptor.invoke(DefaultMethodInvokingMethodInterceptor.java:69)
	at org.springframework.aop.framework.ReflectiveMethodInvocation.proceed(ReflectiveMethodInvocation.java:184)
	at org.springframework.transaction.interceptor.TransactionAspectSupport.invokeWithinTransaction(TransactionAspectSupport.java:380)
	at org.springframework.transaction.interceptor.TransactionInterceptor.invoke(TransactionInterceptor.java:119)
	at org.springframework.aop.framework.ReflectiveMethodInvocation.proceed(ReflectiveMethodInvocation.java:184)
	at org.springframework.dao.support.PersistenceExceptionTranslationInterceptor.invoke(PersistenceExceptionTranslationInterceptor.java:138)
	at org.springframework.aop.framework.ReflectiveMethodInvocation.proceed(ReflectiveMethodInvocation.java:184)
	at org.springframework.data.jpa.repository.support.CrudMethodMetadataPostProcessor$CrudMethodMetadataPopulatingMethodInterceptor.invoke(CrudMethodMetadataPostProcessor.java:165)
	at org.springframework.aop.framework.ReflectiveMethodInvocation.proceed(ReflectiveMethodInvocation.java:184)
	at org.springframework.aop.framework.JdkDynamicAopProxy.invoke(JdkDynamicAopProxy.java:223)
	at jdk.proxy2/jdk.proxy2.$Proxy126.save(Unknown Source)
	at com.example.pic.ServiceImpl.OauthImpl.getAuthUrl(OauthImpl.java:170)
	at java.base/jdk.internal.reflect.DirectMethodHandleAccessor.invoke(DirectMethodHandleAccessor.java:103)
	at java.base/java.lang.reflect.Method.invoke(Method.java:580)
	at org.springframework.aop.support.AopUtils.invokeJoinpointUsingReflection(AopUtils.java:360)
	at org.springframework.aop.framework.CglibAopProxy$DynamicAdvisedInterceptor.intercept(CglibAopProxy.java:724)
	at com.example.pic.ServiceImpl.OauthImpl$$SpringCGLIB$$0.getAuthUrl(<generated>)
	at com.example.pic.Controller.OidcController.getAuthCode(OidcController.java:63)
	at java.base/jdk.internal.reflect.DirectMethodHandleAccessor.invoke(DirectMethodHandleAccessor.java:103)
	at java.base/java.lang.reflect.Method.invoke(Method.java:580)
	at org.springframework.web.method.support.InvocableHandlerMethod.doInvoke(InvocableHandlerMethod.java:258)
	at org.springframework.web.method.support.InvocableHandlerMethod.invokeForRequest(InvocableHandlerMethod.java:191)
	at org.springframework.web.servlet.mvc.method.annotation.ServletInvocableHandlerMethod.invokeAndHandle(ServletInvocableHandlerMethod.java:118)
	at org.springframework.web.servlet.mvc.method.annotation.RequestMappingHandlerAdapter.invokeHandlerMethod(RequestMappingHandlerAdapter.java:991)
	at org.springframework.web.servlet.mvc.method.annotation.RequestMappingHandlerAdapter.handleInternal(RequestMappingHandlerAdapter.java:896)
	at org.springframework.web.servlet.mvc.method.AbstractHandlerMethodAdapter.handle(AbstractHandlerMethodAdapter.java:87)
	at org.springframework.web.servlet.DispatcherServlet.doDispatch(DispatcherServlet.java:1089)
	at org.springframework.web.servlet.DispatcherServlet.doService(DispatcherServlet.java:979)
	at org.springframework.web.servlet.FrameworkServlet.processRequest(FrameworkServlet.java:1014)
	at org.springframework.web.servlet.FrameworkServlet.doGet(FrameworkServlet.java:903)
	at jakarta.servlet.http.HttpServlet.service(HttpServlet.java:564)
	at org.springframework.web.servlet.FrameworkServlet.service(FrameworkServlet.java:885)
	at jakarta.servlet.http.HttpServlet.service(HttpServlet.java:658)
	at org.apache.catalina.core.ApplicationFilterChain.internalDoFilter(ApplicationFilterChain.java:195)
	at org.apache.catalina.core.ApplicationFilterChain.doFilter(ApplicationFilterChain.java:140)
	at org.apache.tomcat.websocket.server.WsFilter.doFilter(WsFilter.java:51)
	at org.apache.catalina.core.ApplicationFilterChain.internalDoFilter(ApplicationFilterChain.java:164)
	at org.apache.catalina.core.ApplicationFilterChain.doFilter(ApplicationFilterChain.java:140)
	at com.example.pic.config.TraceIdFilter.doFilter(TraceIdFilter.java:29)
	at org.apache.catalina.core.ApplicationFilterChain.internalDoFilter(ApplicationFilterChain.java:164)
	at org.apache.catalina.core.ApplicationFilterChain.doFilter(ApplicationFilterChain.java:140)
	at org.springframework.web.filter.RequestContextFilter.doFilterInternal(RequestContextFilter.java:100)
	at org.springframework.web.filter.OncePerRequestFilter.doFilter(OncePerRequestFilter.java:116)
	at org.apache.catalina.core.ApplicationFilterChain.internalDoFilter(ApplicationFilterChain.java:164)
	at org.apache.catalina.core.ApplicationFilterChain.doFilter(ApplicationFilterChain.java:140)
	at org.springframework.web.filter.FormContentFilter.doFilterInternal(FormContentFilter.java:93)
	at org.springframework.web.filter.OncePerRequestFilter.doFilter(OncePerRequestFilter.java:116)
	at org.apache.catalina.core.ApplicationFilterChain.internalDoFilter(ApplicationFilterChain.java:164)
	at org.apache.catalina.core.ApplicationFilterChain.doFilter(ApplicationFilterChain.java:140)
	at org.springframework.web.filter.CharacterEncodingFilter.doFilterInternal(CharacterEncodingFilter.java:201)
	at org.springframework.web.filter.OncePerRequestFilter.doFilter(OncePerRequestFilter.java:116)
	at org.apache.catalina.core.ApplicationFilterChain.internalDoFilter(ApplicationFilterChain.java:164)
	at org.apache.catalina.core.ApplicationFilterChain.doFilter(ApplicationFilterChain.java:140)
	at org.apache.catalina.core.StandardWrapperValve.invoke(StandardWrapperValve.java:167)
	at org.apache.catalina.core.StandardContextValve.invoke(StandardContextValve.java:90)
	at org.apache.catalina.authenticator.AuthenticatorBase.invoke(AuthenticatorBase.java:483)
	at org.apache.catalina.core.StandardHostValve.invoke(StandardHostValve.java:116)
	at org.apache.catalina.valves.ErrorReportValve.invoke(ErrorReportValve.java:93)
	at org.apache.catalina.core.StandardEngineValve.invoke(StandardEngineValve.java:74)
	at org.apache.catalina.connector.CoyoteAdapter.service(CoyoteAdapter.java:344)
	at org.apache.coyote.http11.Http11Processor.service(Http11Processor.java:398)
	at org.apache.coyote.AbstractProcessorLight.process(AbstractProcessorLight.java:63)
	at org.apache.coyote.AbstractProtocol$ConnectionHandler.process(AbstractProtocol.java:903)
	at org.apache.tomcat.util.net.NioEndpoint$SocketProcessor.doRun(NioEndpoint.java:1776)
	at org.apache.tomcat.util.net.SocketProcessorBase.run(SocketProcessorBase.java:52)
	at org.apache.tomcat.util.threads.ThreadPoolExecutor.runWorker(ThreadPoolExecutor.java:975)
	at org.apache.tomcat.util.threads.ThreadPoolExecutor$Worker.run(ThreadPoolExecutor.java:493)
	at org.apache.tomcat.util.threads.TaskThread$WrappingRunnable.run(TaskThread.java:63)
	at java.base/java.lang.Thread.run(Thread.java:1583)
Caused by: java.net.SocketException: Connection reset by peer
	at java.base/sun.nio.ch.SocketDispatcher.write0(Native Method)
	at java.base/sun.nio.ch.SocketDispatcher.write(SocketDispatcher.java:54)
	at java.base/sun.nio.ch.NioSocketImpl.tryWrite(NioSocketImpl.java:394)
	at java.base/sun.nio.ch.NioSocketImpl.implWrite(NioSocketImpl.java:410)
	at java.base/sun.nio.ch.NioSocketImpl.write(NioSocketImpl.java:440)
	at java.base/sun.nio.ch.NioSocketImpl$2.write(NioSocketImpl.java:819)
	at java.base/java.net.Socket$SocketOutputStream.write(Socket.java:1195)
	at org.postgresql.util.internal.PgBufferedOutputStream.flushBuffer(PgBufferedOutputStream.java:41)
	at org.postgresql.util.internal.PgBufferedOutputStream.flush(PgBufferedOutputStream.java:48)
	at org.postgresql.core.PGStream.flush(PGStream.java:708)
	at org.postgresql.core.v3.QueryExecutorImpl.sendSimpleQuery(QueryExecutorImpl.java:2063)
	at org.postgresql.core.v3.QueryExecutorImpl.sendOneQuery(QueryExecutorImpl.java:1944)
	at org.postgresql.core.v3.QueryExecutorImpl.sendQueryPreamble(QueryExecutorImpl.java:624)
	at org.postgresql.core.v3.QueryExecutorImpl.execute(QueryExecutorImpl.java:362)
	... 120 common frames omitted
2025-11-26 16:34:09.926 | WARN  | traceId=6eddc2e2-bd1b-4cb3-8c82-537dbcd42ae5 | o.h.e.j.spi.SqlExceptionHelper.logExceptions | SQL Error: 0, SQLState: 08006
2025-11-26 16:34:09.927 | ERROR | traceId=6eddc2e2-bd1b-4cb3-8c82-537dbcd42ae5 | o.h.e.j.spi.SqlExceptionHelper.logExceptions | An I/O error occurred while sending to the backend.
2025-11-26 16:34:09.946 | ERROR | traceId=6eddc2e2-bd1b-4cb3-8c82-537dbcd42ae5 | o.s.t.i.TransactionAspectSupport.completeTransactionAfterThrowing | Application exception overridden by rollback exception
org.hibernate.exception.JDBCConnectionException: could not execute statement [An I/O error occurred while sending to the backend.] [insert into oauth_authorize_request (client_id,code_challenge,code_challenge_method,created_at,redirect_uri,scope,state) values (?,?,?,?,?,?,?)]
	at org.hibernate.exception.internal.SQLStateConversionDelegate.convert(SQLStateConversionDelegate.java:100)
	at org.hibernate.exception.internal.StandardSQLExceptionConverter.convert(StandardSQLExceptionConverter.java:58)
	at org.hibernate.engine.jdbc.spi.SqlExceptionHelper.convert(SqlExceptionHelper.java:108)
	at org.hibernate.engine.jdbc.internal.ResultSetReturnImpl.executeUpdate(ResultSetReturnImpl.java:197)
	at org.hibernate.id.insert.GetGeneratedKeysDelegate.performMutation(GetGeneratedKeysDelegate.java:116)
	at org.hibernate.engine.jdbc.mutation.internal.MutationExecutorSingleNonBatched.performNonBatchedOperations(MutationExecutorSingleNonBatched.java:47)
	at org.hibernate.engine.jdbc.mutation.internal.AbstractMutationExecutor.execute(AbstractMutationExecutor.java:55)
	at org.hibernate.persister.entity.mutation.InsertCoordinatorStandard.doStaticInserts(InsertCoordinatorStandard.java:194)
	at org.hibernate.persister.entity.mutation.InsertCoordinatorStandard.coordinateInsert(InsertCoordinatorStandard.java:132)
	at org.hibernate.persister.entity.mutation.InsertCoordinatorStandard.insert(InsertCoordinatorStandard.java:95)
	at org.hibernate.action.internal.EntityIdentityInsertAction.execute(EntityIdentityInsertAction.java:85)
	at org.hibernate.engine.spi.ActionQueue.execute(ActionQueue.java:682)
	at org.hibernate.engine.spi.ActionQueue.addResolvedEntityInsertAction(ActionQueue.java:293)
	at org.hibernate.engine.spi.ActionQueue.addInsertAction(ActionQueue.java:274)
	at org.hibernate.engine.spi.ActionQueue.addAction(ActionQueue.java:324)
	at org.hibernate.event.internal.AbstractSaveEventListener.addInsertAction(AbstractSaveEventListener.java:394)
	at org.hibernate.event.internal.AbstractSaveEventListener.performSaveOrReplicate(AbstractSaveEventListener.java:308)
	at org.hibernate.event.internal.AbstractSaveEventListener.performSave(AbstractSaveEventListener.java:224)
	at org.hibernate.event.internal.AbstractSaveEventListener.saveWithGeneratedId(AbstractSaveEventListener.java:136)
	at org.hibernate.event.internal.DefaultPersistEventListener.entityIsTransient(DefaultPersistEventListener.java:177)
	at org.hibernate.event.internal.DefaultPersistEventListener.persist(DefaultPersistEventListener.java:95)
	at org.hibernate.event.internal.DefaultPersistEventListener.onPersist(DefaultPersistEventListener.java:79)
	at org.hibernate.event.internal.DefaultPersistEventListener.onPersist(DefaultPersistEventListener.java:55)
	at org.hibernate.event.service.internal.EventListenerGroupImpl.fireEventOnEachListener(EventListenerGroupImpl.java:127)
	at org.hibernate.internal.SessionImpl.firePersist(SessionImpl.java:761)
	at org.hibernate.internal.SessionImpl.persist(SessionImpl.java:745)
	at java.base/jdk.internal.reflect.DirectMethodHandleAccessor.invoke(DirectMethodHandleAccessor.java:103)
	at java.base/java.lang.reflect.Method.invoke(Method.java:580)
	at org.springframework.orm.jpa.ExtendedEntityManagerCreator$ExtendedEntityManagerInvocationHandler.invoke(ExtendedEntityManagerCreator.java:364)
	at jdk.proxy2/jdk.proxy2.$Proxy118.persist(Unknown Source)
	at java.base/jdk.internal.reflect.DirectMethodHandleAccessor.invoke(DirectMethodHandleAccessor.java:103)
	at java.base/java.lang.reflect.Method.invoke(Method.java:580)
	at org.springframework.orm.jpa.SharedEntityManagerCreator$SharedEntityManagerInvocationHandler.invoke(SharedEntityManagerCreator.java:320)
	at jdk.proxy2/jdk.proxy2.$Proxy118.persist(Unknown Source)
	at org.springframework.data.jpa.repository.support.SimpleJpaRepository.save(SimpleJpaRepository.java:654)
	at java.base/jdk.internal.reflect.DirectMethodHandleAccessor.invoke(DirectMethodHandleAccessor.java:103)
	at java.base/java.lang.reflect.Method.invoke(Method.java:580)
	at org.springframework.aop.support.AopUtils.invokeJoinpointUsingReflection(AopUtils.java:360)
	at org.springframework.data.repository.core.support.RepositoryMethodInvoker$RepositoryFragmentMethodInvoker.lambda$new$0(RepositoryMethodInvoker.java:277)
	at org.springframework.data.repository.core.support.RepositoryMethodInvoker.doInvoke(RepositoryMethodInvoker.java:170)
	at org.springframework.data.repository.core.support.RepositoryMethodInvoker.invoke(RepositoryMethodInvoker.java:158)
	at org.springframework.data.repository.core.support.RepositoryComposition$RepositoryFragments.invoke(RepositoryComposition.java:515)
	at org.springframework.data.repository.core.support.RepositoryComposition.invoke(RepositoryComposition.java:284)
	at org.springframework.data.repository.core.support.RepositoryFactorySupport$ImplementationMethodExecutionInterceptor.invoke(RepositoryFactorySupport.java:734)
	at org.springframework.aop.framework.ReflectiveMethodInvocation.proceed(ReflectiveMethodInvocation.java:184)
	at org.springframework.data.repository.core.support.QueryExecutorMethodInterceptor.doInvoke(QueryExecutorMethodInterceptor.java:174)
	at org.springframework.data.repository.core.support.QueryExecutorMethodInterceptor.invoke(QueryExecutorMethodInterceptor.java:149)
	at org.springframework.aop.framework.ReflectiveMethodInvocation.proceed(ReflectiveMethodInvocation.java:184)
	at org.springframework.data.projection.DefaultMethodInvokingMethodInterceptor.invoke(DefaultMethodInvokingMethodInterceptor.java:69)
	at org.springframework.aop.framework.ReflectiveMethodInvocation.proceed(ReflectiveMethodInvocation.java:184)
	at org.springframework.transaction.interceptor.TransactionAspectSupport.invokeWithinTransaction(TransactionAspectSupport.java:380)
	at org.springframework.transaction.interceptor.TransactionInterceptor.invoke(TransactionInterceptor.java:119)
	at org.springframework.aop.framework.ReflectiveMethodInvocation.proceed(ReflectiveMethodInvocation.java:184)
	at org.springframework.dao.support.PersistenceExceptionTranslationInterceptor.invoke(PersistenceExceptionTranslationInterceptor.java:138)
	at org.springframework.aop.framework.ReflectiveMethodInvocation.proceed(ReflectiveMethodInvocation.java:184)
	at org.springframework.data.jpa.repository.support.CrudMethodMetadataPostProcessor$CrudMethodMetadataPopulatingMethodInterceptor.invoke(CrudMethodMetadataPostProcessor.java:165)
	at org.springframework.aop.framework.ReflectiveMethodInvocation.proceed(ReflectiveMethodInvocation.java:184)
	at org.springframework.aop.framework.JdkDynamicAopProxy.invoke(JdkDynamicAopProxy.java:223)
	at jdk.proxy2/jdk.proxy2.$Proxy126.save(Unknown Source)
	at com.example.pic.ServiceImpl.OauthImpl.getAuthUrl(OauthImpl.java:170)
	at java.base/jdk.internal.reflect.DirectMethodHandleAccessor.invoke(DirectMethodHandleAccessor.java:103)
	at java.base/java.lang.reflect.Method.invoke(Method.java:580)
	at org.springframework.aop.support.AopUtils.invokeJoinpointUsingReflection(AopUtils.java:360)
	at org.springframework.aop.framework.CglibAopProxy$DynamicAdvisedInterceptor.intercept(CglibAopProxy.java:724)
	at com.example.pic.ServiceImpl.OauthImpl$$SpringCGLIB$$0.getAuthUrl(<generated>)
	at com.example.pic.Controller.OidcController.getAuthCode(OidcController.java:63)
	at java.base/jdk.internal.reflect.DirectMethodHandleAccessor.invoke(DirectMethodHandleAccessor.java:103)
	at java.base/java.lang.reflect.Method.invoke(Method.java:580)
	at org.springframework.web.method.support.InvocableHandlerMethod.doInvoke(InvocableHandlerMethod.java:258)
	at org.springframework.web.method.support.InvocableHandlerMethod.invokeForRequest(InvocableHandlerMethod.java:191)
	at org.springframework.web.servlet.mvc.method.annotation.ServletInvocableHandlerMethod.invokeAndHandle(ServletInvocableHandlerMethod.java:118)
	at org.springframework.web.servlet.mvc.method.annotation.RequestMappingHandlerAdapter.invokeHandlerMethod(RequestMappingHandlerAdapter.java:991)
	at org.springframework.web.servlet.mvc.method.annotation.RequestMappingHandlerAdapter.handleInternal(RequestMappingHandlerAdapter.java:896)
	at org.springframework.web.servlet.mvc.method.AbstractHandlerMethodAdapter.handle(AbstractHandlerMethodAdapter.java:87)
	at org.springframework.web.servlet.DispatcherServlet.doDispatch(DispatcherServlet.java:1089)
	at org.springframework.web.servlet.DispatcherServlet.doService(DispatcherServlet.java:979)
	at org.springframework.web.servlet.FrameworkServlet.processRequest(FrameworkServlet.java:1014)
	at org.springframework.web.servlet.FrameworkServlet.doGet(FrameworkServlet.java:903)
	at jakarta.servlet.http.HttpServlet.service(HttpServlet.java:564)
	at org.springframework.web.servlet.FrameworkServlet.service(FrameworkServlet.java:885)
	at jakarta.servlet.http.HttpServlet.service(HttpServlet.java:658)
	at org.apache.catalina.core.ApplicationFilterChain.internalDoFilter(ApplicationFilterChain.java:195)
	at org.apache.catalina.core.ApplicationFilterChain.doFilter(ApplicationFilterChain.java:140)
	at org.apache.tomcat.websocket.server.WsFilter.doFilter(WsFilter.java:51)
	at org.apache.catalina.core.ApplicationFilterChain.internalDoFilter(ApplicationFilterChain.java:164)
	at org.apache.catalina.core.ApplicationFilterChain.doFilter(ApplicationFilterChain.java:140)
	at com.example.pic.config.TraceIdFilter.doFilter(TraceIdFilter.java:29)
	at org.apache.catalina.core.ApplicationFilterChain.internalDoFilter(ApplicationFilterChain.java:164)
	at org.apache.catalina.core.ApplicationFilterChain.doFilter(ApplicationFilterChain.java:140)
	at org.springframework.web.filter.RequestContextFilter.doFilterInternal(RequestContextFilter.java:100)
	at org.springframework.web.filter.OncePerRequestFilter.doFilter(OncePerRequestFilter.java:116)
	at org.apache.catalina.core.ApplicationFilterChain.internalDoFilter(ApplicationFilterChain.java:164)
	at org.apache.catalina.core.ApplicationFilterChain.doFilter(ApplicationFilterChain.java:140)
	at org.springframework.web.filter.FormContentFilter.doFilterInternal(FormContentFilter.java:93)
	at org.springframework.web.filter.OncePerRequestFilter.doFilter(OncePerRequestFilter.java:116)
	at org.apache.catalina.core.ApplicationFilterChain.internalDoFilter(ApplicationFilterChain.java:164)
	at org.apache.catalina.core.ApplicationFilterChain.doFilter(ApplicationFilterChain.java:140)
	at org.springframework.web.filter.CharacterEncodingFilter.doFilterInternal(CharacterEncodingFilter.java:201)
	at org.springframework.web.filter.OncePerRequestFilter.doFilter(OncePerRequestFilter.java:116)
	at org.apache.catalina.core.ApplicationFilterChain.internalDoFilter(ApplicationFilterChain.java:164)
	at org.apache.catalina.core.ApplicationFilterChain.doFilter(ApplicationFilterChain.java:140)
	at org.apache.catalina.core.StandardWrapperValve.invoke(StandardWrapperValve.java:167)
	at org.apache.catalina.core.StandardContextValve.invoke(StandardContextValve.java:90)
	at org.apache.catalina.authenticator.AuthenticatorBase.invoke(AuthenticatorBase.java:483)
	at org.apache.catalina.core.StandardHostValve.invoke(StandardHostValve.java:116)
	at org.apache.catalina.valves.ErrorReportValve.invoke(ErrorReportValve.java:93)
	at org.apache.catalina.core.StandardEngineValve.invoke(StandardEngineValve.java:74)
	at org.apache.catalina.connector.CoyoteAdapter.service(CoyoteAdapter.java:344)
	at org.apache.coyote.http11.Http11Processor.service(Http11Processor.java:398)
	at org.apache.coyote.AbstractProcessorLight.process(AbstractProcessorLight.java:63)
	at org.apache.coyote.AbstractProtocol$ConnectionHandler.process(AbstractProtocol.java:903)
	at org.apache.tomcat.util.net.NioEndpoint$SocketProcessor.doRun(NioEndpoint.java:1776)
	at org.apache.tomcat.util.net.SocketProcessorBase.run(SocketProcessorBase.java:52)
	at org.apache.tomcat.util.threads.ThreadPoolExecutor.runWorker(ThreadPoolExecutor.java:975)
	at org.apache.tomcat.util.threads.ThreadPoolExecutor$Worker.run(ThreadPoolExecutor.java:493)
	at org.apache.tomcat.util.threads.TaskThread$WrappingRunnable.run(TaskThread.java:63)
	at java.base/java.lang.Thread.run(Thread.java:1583)
Caused by: org.postgresql.util.PSQLException: An I/O error occurred while sending to the backend.
	at org.postgresql.core.v3.QueryExecutorImpl.execute(QueryExecutorImpl.java:399)
	at org.postgresql.jdbc.PgStatement.executeInternal(PgStatement.java:518)
	at org.postgresql.jdbc.PgStatement.execute(PgStatement.java:435)
	at org.postgresql.jdbc.PgPreparedStatement.executeWithFlags(PgPreparedStatement.java:196)
	at org.postgresql.jdbc.PgPreparedStatement.executeUpdate(PgPreparedStatement.java:157)
	at com.zaxxer.hikari.pool.ProxyPreparedStatement.executeUpdate(ProxyPreparedStatement.java:61)
	at com.zaxxer.hikari.pool.HikariProxyPreparedStatement.executeUpdate(HikariProxyPreparedStatement.java)
	at org.hibernate.engine.jdbc.internal.ResultSetReturnImpl.executeUpdate(ResultSetReturnImpl.java:194)
	... 113 common frames omitted
Caused by: java.net.SocketException: Connection reset by peer
	at java.base/sun.nio.ch.SocketDispatcher.write0(Native Method)
	at java.base/sun.nio.ch.SocketDispatcher.write(SocketDispatcher.java:54)
	at java.base/sun.nio.ch.NioSocketImpl.tryWrite(NioSocketImpl.java:394)
	at java.base/sun.nio.ch.NioSocketImpl.implWrite(NioSocketImpl.java:410)
	at java.base/sun.nio.ch.NioSocketImpl.write(NioSocketImpl.java:440)
	at java.base/sun.nio.ch.NioSocketImpl$2.write(NioSocketImpl.java:819)
	at java.base/java.net.Socket$SocketOutputStream.write(Socket.java:1195)
	at org.postgresql.util.internal.PgBufferedOutputStream.flushBuffer(PgBufferedOutputStream.java:41)
	at org.postgresql.util.internal.PgBufferedOutputStream.flush(PgBufferedOutputStream.java:48)
	at org.postgresql.core.PGStream.flush(PGStream.java:708)
	at org.postgresql.core.v3.QueryExecutorImpl.sendSimpleQuery(QueryExecutorImpl.java:2063)
	at org.postgresql.core.v3.QueryExecutorImpl.sendOneQuery(QueryExecutorImpl.java:1944)
	at org.postgresql.core.v3.QueryExecutorImpl.sendQueryPreamble(QueryExecutorImpl.java:624)
	at org.postgresql.core.v3.QueryExecutorImpl.execute(QueryExecutorImpl.java:362)
	... 120 common frames omitted
2025-11-26 16:34:09.949 | ERROR | traceId=6eddc2e2-bd1b-4cb3-8c82-537dbcd42ae5 | c.e.pic.ServiceImpl.OauthImpl.getAuthUrl | 寫入 OauthAuthorizeRequestTb 發生錯誤
org.springframework.orm.jpa.JpaSystemException: Unable to rollback against JDBC Connection
	at org.springframework.orm.jpa.vendor.HibernateJpaDialect.convertHibernateAccessException(HibernateJpaDialect.java:348)
	at org.springframework.orm.jpa.vendor.HibernateJpaDialect.convertHibernateAccessException(HibernateJpaDialect.java:256)
	at org.springframework.orm.jpa.vendor.HibernateJpaDialect.translateExceptionIfPossible(HibernateJpaDialect.java:241)
	at org.springframework.orm.jpa.JpaTransactionManager.doRollback(JpaTransactionManager.java:594)
	at org.springframework.transaction.support.AbstractPlatformTransactionManager.processRollback(AbstractPlatformTransactionManager.java:897)
	at org.springframework.transaction.support.AbstractPlatformTransactionManager.rollback(AbstractPlatformTransactionManager.java:866)
	at org.springframework.transaction.interceptor.TransactionAspectSupport.completeTransactionAfterThrowing(TransactionAspectSupport.java:716)
	at org.springframework.transaction.interceptor.TransactionAspectSupport.invokeWithinTransaction(TransactionAspectSupport.java:384)
	at org.springframework.transaction.interceptor.TransactionInterceptor.invoke(TransactionInterceptor.java:119)
	at org.springframework.aop.framework.ReflectiveMethodInvocation.proceed(ReflectiveMethodInvocation.java:184)
	at org.springframework.dao.support.PersistenceExceptionTranslationInterceptor.invoke(PersistenceExceptionTranslationInterceptor.java:138)
	at org.springframework.aop.framework.ReflectiveMethodInvocation.proceed(ReflectiveMethodInvocation.java:184)
	at org.springframework.data.jpa.repository.support.CrudMethodMetadataPostProcessor$CrudMethodMetadataPopulatingMethodInterceptor.invoke(CrudMethodMetadataPostProcessor.java:165)
	at org.springframework.aop.framework.ReflectiveMethodInvocation.proceed(ReflectiveMethodInvocation.java:184)
	at org.springframework.aop.framework.JdkDynamicAopProxy.invoke(JdkDynamicAopProxy.java:223)
	at jdk.proxy2/jdk.proxy2.$Proxy126.save(Unknown Source)
	at com.example.pic.ServiceImpl.OauthImpl.getAuthUrl(OauthImpl.java:170)
	at java.base/jdk.internal.reflect.DirectMethodHandleAccessor.invoke(DirectMethodHandleAccessor.java:103)
	at java.base/java.lang.reflect.Method.invoke(Method.java:580)
	at org.springframework.aop.support.AopUtils.invokeJoinpointUsingReflection(AopUtils.java:360)
	at org.springframework.aop.framework.CglibAopProxy$DynamicAdvisedInterceptor.intercept(CglibAopProxy.java:724)
	at com.example.pic.ServiceImpl.OauthImpl$$SpringCGLIB$$0.getAuthUrl(<generated>)
	at com.example.pic.Controller.OidcController.getAuthCode(OidcController.java:63)
	at java.base/jdk.internal.reflect.DirectMethodHandleAccessor.invoke(DirectMethodHandleAccessor.java:103)
	at java.base/java.lang.reflect.Method.invoke(Method.java:580)
	at org.springframework.web.method.support.InvocableHandlerMethod.doInvoke(InvocableHandlerMethod.java:258)
	at org.springframework.web.method.support.InvocableHandlerMethod.invokeForRequest(InvocableHandlerMethod.java:191)
	at org.springframework.web.servlet.mvc.method.annotation.ServletInvocableHandlerMethod.invokeAndHandle(ServletInvocableHandlerMethod.java:118)
	at org.springframework.web.servlet.mvc.method.annotation.RequestMappingHandlerAdapter.invokeHandlerMethod(RequestMappingHandlerAdapter.java:991)
	at org.springframework.web.servlet.mvc.method.annotation.RequestMappingHandlerAdapter.handleInternal(RequestMappingHandlerAdapter.java:896)
	at org.springframework.web.servlet.mvc.method.AbstractHandlerMethodAdapter.handle(AbstractHandlerMethodAdapter.java:87)
	at org.springframework.web.servlet.DispatcherServlet.doDispatch(DispatcherServlet.java:1089)
	at org.springframework.web.servlet.DispatcherServlet.doService(DispatcherServlet.java:979)
	at org.springframework.web.servlet.FrameworkServlet.processRequest(FrameworkServlet.java:1014)
	at org.springframework.web.servlet.FrameworkServlet.doGet(FrameworkServlet.java:903)
	at jakarta.servlet.http.HttpServlet.service(HttpServlet.java:564)
	at org.springframework.web.servlet.FrameworkServlet.service(FrameworkServlet.java:885)
	at jakarta.servlet.http.HttpServlet.service(HttpServlet.java:658)
	at org.apache.catalina.core.ApplicationFilterChain.internalDoFilter(ApplicationFilterChain.java:195)
	at org.apache.catalina.core.ApplicationFilterChain.doFilter(ApplicationFilterChain.java:140)
	at org.apache.tomcat.websocket.server.WsFilter.doFilter(WsFilter.java:51)
	at org.apache.catalina.core.ApplicationFilterChain.internalDoFilter(ApplicationFilterChain.java:164)
	at org.apache.catalina.core.ApplicationFilterChain.doFilter(ApplicationFilterChain.java:140)
	at com.example.pic.config.TraceIdFilter.doFilter(TraceIdFilter.java:29)
	at org.apache.catalina.core.ApplicationFilterChain.internalDoFilter(ApplicationFilterChain.java:164)
	at org.apache.catalina.core.ApplicationFilterChain.doFilter(ApplicationFilterChain.java:140)
	at org.springframework.web.filter.RequestContextFilter.doFilterInternal(RequestContextFilter.java:100)
	at org.springframework.web.filter.OncePerRequestFilter.doFilter(OncePerRequestFilter.java:116)
	at org.apache.catalina.core.ApplicationFilterChain.internalDoFilter(ApplicationFilterChain.java:164)
	at org.apache.catalina.core.ApplicationFilterChain.doFilter(ApplicationFilterChain.java:140)
	at org.springframework.web.filter.FormContentFilter.doFilterInternal(FormContentFilter.java:93)
	at org.springframework.web.filter.OncePerRequestFilter.doFilter(OncePerRequestFilter.java:116)
	at org.apache.catalina.core.ApplicationFilterChain.internalDoFilter(ApplicationFilterChain.java:164)
	at org.apache.catalina.core.ApplicationFilterChain.doFilter(ApplicationFilterChain.java:140)
	at org.springframework.web.filter.CharacterEncodingFilter.doFilterInternal(CharacterEncodingFilter.java:201)
	at org.springframework.web.filter.OncePerRequestFilter.doFilter(OncePerRequestFilter.java:116)
	at org.apache.catalina.core.ApplicationFilterChain.internalDoFilter(ApplicationFilterChain.java:164)
	at org.apache.catalina.core.ApplicationFilterChain.doFilter(ApplicationFilterChain.java:140)
	at org.apache.catalina.core.StandardWrapperValve.invoke(StandardWrapperValve.java:167)
	at org.apache.catalina.core.StandardContextValve.invoke(StandardContextValve.java:90)
	at org.apache.catalina.authenticator.AuthenticatorBase.invoke(AuthenticatorBase.java:483)
	at org.apache.catalina.core.StandardHostValve.invoke(StandardHostValve.java:116)
	at org.apache.catalina.valves.ErrorReportValve.invoke(ErrorReportValve.java:93)
	at org.apache.catalina.core.StandardEngineValve.invoke(StandardEngineValve.java:74)
	at org.apache.catalina.connector.CoyoteAdapter.service(CoyoteAdapter.java:344)
	at org.apache.coyote.http11.Http11Processor.service(Http11Processor.java:398)
	at org.apache.coyote.AbstractProcessorLight.process(AbstractProcessorLight.java:63)
	at org.apache.coyote.AbstractProtocol$ConnectionHandler.process(AbstractProtocol.java:903)
	at org.apache.tomcat.util.net.NioEndpoint$SocketProcessor.doRun(NioEndpoint.java:1776)
	at org.apache.tomcat.util.net.SocketProcessorBase.run(SocketProcessorBase.java:52)
	at org.apache.tomcat.util.threads.ThreadPoolExecutor.runWorker(ThreadPoolExecutor.java:975)
	at org.apache.tomcat.util.threads.ThreadPoolExecutor$Worker.run(ThreadPoolExecutor.java:493)
	at org.apache.tomcat.util.threads.TaskThread$WrappingRunnable.run(TaskThread.java:63)
	at java.base/java.lang.Thread.run(Thread.java:1583)
Caused by: org.hibernate.TransactionException: Unable to rollback against JDBC Connection
	at org.hibernate.resource.jdbc.internal.AbstractLogicalConnectionImplementor.rollback(AbstractLogicalConnectionImplementor.java:137)
	at org.hibernate.resource.transaction.backend.jdbc.internal.JdbcResourceLocalTransactionCoordinatorImpl$TransactionDriverControlImpl.rollback(JdbcResourceLocalTransactionCoordinatorImpl.java:289)
	at org.hibernate.engine.transaction.internal.TransactionImpl.rollback(TransactionImpl.java:142)
	at org.springframework.orm.jpa.JpaTransactionManager.doRollback(JpaTransactionManager.java:590)
	... 70 common frames omitted
Caused by: java.sql.SQLException: Connection is closed
	at com.zaxxer.hikari.pool.ProxyConnection$ClosedConnection.lambda$getClosedConnection$0(ProxyConnection.java:562)
	at jdk.proxy3/jdk.proxy3.$Proxy96.rollback(Unknown Source)
	at com.zaxxer.hikari.pool.ProxyConnection.rollback(ProxyConnection.java:386)
	at com.zaxxer.hikari.pool.HikariProxyConnection.rollback(HikariProxyConnection.java)
	at org.hibernate.resource.jdbc.internal.AbstractLogicalConnectionImplementor.rollback(AbstractLogicalConnectionImplementor.java:127)
	... 73 common frames omitted
2025-11-26 16:34:16.355 | INFO  | traceId=6eddc2e2-bd1b-4cb3-8c82-537dbcd42ae5 | c.e.p.c.RequestLogInterceptor.afterCompletion | API: GET /api/oauth/authorize | Status=302 | 耗時=16093ms
2025-11-26 16:35:04.664 | WARN  | traceId= | c.zaxxer.hikari.pool.PoolBase.isConnectionDead | HikariPool-1 - Failed to validate connection org.postgresql.jdbc.PgConnection@289e0387 (This connection has been closed.). Possibly consider using a shorter maxLifetime value.
2025-11-26 16:35:05.038 | WARN  | traceId= | c.zaxxer.hikari.pool.PoolBase.isConnectionDead | HikariPool-1 - Failed to validate connection org.postgresql.jdbc.PgConnection@69a309bc (This connection has been closed.). Possibly consider using a shorter maxLifetime value.
2025-11-26 16:35:06.084 | WARN  | traceId= | c.zaxxer.hikari.pool.PoolBase.isConnectionDead | HikariPool-1 - Failed to validate connection org.postgresql.jdbc.PgConnection@da1dbd (This connection has been closed.). Possibly consider using a shorter maxLifetime value.
2025-11-26 16:35:06.144 | WARN  | traceId= | c.zaxxer.hikari.pool.PoolBase.isConnectionDead | HikariPool-1 - Failed to validate connection org.postgresql.jdbc.PgConnection@5880a41a (This connection has been closed.). Possibly consider using a shorter maxLifetime value.
2025-11-26 16:35:10.338 | WARN  | traceId= | c.zaxxer.hikari.pool.PoolBase.isConnectionDead | HikariPool-1 - Failed to validate connection org.postgresql.jdbc.PgConnection@7813eea4 (This connection has been closed.). Possibly consider using a shorter maxLifetime value.
2025-11-26 16:35:14.640 | WARN  | traceId= | c.zaxxer.hikari.pool.PoolBase.isConnectionDead | HikariPool-1 - Failed to validate connection org.postgresql.jdbc.PgConnection@98cf6f3 (This connection has been closed.). Possibly consider using a shorter maxLifetime value.
2025-11-26 16:35:15.154 | WARN  | traceId= | c.zaxxer.hikari.pool.PoolBase.isConnectionDead | HikariPool-1 - Failed to validate connection org.postgresql.jdbc.PgConnection@596b258a (This connection has been closed.). Possibly consider using a shorter maxLifetime value.
2025-11-26 16:35:19.003 | WARN  | traceId= | c.zaxxer.hikari.pool.PoolBase.isConnectionDead | HikariPool-1 - Failed to validate connection org.postgresql.jdbc.PgConnection@416fac9 (This connection has been closed.). Possibly consider using a shorter maxLifetime value.
2025-11-26 16:35:24.641 | WARN  | traceId= | c.zaxxer.hikari.pool.PoolBase.isConnectionDead | HikariPool-1 - Failed to validate connection org.postgresql.jdbc.PgConnection@63174221 (This connection has been closed.). Possibly consider using a shorter maxLifetime value.
2025-11-26 16:35:25.352 | WARN  | traceId= | c.zaxxer.hikari.pool.PoolBase.newConnection | HikariPool-1 - Pool is empty, failed to create/setup connection (1b3ed575-c761-4573-9140-c0618ffee3d9)
org.postgresql.util.PSQLException: Connection to localhost:5432 refused. Check that the hostname and port are correct and that the postmaster is accepting TCP/IP connections.
	at org.postgresql.core.v3.ConnectionFactoryImpl.openConnectionImpl(ConnectionFactoryImpl.java:373)
	at org.postgresql.core.ConnectionFactory.openConnection(ConnectionFactory.java:57)
	at org.postgresql.jdbc.PgConnection.<init>(PgConnection.java:277)
	at org.postgresql.Driver.makeConnection(Driver.java:448)
	at org.postgresql.Driver.connect(Driver.java:298)
	at com.zaxxer.hikari.util.DriverDataSource.getConnection(DriverDataSource.java:144)
	at com.zaxxer.hikari.pool.PoolBase.newConnection(PoolBase.java:370)
	at com.zaxxer.hikari.pool.PoolBase.newPoolEntry(PoolBase.java:207)
	at com.zaxxer.hikari.pool.HikariPool.createPoolEntry(HikariPool.java:488)
	at com.zaxxer.hikari.pool.HikariPool$PoolEntryCreator.call(HikariPool.java:752)
	at com.zaxxer.hikari.pool.HikariPool$PoolEntryCreator.call(HikariPool.java:731)
	at java.base/java.util.concurrent.FutureTask.run(FutureTask.java:317)
	at java.base/java.util.concurrent.ThreadPoolExecutor.runWorker(ThreadPoolExecutor.java:1144)
	at java.base/java.util.concurrent.ThreadPoolExecutor$Worker.run(ThreadPoolExecutor.java:642)
	at java.base/java.lang.Thread.run(Thread.java:1583)
Caused by: java.net.ConnectException: Connection refused: getsockopt
	at java.base/sun.nio.ch.Net.pollConnect(Native Method)
	at java.base/sun.nio.ch.Net.pollConnectNow(Net.java:682)
	at java.base/sun.nio.ch.NioSocketImpl.timedFinishConnect(NioSocketImpl.java:542)
	at java.base/sun.nio.ch.NioSocketImpl.connect(NioSocketImpl.java:592)
	at java.base/java.net.SocksSocketImpl.connect(SocksSocketImpl.java:327)
	at java.base/java.net.Socket.connect(Socket.java:751)
	at org.postgresql.core.PGStream.createSocket(PGStream.java:261)
	at org.postgresql.core.PGStream.<init>(PGStream.java:122)
	at org.postgresql.core.v3.ConnectionFactoryImpl.tryConnect(ConnectionFactoryImpl.java:146)
	at org.postgresql.core.v3.ConnectionFactoryImpl.openConnectionImpl(ConnectionFactoryImpl.java:289)
	... 14 common frames omitted
2025-11-26 16:41:45.364 | INFO  | traceId= | o.s.boot.StartupInfoLogger.logStarting | Starting OidcPICApplication using Java 21.0.8 with PID 36584 (C:\Users\p10427815\git\OIDC_Demo\OIDC_PIC\target\classes started by p10427815 in C:\Users\p10427815\git\OIDC_Demo\OIDC_PIC)
2025-11-26 16:41:45.375 | INFO  | traceId= | o.s.boot.SpringApplication.logStartupProfileInfo | No active profile set, falling back to 1 default profile: "default"
2025-11-26 16:41:47.961 | INFO  | traceId= | o.s.d.r.c.RepositoryConfigurationDelegate.registerRepositoriesIn | Bootstrapping Spring Data JPA repositories in DEFAULT mode.
2025-11-26 16:41:48.089 | INFO  | traceId= | o.s.d.r.c.RepositoryConfigurationDelegate.registerRepositoriesIn | Finished Spring Data repository scanning in 105 ms. Found 5 JPA repository interfaces.
2025-11-26 16:41:49.050 | INFO  | traceId= | o.s.b.w.e.t.TomcatWebServer.initialize | Tomcat initialized with port 9090 (http)
2025-11-26 16:41:49.074 | INFO  | traceId= | o.a.juli.logging.DirectJDKLog.log | Initializing ProtocolHandler ["http-nio-9090"]
2025-11-26 16:41:49.078 | INFO  | traceId= | o.a.juli.logging.DirectJDKLog.log | Starting service [Tomcat]
2025-11-26 16:41:49.079 | INFO  | traceId= | o.a.juli.logging.DirectJDKLog.log | Starting Servlet engine: [Apache Tomcat/10.1.46]
2025-11-26 16:41:49.222 | INFO  | traceId= | o.a.juli.logging.DirectJDKLog.log | Initializing Spring embedded WebApplicationContext
2025-11-26 16:41:49.224 | INFO  | traceId= | o.s.b.w.s.c.ServletWebServerApplicationContext.prepareWebApplicationContext | Root WebApplicationContext: initialization completed in 3702 ms
2025-11-26 16:41:49.586 | INFO  | traceId= | o.h.j.internal.util.LogHelper.logPersistenceUnitInformation | HHH000204: Processing PersistenceUnitInfo [name: default]
2025-11-26 16:41:49.700 | INFO  | traceId= | org.hibernate.Version.logVersion | HHH000412: Hibernate ORM core version 6.6.29.Final
2025-11-26 16:41:49.787 | INFO  | traceId= | o.h.c.i.RegionFactoryInitiator.initiateService | HHH000026: Second-level cache disabled
2025-11-26 16:41:50.266 | INFO  | traceId= | o.s.o.j.p.SpringPersistenceUnitInfo.addTransformer | No LoadTimeWeaver setup: ignoring JPA class transformer
2025-11-26 16:41:50.328 | INFO  | traceId= | c.z.hikari.HikariDataSource.getConnection | HikariPool-1 - Starting...
2025-11-26 16:41:51.433 | WARN  | traceId= | o.h.e.j.spi.SqlExceptionHelper.logExceptions | SQL Error: 0, SQLState: 08001
2025-11-26 16:41:51.433 | ERROR | traceId= | o.h.e.j.spi.SqlExceptionHelper.logExceptions | Connection to localhost:5432 refused. Check that the hostname and port are correct and that the postmaster is accepting TCP/IP connections.
2025-11-26 16:41:51.435 | WARN  | traceId= | o.h.e.j.e.i.JdbcEnvironmentInitiator.getJdbcEnvironmentUsingJdbcMetadata | HHH000342: Could not obtain connection to query metadata
org.hibernate.exception.JDBCConnectionException: unable to obtain isolated JDBC connection [Connection to localhost:5432 refused. Check that the hostname and port are correct and that the postmaster is accepting TCP/IP connections.] [n/a]
	at org.hibernate.exception.internal.SQLStateConversionDelegate.convert(SQLStateConversionDelegate.java:100)
	at org.hibernate.exception.internal.StandardSQLExceptionConverter.convert(StandardSQLExceptionConverter.java:58)
	at org.hibernate.engine.jdbc.spi.SqlExceptionHelper.convert(SqlExceptionHelper.java:108)
	at org.hibernate.engine.jdbc.spi.SqlExceptionHelper.convert(SqlExceptionHelper.java:94)
	at org.hibernate.resource.transaction.backend.jdbc.internal.JdbcIsolationDelegate.delegateWork(JdbcIsolationDelegate.java:116)
	at org.hibernate.engine.jdbc.env.internal.JdbcEnvironmentInitiator.getJdbcEnvironmentUsingJdbcMetadata(JdbcEnvironmentInitiator.java:334)
	at org.hibernate.engine.jdbc.env.internal.JdbcEnvironmentInitiator.initiateService(JdbcEnvironmentInitiator.java:129)
	at org.hibernate.engine.jdbc.env.internal.JdbcEnvironmentInitiator.initiateService(JdbcEnvironmentInitiator.java:81)
	at org.hibernate.boot.registry.internal.StandardServiceRegistryImpl.initiateService(StandardServiceRegistryImpl.java:130)
	at org.hibernate.service.internal.AbstractServiceRegistryImpl.createService(AbstractServiceRegistryImpl.java:263)
	at org.hibernate.service.internal.AbstractServiceRegistryImpl.initializeService(AbstractServiceRegistryImpl.java:238)
	at org.hibernate.service.internal.AbstractServiceRegistryImpl.getService(AbstractServiceRegistryImpl.java:215)
	at org.hibernate.boot.model.relational.Database.<init>(Database.java:45)
	at org.hibernate.boot.internal.InFlightMetadataCollectorImpl.getDatabase(InFlightMetadataCollectorImpl.java:226)
	at org.hibernate.boot.internal.InFlightMetadataCollectorImpl.<init>(InFlightMetadataCollectorImpl.java:194)
	at org.hibernate.boot.model.process.spi.MetadataBuildingProcess.complete(MetadataBuildingProcess.java:171)
	at org.hibernate.jpa.boot.internal.EntityManagerFactoryBuilderImpl.metadata(EntityManagerFactoryBuilderImpl.java:1442)
	at org.hibernate.jpa.boot.internal.EntityManagerFactoryBuilderImpl.build(EntityManagerFactoryBuilderImpl.java:1513)
	at org.springframework.orm.jpa.vendor.SpringHibernateJpaPersistenceProvider.createContainerEntityManagerFactory(SpringHibernateJpaPersistenceProvider.java:66)
	at org.springframework.orm.jpa.LocalContainerEntityManagerFactoryBean.createNativeEntityManagerFactory(LocalContainerEntityManagerFactoryBean.java:390)
	at org.springframework.orm.jpa.AbstractEntityManagerFactoryBean.buildNativeEntityManagerFactory(AbstractEntityManagerFactoryBean.java:419)
	at org.springframework.orm.jpa.AbstractEntityManagerFactoryBean.afterPropertiesSet(AbstractEntityManagerFactoryBean.java:400)
	at org.springframework.orm.jpa.LocalContainerEntityManagerFactoryBean.afterPropertiesSet(LocalContainerEntityManagerFactoryBean.java:366)
	at org.springframework.beans.factory.support.AbstractAutowireCapableBeanFactory.invokeInitMethods(AbstractAutowireCapableBeanFactory.java:1873)
	at org.springframework.beans.factory.support.AbstractAutowireCapableBeanFactory.initializeBean(AbstractAutowireCapableBeanFactory.java:1822)
	at org.springframework.beans.factory.support.AbstractAutowireCapableBeanFactory.doCreateBean(AbstractAutowireCapableBeanFactory.java:607)
	at org.springframework.beans.factory.support.AbstractAutowireCapableBeanFactory.createBean(AbstractAutowireCapableBeanFactory.java:529)
	at org.springframework.beans.factory.support.AbstractBeanFactory.lambda$doGetBean$0(AbstractBeanFactory.java:339)
	at org.springframework.beans.factory.support.DefaultSingletonBeanRegistry.getSingleton(DefaultSingletonBeanRegistry.java:373)
	at org.springframework.beans.factory.support.AbstractBeanFactory.doGetBean(AbstractBeanFactory.java:337)
	at org.springframework.beans.factory.support.AbstractBeanFactory.getBean(AbstractBeanFactory.java:207)
	at org.springframework.context.support.AbstractApplicationContext.finishBeanFactoryInitialization(AbstractApplicationContext.java:970)
	at org.springframework.context.support.AbstractApplicationContext.refresh(AbstractApplicationContext.java:627)
	at org.springframework.boot.web.servlet.context.ServletWebServerApplicationContext.refresh(ServletWebServerApplicationContext.java:146)
	at org.springframework.boot.SpringApplication.refresh(SpringApplication.java:752)
	at org.springframework.boot.SpringApplication.refreshContext(SpringApplication.java:439)
	at org.springframework.boot.SpringApplication.run(SpringApplication.java:318)
	at org.springframework.boot.SpringApplication.run(SpringApplication.java:1361)
	at org.springframework.boot.SpringApplication.run(SpringApplication.java:1350)
	at com.example.pic.OidcPICApplication.main(OidcPICApplication.java:10)
Caused by: org.postgresql.util.PSQLException: Connection to localhost:5432 refused. Check that the hostname and port are correct and that the postmaster is accepting TCP/IP connections.
	at org.postgresql.core.v3.ConnectionFactoryImpl.openConnectionImpl(ConnectionFactoryImpl.java:373)
	at org.postgresql.core.ConnectionFactory.openConnection(ConnectionFactory.java:57)
	at org.postgresql.jdbc.PgConnection.<init>(PgConnection.java:277)
	at org.postgresql.Driver.makeConnection(Driver.java:448)
	at org.postgresql.Driver.connect(Driver.java:298)
	at com.zaxxer.hikari.util.DriverDataSource.getConnection(DriverDataSource.java:144)
	at com.zaxxer.hikari.pool.PoolBase.newConnection(PoolBase.java:370)
	at com.zaxxer.hikari.pool.PoolBase.newPoolEntry(PoolBase.java:207)
	at com.zaxxer.hikari.pool.HikariPool.createPoolEntry(HikariPool.java:488)
	at com.zaxxer.hikari.pool.HikariPool.checkFailFast(HikariPool.java:576)
	at com.zaxxer.hikari.pool.HikariPool.<init>(HikariPool.java:97)
	at com.zaxxer.hikari.HikariDataSource.getConnection(HikariDataSource.java:111)
	at org.hibernate.engine.jdbc.connections.internal.DatasourceConnectionProviderImpl.getConnection(DatasourceConnectionProviderImpl.java:126)
	at org.hibernate.engine.jdbc.env.internal.JdbcEnvironmentInitiator$ConnectionProviderJdbcConnectionAccess.obtainConnection(JdbcEnvironmentInitiator.java:485)
	at org.hibernate.resource.transaction.backend.jdbc.internal.JdbcIsolationDelegate.delegateWork(JdbcIsolationDelegate.java:61)
	... 35 common frames omitted
Caused by: java.net.ConnectException: Connection refused: getsockopt
	at java.base/sun.nio.ch.Net.pollConnect(Native Method)
	at java.base/sun.nio.ch.Net.pollConnectNow(Net.java:682)
	at java.base/sun.nio.ch.NioSocketImpl.timedFinishConnect(NioSocketImpl.java:542)
	at java.base/sun.nio.ch.NioSocketImpl.connect(NioSocketImpl.java:592)
	at java.base/java.net.SocksSocketImpl.connect(SocksSocketImpl.java:327)
	at java.base/java.net.Socket.connect(Socket.java:751)
	at org.postgresql.core.PGStream.createSocket(PGStream.java:261)
	at org.postgresql.core.PGStream.<init>(PGStream.java:122)
	at org.postgresql.core.v3.ConnectionFactoryImpl.tryConnect(ConnectionFactoryImpl.java:146)
	at org.postgresql.core.v3.ConnectionFactoryImpl.openConnectionImpl(ConnectionFactoryImpl.java:289)
	... 49 common frames omitted
2025-11-26 16:41:51.458 | WARN  | traceId= | o.h.e.j.d.i.DialectFactoryImpl.constructDialect | HHH90000025: PostgreSQLDialect does not need to be specified explicitly using 'hibernate.dialect' (remove the property setting and it will be selected by default)
2025-11-26 16:41:51.471 | INFO  | traceId= | o.h.e.j.e.i.JdbcEnvironmentInitiator.logConnectionInfo | HHH10001005: Database info:
	Database JDBC URL [Connecting through datasource 'HikariDataSource (null)']
	Database driver: undefined/unknown
	Database version: 12.0
	Autocommit mode: undefined/unknown
	Isolation level: undefined/unknown
	Minimum pool size: undefined/unknown
	Maximum pool size: undefined/unknown
2025-11-26 16:41:52.578 | INFO  | traceId= | o.h.e.t.j.p.i.JtaPlatformInitiator.initiateService | HHH000489: No JTA platform available (set 'hibernate.transaction.jta.platform' to enable JTA platform integration)
2025-11-26 16:41:52.597 | INFO  | traceId= | c.z.hikari.HikariDataSource.getConnection | HikariPool-1 - Starting...
2025-11-26 16:41:53.610 | WARN  | traceId= | o.h.e.j.spi.SqlExceptionHelper.logExceptions | SQL Error: 0, SQLState: 08001
2025-11-26 16:41:53.611 | ERROR | traceId= | o.h.e.j.spi.SqlExceptionHelper.logExceptions | Connection to localhost:5432 refused. Check that the hostname and port are correct and that the postmaster is accepting TCP/IP connections.
2025-11-26 16:41:53.615 | ERROR | traceId= | o.s.o.j.AbstractEntityManagerFactoryBean.buildNativeEntityManagerFactory | Failed to initialize JPA EntityManagerFactory: [PersistenceUnit: default] Unable to build Hibernate SessionFactory; nested exception is org.hibernate.exception.JDBCConnectionException: Unable to open JDBC Connection for DDL execution [Connection to localhost:5432 refused. Check that the hostname and port are correct and that the postmaster is accepting TCP/IP connections.] [n/a]
2025-11-26 16:41:53.618 | WARN  | traceId= | o.s.c.s.AbstractApplicationContext.refresh | Exception encountered during context initialization - cancelling refresh attempt: org.springframework.beans.factory.BeanCreationException: Error creating bean with name 'entityManagerFactory' defined in class path resource [org/springframework/boot/autoconfigure/orm/jpa/HibernateJpaConfiguration.class]: [PersistenceUnit: default] Unable to build Hibernate SessionFactory; nested exception is org.hibernate.exception.JDBCConnectionException: Unable to open JDBC Connection for DDL execution [Connection to localhost:5432 refused. Check that the hostname and port are correct and that the postmaster is accepting TCP/IP connections.] [n/a]
2025-11-26 16:41:53.620 | INFO  | traceId= | o.a.juli.logging.DirectJDKLog.log | Stopping service [Tomcat]
2025-11-26 16:41:53.632 | INFO  | traceId= | o.s.b.a.l.ConditionEvaluationReportLogger.logMessage | 

Error starting ApplicationContext. To display the condition evaluation report re-run your application with 'debug' enabled.
2025-11-26 16:41:53.652 | ERROR | traceId= | o.s.boot.SpringApplication.reportFailure | Application run failed
org.springframework.beans.factory.BeanCreationException: Error creating bean with name 'entityManagerFactory' defined in class path resource [org/springframework/boot/autoconfigure/orm/jpa/HibernateJpaConfiguration.class]: [PersistenceUnit: default] Unable to build Hibernate SessionFactory; nested exception is org.hibernate.exception.JDBCConnectionException: Unable to open JDBC Connection for DDL execution [Connection to localhost:5432 refused. Check that the hostname and port are correct and that the postmaster is accepting TCP/IP connections.] [n/a]
	at org.springframework.beans.factory.support.AbstractAutowireCapableBeanFactory.initializeBean(AbstractAutowireCapableBeanFactory.java:1826)
	at org.springframework.beans.factory.support.AbstractAutowireCapableBeanFactory.doCreateBean(AbstractAutowireCapableBeanFactory.java:607)
	at org.springframework.beans.factory.support.AbstractAutowireCapableBeanFactory.createBean(AbstractAutowireCapableBeanFactory.java:529)
	at org.springframework.beans.factory.support.AbstractBeanFactory.lambda$doGetBean$0(AbstractBeanFactory.java:339)
	at org.springframework.beans.factory.support.DefaultSingletonBeanRegistry.getSingleton(DefaultSingletonBeanRegistry.java:373)
	at org.springframework.beans.factory.support.AbstractBeanFactory.doGetBean(AbstractBeanFactory.java:337)
	at org.springframework.beans.factory.support.AbstractBeanFactory.getBean(AbstractBeanFactory.java:207)
	at org.springframework.context.support.AbstractApplicationContext.finishBeanFactoryInitialization(AbstractApplicationContext.java:970)
	at org.springframework.context.support.AbstractApplicationContext.refresh(AbstractApplicationContext.java:627)
	at org.springframework.boot.web.servlet.context.ServletWebServerApplicationContext.refresh(ServletWebServerApplicationContext.java:146)
	at org.springframework.boot.SpringApplication.refresh(SpringApplication.java:752)
	at org.springframework.boot.SpringApplication.refreshContext(SpringApplication.java:439)
	at org.springframework.boot.SpringApplication.run(SpringApplication.java:318)
	at org.springframework.boot.SpringApplication.run(SpringApplication.java:1361)
	at org.springframework.boot.SpringApplication.run(SpringApplication.java:1350)
	at com.example.pic.OidcPICApplication.main(OidcPICApplication.java:10)
Caused by: jakarta.persistence.PersistenceException: [PersistenceUnit: default] Unable to build Hibernate SessionFactory; nested exception is org.hibernate.exception.JDBCConnectionException: Unable to open JDBC Connection for DDL execution [Connection to localhost:5432 refused. Check that the hostname and port are correct and that the postmaster is accepting TCP/IP connections.] [n/a]
	at org.springframework.orm.jpa.AbstractEntityManagerFactoryBean.buildNativeEntityManagerFactory(AbstractEntityManagerFactoryBean.java:431)
	at org.springframework.orm.jpa.AbstractEntityManagerFactoryBean.afterPropertiesSet(AbstractEntityManagerFactoryBean.java:400)
	at org.springframework.orm.jpa.LocalContainerEntityManagerFactoryBean.afterPropertiesSet(LocalContainerEntityManagerFactoryBean.java:366)
	at org.springframework.beans.factory.support.AbstractAutowireCapableBeanFactory.invokeInitMethods(AbstractAutowireCapableBeanFactory.java:1873)
	at org.springframework.beans.factory.support.AbstractAutowireCapableBeanFactory.initializeBean(AbstractAutowireCapableBeanFactory.java:1822)
	... 15 common frames omitted
Caused by: org.hibernate.exception.JDBCConnectionException: Unable to open JDBC Connection for DDL execution [Connection to localhost:5432 refused. Check that the hostname and port are correct and that the postmaster is accepting TCP/IP connections.] [n/a]
	at org.hibernate.exception.internal.SQLStateConversionDelegate.convert(SQLStateConversionDelegate.java:100)
	at org.hibernate.exception.internal.StandardSQLExceptionConverter.convert(StandardSQLExceptionConverter.java:58)
	at org.hibernate.engine.jdbc.spi.SqlExceptionHelper.convert(SqlExceptionHelper.java:108)
	at org.hibernate.engine.jdbc.spi.SqlExceptionHelper.convert(SqlExceptionHelper.java:94)
	at org.hibernate.resource.transaction.backend.jdbc.internal.DdlTransactionIsolatorNonJtaImpl.getIsolatedConnection(DdlTransactionIsolatorNonJtaImpl.java:74)
	at org.hibernate.resource.transaction.backend.jdbc.internal.DdlTransactionIsolatorNonJtaImpl.getIsolatedConnection(DdlTransactionIsolatorNonJtaImpl.java:39)
	at org.hibernate.tool.schema.internal.exec.ImprovedExtractionContextImpl.getJdbcConnection(ImprovedExtractionContextImpl.java:63)
	at org.hibernate.tool.schema.extract.spi.ExtractionContext.getQueryResults(ExtractionContext.java:43)
	at org.hibernate.tool.schema.extract.internal.SequenceInformationExtractorLegacyImpl.extractMetadata(SequenceInformationExtractorLegacyImpl.java:39)
	at org.hibernate.tool.schema.extract.internal.DatabaseInformationImpl.initializeSequences(DatabaseInformationImpl.java:66)
	at org.hibernate.tool.schema.extract.internal.DatabaseInformationImpl.<init>(DatabaseInformationImpl.java:60)
	at org.hibernate.tool.schema.internal.Helper.buildDatabaseInformation(Helper.java:185)
	at org.hibernate.tool.schema.internal.AbstractSchemaMigrator.doMigration(AbstractSchemaMigrator.java:93)
	at org.hibernate.tool.schema.spi.SchemaManagementToolCoordinator.performDatabaseAction(SchemaManagementToolCoordinator.java:280)
	at org.hibernate.tool.schema.spi.SchemaManagementToolCoordinator.lambda$process$5(SchemaManagementToolCoordinator.java:144)
	at java.base/java.util.HashMap.forEach(HashMap.java:1429)
	at org.hibernate.tool.schema.spi.SchemaManagementToolCoordinator.process(SchemaManagementToolCoordinator.java:141)
	at org.hibernate.boot.internal.SessionFactoryObserverForSchemaExport.sessionFactoryCreated(SessionFactoryObserverForSchemaExport.java:37)
	at org.hibernate.internal.SessionFactoryObserverChain.sessionFactoryCreated(SessionFactoryObserverChain.java:35)
	at org.hibernate.internal.SessionFactoryImpl.<init>(SessionFactoryImpl.java:324)
	at org.hibernate.boot.internal.SessionFactoryBuilderImpl.build(SessionFactoryBuilderImpl.java:463)
	at org.hibernate.jpa.boot.internal.EntityManagerFactoryBuilderImpl.build(EntityManagerFactoryBuilderImpl.java:1517)
	at org.springframework.orm.jpa.vendor.SpringHibernateJpaPersistenceProvider.createContainerEntityManagerFactory(SpringHibernateJpaPersistenceProvider.java:66)
	at org.springframework.orm.jpa.LocalContainerEntityManagerFactoryBean.createNativeEntityManagerFactory(LocalContainerEntityManagerFactoryBean.java:390)
	at org.springframework.orm.jpa.AbstractEntityManagerFactoryBean.buildNativeEntityManagerFactory(AbstractEntityManagerFactoryBean.java:419)
	... 19 common frames omitted
Caused by: org.postgresql.util.PSQLException: Connection to localhost:5432 refused. Check that the hostname and port are correct and that the postmaster is accepting TCP/IP connections.
	at org.postgresql.core.v3.ConnectionFactoryImpl.openConnectionImpl(ConnectionFactoryImpl.java:373)
	at org.postgresql.core.ConnectionFactory.openConnection(ConnectionFactory.java:57)
	at org.postgresql.jdbc.PgConnection.<init>(PgConnection.java:277)
	at org.postgresql.Driver.makeConnection(Driver.java:448)
	at org.postgresql.Driver.connect(Driver.java:298)
	at com.zaxxer.hikari.util.DriverDataSource.getConnection(DriverDataSource.java:144)
	at com.zaxxer.hikari.pool.PoolBase.newConnection(PoolBase.java:370)
	at com.zaxxer.hikari.pool.PoolBase.newPoolEntry(PoolBase.java:207)
	at com.zaxxer.hikari.pool.HikariPool.createPoolEntry(HikariPool.java:488)
	at com.zaxxer.hikari.pool.HikariPool.checkFailFast(HikariPool.java:576)
	at com.zaxxer.hikari.pool.HikariPool.<init>(HikariPool.java:97)
	at com.zaxxer.hikari.HikariDataSource.getConnection(HikariDataSource.java:111)
	at org.hibernate.engine.jdbc.connections.internal.DatasourceConnectionProviderImpl.getConnection(DatasourceConnectionProviderImpl.java:126)
	at org.hibernate.engine.jdbc.env.internal.JdbcEnvironmentInitiator$ConnectionProviderJdbcConnectionAccess.obtainConnection(JdbcEnvironmentInitiator.java:485)
	at org.hibernate.resource.transaction.backend.jdbc.internal.DdlTransactionIsolatorNonJtaImpl.getIsolatedConnection(DdlTransactionIsolatorNonJtaImpl.java:46)
	... 39 common frames omitted
Caused by: java.net.ConnectException: Connection refused: getsockopt
	at java.base/sun.nio.ch.Net.pollConnect(Native Method)
	at java.base/sun.nio.ch.Net.pollConnectNow(Net.java:682)
	at java.base/sun.nio.ch.NioSocketImpl.timedFinishConnect(NioSocketImpl.java:542)
	at java.base/sun.nio.ch.NioSocketImpl.connect(NioSocketImpl.java:592)
	at java.base/java.net.SocksSocketImpl.connect(SocksSocketImpl.java:327)
	at java.base/java.net.Socket.connect(Socket.java:751)
	at org.postgresql.core.PGStream.createSocket(PGStream.java:261)
	at org.postgresql.core.PGStream.<init>(PGStream.java:122)
	at org.postgresql.core.v3.ConnectionFactoryImpl.tryConnect(ConnectionFactoryImpl.java:146)
	at org.postgresql.core.v3.ConnectionFactoryImpl.openConnectionImpl(ConnectionFactoryImpl.java:289)
	... 53 common frames omitted
2025-11-26 16:42:29.748 | INFO  | traceId= | o.s.boot.StartupInfoLogger.logStarting | Starting OidcPICApplication using Java 21.0.8 with PID 9380 (C:\Users\p10427815\git\OIDC_Demo\OIDC_PIC\target\classes started by p10427815 in C:\Users\p10427815\git\OIDC_Demo\OIDC_PIC)
2025-11-26 16:42:29.753 | INFO  | traceId= | o.s.boot.SpringApplication.logStartupProfileInfo | No active profile set, falling back to 1 default profile: "default"
2025-11-26 16:42:31.100 | INFO  | traceId= | o.s.d.r.c.RepositoryConfigurationDelegate.registerRepositoriesIn | Bootstrapping Spring Data JPA repositories in DEFAULT mode.
2025-11-26 16:42:31.251 | INFO  | traceId= | o.s.d.r.c.RepositoryConfigurationDelegate.registerRepositoriesIn | Finished Spring Data repository scanning in 131 ms. Found 5 JPA repository interfaces.
2025-11-26 16:42:32.510 | INFO  | traceId= | o.s.b.w.e.t.TomcatWebServer.initialize | Tomcat initialized with port 9090 (http)
2025-11-26 16:42:32.543 | INFO  | traceId= | o.a.juli.logging.DirectJDKLog.log | Initializing ProtocolHandler ["http-nio-9090"]
2025-11-26 16:42:32.548 | INFO  | traceId= | o.a.juli.logging.DirectJDKLog.log | Starting service [Tomcat]
2025-11-26 16:42:32.549 | INFO  | traceId= | o.a.juli.logging.DirectJDKLog.log | Starting Servlet engine: [Apache Tomcat/10.1.46]
2025-11-26 16:42:32.698 | INFO  | traceId= | o.a.juli.logging.DirectJDKLog.log | Initializing Spring embedded WebApplicationContext
2025-11-26 16:42:32.700 | INFO  | traceId= | o.s.b.w.s.c.ServletWebServerApplicationContext.prepareWebApplicationContext | Root WebApplicationContext: initialization completed in 2872 ms
2025-11-26 16:42:33.105 | INFO  | traceId= | o.h.j.internal.util.LogHelper.logPersistenceUnitInformation | HHH000204: Processing PersistenceUnitInfo [name: default]
2025-11-26 16:42:33.213 | INFO  | traceId= | org.hibernate.Version.logVersion | HHH000412: Hibernate ORM core version 6.6.29.Final
2025-11-26 16:42:33.265 | INFO  | traceId= | o.h.c.i.RegionFactoryInitiator.initiateService | HHH000026: Second-level cache disabled
2025-11-26 16:42:33.894 | INFO  | traceId= | o.s.o.j.p.SpringPersistenceUnitInfo.addTransformer | No LoadTimeWeaver setup: ignoring JPA class transformer
2025-11-26 16:42:33.991 | INFO  | traceId= | c.z.hikari.HikariDataSource.getConnection | HikariPool-1 - Starting...
2025-11-26 16:42:34.412 | INFO  | traceId= | c.z.hikari.pool.HikariPool.checkFailFast | HikariPool-1 - Added connection org.postgresql.jdbc.PgConnection@5d58dc61
2025-11-26 16:42:34.417 | INFO  | traceId= | c.z.hikari.HikariDataSource.getConnection | HikariPool-1 - Start completed.
2025-11-26 16:42:34.493 | WARN  | traceId= | o.h.e.j.d.i.DialectFactoryImpl.constructDialect | HHH90000025: PostgreSQLDialect does not need to be specified explicitly using 'hibernate.dialect' (remove the property setting and it will be selected by default)
2025-11-26 16:42:34.545 | INFO  | traceId= | o.h.e.j.e.i.JdbcEnvironmentInitiator.logConnectionInfo | HHH10001005: Database info:
	Database JDBC URL [Connecting through datasource 'HikariDataSource (HikariPool-1)']
	Database driver: undefined/unknown
	Database version: 17.5
	Autocommit mode: undefined/unknown
	Isolation level: undefined/unknown
	Minimum pool size: undefined/unknown
	Maximum pool size: undefined/unknown
2025-11-26 16:42:36.240 | INFO  | traceId= | o.h.e.t.j.p.i.JtaPlatformInitiator.initiateService | HHH000489: No JTA platform available (set 'hibernate.transaction.jta.platform' to enable JTA platform integration)
2025-11-26 16:42:36.331 | INFO  | traceId= | o.s.o.j.AbstractEntityManagerFactoryBean.buildNativeEntityManagerFactory | Initialized JPA EntityManagerFactory for persistence unit 'default'
2025-11-26 16:42:38.192 | WARN  | traceId= | o.s.b.a.o.j.JpaBaseConfiguration$JpaWebConfiguration.openEntityManagerInViewInterceptor | spring.jpa.open-in-view is enabled by default. Therefore, database queries may be performed during view rendering. Explicitly configure spring.jpa.open-in-view to disable this warning
2025-11-26 16:42:39.176 | INFO  | traceId= | o.a.juli.logging.DirectJDKLog.log | Starting ProtocolHandler ["http-nio-9090"]
2025-11-26 16:42:39.311 | INFO  | traceId= | o.s.b.w.e.t.TomcatWebServer.start | Tomcat started on port 9090 (http) with context path '/'
2025-11-26 16:42:39.327 | INFO  | traceId= | o.s.boot.StartupInfoLogger.logStarted | Started OidcPICApplication in 10.472 seconds (process running for 11.22)
2025-11-26 16:43:03.636 | INFO  | traceId= | o.a.juli.logging.DirectJDKLog.log | Initializing Spring DispatcherServlet 'dispatcherServlet'
2025-11-26 16:43:03.637 | INFO  | traceId= | o.s.w.servlet.FrameworkServlet.initServletBean | Initializing Servlet 'dispatcherServlet'
2025-11-26 16:43:03.638 | INFO  | traceId= | o.s.w.servlet.FrameworkServlet.initServletBean | Completed initialization in 1 ms
2025-11-26 16:43:03.706 | INFO  | traceId=d8456efd-1a98-4405-b490-a2a3bb645c52 | c.e.pic.ServiceImpl.OauthImpl.getAuthUrl | 開始接收授權 url
2025-11-26 16:43:03.918 | INFO  | traceId=d8456efd-1a98-4405-b490-a2a3bb645c52 | c.e.pic.ServiceImpl.OauthImpl.tryAutoLogin | 開始驗證是否免登入
2025-11-26 16:43:03.920 | WARN  | traceId=d8456efd-1a98-4405-b490-a2a3bb645c52 | c.e.pic.ServiceImpl.OauthImpl.tryAutoLogin | 找不到sessionID
2025-11-26 16:43:03.990 | INFO  | traceId=d8456efd-1a98-4405-b490-a2a3bb645c52 | c.e.pic.ServiceImpl.OauthImpl.getAuthUrl | redirect OIDC Server會員登入頁面
2025-11-26 16:43:03.993 | INFO  | traceId=d8456efd-1a98-4405-b490-a2a3bb645c52 | c.e.p.c.RequestLogInterceptor.afterCompletion | API: GET /api/oauth/authorize | Status=302 | 耗時=322ms
2025-11-26 16:43:05.239 | INFO  | traceId=23d6e64f-10e8-430a-bae2-d922c8399074 | c.e.p.c.RequestLogInterceptor.afterCompletion | API: GET /api/captcha/generate | Status=200 | 耗時=868ms
2025-11-26 16:43:16.867 | INFO  | traceId=859e0d7c-3041-45ff-b697-19acb08f5bfc | c.e.pic.ServiceImpl.OauthImpl.getAuthUrl | 開始接收授權 url
2025-11-26 16:43:16.872 | INFO  | traceId=859e0d7c-3041-45ff-b697-19acb08f5bfc | c.e.pic.ServiceImpl.OauthImpl.tryAutoLogin | 開始驗證是否免登入
2025-11-26 16:43:16.873 | WARN  | traceId=859e0d7c-3041-45ff-b697-19acb08f5bfc | c.e.pic.ServiceImpl.OauthImpl.tryAutoLogin | 找不到sessionID
2025-11-26 16:43:16.876 | INFO  | traceId=859e0d7c-3041-45ff-b697-19acb08f5bfc | c.e.pic.ServiceImpl.OauthImpl.getAuthUrl | redirect OIDC Server會員登入頁面
2025-11-26 16:43:16.877 | INFO  | traceId=859e0d7c-3041-45ff-b697-19acb08f5bfc | c.e.p.c.RequestLogInterceptor.afterCompletion | API: GET /api/oauth/authorize | Status=302 | 耗時=11ms
2025-11-26 16:43:17.144 | INFO  | traceId=faba9187-818b-4b28-b3dc-f0aeaec42c38 | c.e.p.c.RequestLogInterceptor.afterCompletion | API: GET /api/captcha/generate | Status=200 | 耗時=26ms
2025-11-26 16:43:40.010 | INFO  | traceId=d3657421-bf9a-426d-9512-822f5284b545 | c.e.p.c.RequestLogInterceptor.afterCompletion | API: OPTIONS /api/captcha/verify | Status=200 | 耗時=0ms
2025-11-26 16:43:40.113 | INFO  | traceId=a0aeea95-151d-4833-a4ad-fb099751557f | c.e.p.c.RequestLogInterceptor.afterCompletion | API: POST /api/captcha/verify | Status=200 | 耗時=95ms
2025-11-26 16:43:40.119 | INFO  | traceId=db238014-8510-4f90-90cc-a92eb8cbc595 | c.e.p.c.RequestLogInterceptor.afterCompletion | API: OPTIONS /api/login | Status=200 | 耗時=0ms
2025-11-26 16:43:40.290 | INFO  | traceId=864a150d-b832-4986-bb0e-6a68e0cea9f0 | c.e.p.S.RegisterMemberImpl.queryMember | 會員登入成功,userId=33
2025-11-26 16:43:40.296 | INFO  | traceId=864a150d-b832-4986-bb0e-6a68e0cea9f0 | c.e.p.c.RequestLogInterceptor.afterCompletion | API: POST /api/login | Status=200 | 耗時=174ms
2025-11-26 16:43:41.759 | INFO  | traceId=b13b9f45-519c-41f9-97dc-2b740a50f645 | c.e.pic.ServiceImpl.OauthImpl.approveAuthorization | 收到使用者授權同意, state=wMpvA9Pm, userId=33
2025-11-26 16:43:41.795 | INFO  | traceId=b13b9f45-519c-41f9-97dc-2b740a50f645 | c.e.pic.ServiceImpl.OauthImpl.approveAuthorization | 成功產生授權碼, code=8459dfcd-67ca-4c7d-8bc0-fa6a1ec39816, clientId=12345.apps.picusercontent.com, userId=33
2025-11-26 16:43:41.796 | INFO  | traceId=b13b9f45-519c-41f9-97dc-2b740a50f645 | c.e.p.c.RequestLogInterceptor.afterCompletion | API: GET /api/oauth/approve | Status=302 | 耗時=37ms
2025-11-26 16:43:42.205 | INFO  | traceId=8b9d5e00-bad2-4439-957c-4b929563fcf6 | c.e.p.c.RequestLogInterceptor.afterCompletion | API: POST /api/oauth/token | Status=200 | 耗時=95ms
2025-11-26 16:43:42.230 | INFO  | traceId=48ffdbef-1556-4def-8891-4d93c7f32539 | c.e.p.c.RequestLogInterceptor.afterCompletion | API: GET /.well-known/jwks.json | Status=200 | 耗時=9ms
2025-11-26 16:43:42.396 | INFO  | traceId=f3cdf742-c5f3-420d-b51e-3e5c542248c5 | c.e.p.c.RequestLogInterceptor.afterCompletion | API: GET /api/oauth/userInfo | Status=200 | 耗時=20ms
2025-11-26 16:43:46.495 | INFO  | traceId=c289f42b-cdbd-4125-9cec-ee7d9ac20a0c | c.e.pic.ServiceImpl.OauthImpl.getAuthUrl | 開始接收授權 url
2025-11-26 16:43:46.500 | INFO  | traceId=c289f42b-cdbd-4125-9cec-ee7d9ac20a0c | c.e.pic.ServiceImpl.OauthImpl.tryAutoLogin | 開始驗證是否免登入
2025-11-26 16:43:56.679 | WARN  | traceId=c289f42b-cdbd-4125-9cec-ee7d9ac20a0c | c.z.h.pool.ProxyConnection.checkException | HikariPool-1 - Connection org.postgresql.jdbc.PgConnection@5d58dc61 marked as broken because of SQLSTATE(08006), ErrorCode(0)
org.postgresql.util.PSQLException: An I/O error occurred while sending to the backend.
	at org.postgresql.core.v3.QueryExecutorImpl.execute(QueryExecutorImpl.java:399)
	at org.postgresql.jdbc.PgStatement.executeInternal(PgStatement.java:518)
	at org.postgresql.jdbc.PgStatement.execute(PgStatement.java:435)
	at org.postgresql.jdbc.PgPreparedStatement.executeWithFlags(PgPreparedStatement.java:196)
	at org.postgresql.jdbc.PgPreparedStatement.executeQuery(PgPreparedStatement.java:139)
	at com.zaxxer.hikari.pool.ProxyPreparedStatement.executeQuery(ProxyPreparedStatement.java:52)
	at com.zaxxer.hikari.pool.HikariProxyPreparedStatement.executeQuery(HikariProxyPreparedStatement.java)
	at org.hibernate.sql.results.jdbc.internal.DeferredResultSetAccess.executeQuery(DeferredResultSetAccess.java:251)
	at org.hibernate.sql.results.jdbc.internal.DeferredResultSetAccess.getResultSet(DeferredResultSetAccess.java:172)
	at org.hibernate.sql.results.jdbc.internal.JdbcValuesResultSetImpl.<init>(JdbcValuesResultSetImpl.java:74)
	at org.hibernate.sql.exec.internal.JdbcSelectExecutorStandardImpl.resolveJdbcValuesSource(JdbcSelectExecutorStandardImpl.java:355)
	at org.hibernate.sql.exec.internal.JdbcSelectExecutorStandardImpl.doExecuteQuery(JdbcSelectExecutorStandardImpl.java:137)
	at org.hibernate.sql.exec.internal.JdbcSelectExecutorStandardImpl.executeQuery(JdbcSelectExecutorStandardImpl.java:102)
	at org.hibernate.sql.exec.spi.JdbcSelectExecutor.executeQuery(JdbcSelectExecutor.java:91)
	at org.hibernate.sql.exec.spi.JdbcSelectExecutor.list(JdbcSelectExecutor.java:165)
	at org.hibernate.loader.ast.internal.SingleIdLoadPlan.load(SingleIdLoadPlan.java:145)
	at org.hibernate.loader.ast.internal.SingleIdLoadPlan.load(SingleIdLoadPlan.java:117)
	at org.hibernate.loader.ast.internal.SingleIdEntityLoaderStandardImpl.load(SingleIdEntityLoaderStandardImpl.java:74)
	at org.hibernate.persister.entity.AbstractEntityPersister.doLoad(AbstractEntityPersister.java:3908)
	at org.hibernate.persister.entity.AbstractEntityPersister.load(AbstractEntityPersister.java:3897)
	at org.hibernate.event.internal.DefaultLoadEventListener.loadFromDatasource(DefaultLoadEventListener.java:604)
	at org.hibernate.event.internal.DefaultLoadEventListener.loadFromCacheOrDatasource(DefaultLoadEventListener.java:590)
	at org.hibernate.event.internal.DefaultLoadEventListener.load(DefaultLoadEventListener.java:560)
	at org.hibernate.event.internal.DefaultLoadEventListener.doLoad(DefaultLoadEventListener.java:544)
	at org.hibernate.event.internal.DefaultLoadEventListener.load(DefaultLoadEventListener.java:206)
	at org.hibernate.event.internal.DefaultLoadEventListener.loadWithRegularProxy(DefaultLoadEventListener.java:289)
	at org.hibernate.event.internal.DefaultLoadEventListener.proxyOrLoad(DefaultLoadEventListener.java:241)
	at org.hibernate.event.internal.DefaultLoadEventListener.doOnLoad(DefaultLoadEventListener.java:110)
	at org.hibernate.event.internal.DefaultLoadEventListener.onLoad(DefaultLoadEventListener.java:69)
	at org.hibernate.event.service.internal.EventListenerGroupImpl.fireEventOnEachListener(EventListenerGroupImpl.java:138)
	at org.hibernate.internal.SessionImpl.fireLoadNoChecks(SessionImpl.java:1229)
	at org.hibernate.internal.SessionImpl.fireLoad(SessionImpl.java:1217)
	at org.hibernate.loader.internal.IdentifierLoadAccessImpl.load(IdentifierLoadAccessImpl.java:210)
	at org.hibernate.loader.internal.IdentifierLoadAccessImpl.doLoad(IdentifierLoadAccessImpl.java:161)
	at org.hibernate.loader.internal.IdentifierLoadAccessImpl.lambda$load$1(IdentifierLoadAccessImpl.java:150)
	at org.hibernate.loader.internal.IdentifierLoadAccessImpl.perform(IdentifierLoadAccessImpl.java:113)
	at org.hibernate.loader.internal.IdentifierLoadAccessImpl.load(IdentifierLoadAccessImpl.java:150)
	at org.hibernate.internal.SessionImpl.get(SessionImpl.java:1030)
	at org.hibernate.event.internal.DefaultMergeEventListener.lambda$entityIsDetached$0(DefaultMergeEventListener.java:413)
	at org.hibernate.engine.spi.LoadQueryInfluencers.fromInternalFetchProfile(LoadQueryInfluencers.java:109)
	at org.hibernate.event.internal.DefaultMergeEventListener.entityIsDetached(DefaultMergeEventListener.java:411)
	at org.hibernate.event.internal.DefaultMergeEventListener.merge(DefaultMergeEventListener.java:214)
	at org.hibernate.event.internal.DefaultMergeEventListener.doMerge(DefaultMergeEventListener.java:152)
	at org.hibernate.event.internal.DefaultMergeEventListener.onMerge(DefaultMergeEventListener.java:136)
	at org.hibernate.event.internal.DefaultMergeEventListener.onMerge(DefaultMergeEventListener.java:89)
	at org.hibernate.event.service.internal.EventListenerGroupImpl.fireEventOnEachListener(EventListenerGroupImpl.java:127)
	at org.hibernate.internal.SessionImpl.fireMerge(SessionImpl.java:854)
	at org.hibernate.internal.SessionImpl.merge(SessionImpl.java:840)
	at java.base/jdk.internal.reflect.DirectMethodHandleAccessor.invoke(DirectMethodHandleAccessor.java:103)
	at java.base/java.lang.reflect.Method.invoke(Method.java:580)
	at org.springframework.orm.jpa.ExtendedEntityManagerCreator$ExtendedEntityManagerInvocationHandler.invoke(ExtendedEntityManagerCreator.java:364)
	at jdk.proxy2/jdk.proxy2.$Proxy118.merge(Unknown Source)
	at java.base/jdk.internal.reflect.DirectMethodHandleAccessor.invoke(DirectMethodHandleAccessor.java:103)
	at java.base/java.lang.reflect.Method.invoke(Method.java:580)
	at org.springframework.orm.jpa.SharedEntityManagerCreator$SharedEntityManagerInvocationHandler.invoke(SharedEntityManagerCreator.java:320)
	at jdk.proxy2/jdk.proxy2.$Proxy118.merge(Unknown Source)
	at org.springframework.data.jpa.repository.support.SimpleJpaRepository.save(SimpleJpaRepository.java:657)
	at java.base/jdk.internal.reflect.DirectMethodHandleAccessor.invoke(DirectMethodHandleAccessor.java:103)
	at java.base/java.lang.reflect.Method.invoke(Method.java:580)
	at org.springframework.aop.support.AopUtils.invokeJoinpointUsingReflection(AopUtils.java:360)
	at org.springframework.data.repository.core.support.RepositoryMethodInvoker$RepositoryFragmentMethodInvoker.lambda$new$0(RepositoryMethodInvoker.java:277)
	at org.springframework.data.repository.core.support.RepositoryMethodInvoker.doInvoke(RepositoryMethodInvoker.java:170)
	at org.springframework.data.repository.core.support.RepositoryMethodInvoker.invoke(RepositoryMethodInvoker.java:158)
	at org.springframework.data.repository.core.support.RepositoryComposition$RepositoryFragments.invoke(RepositoryComposition.java:515)
	at org.springframework.data.repository.core.support.RepositoryComposition.invoke(RepositoryComposition.java:284)
	at org.springframework.data.repository.core.support.RepositoryFactorySupport$ImplementationMethodExecutionInterceptor.invoke(RepositoryFactorySupport.java:734)
	at org.springframework.aop.framework.ReflectiveMethodInvocation.proceed(ReflectiveMethodInvocation.java:184)
	at org.springframework.data.repository.core.support.QueryExecutorMethodInterceptor.doInvoke(QueryExecutorMethodInterceptor.java:174)
	at org.springframework.data.repository.core.support.QueryExecutorMethodInterceptor.invoke(QueryExecutorMethodInterceptor.java:149)
	at org.springframework.aop.framework.ReflectiveMethodInvocation.proceed(ReflectiveMethodInvocation.java:184)
	at org.springframework.data.projection.DefaultMethodInvokingMethodInterceptor.invoke(DefaultMethodInvokingMethodInterceptor.java:69)
	at org.springframework.aop.framework.ReflectiveMethodInvocation.proceed(ReflectiveMethodInvocation.java:184)
	at org.springframework.transaction.interceptor.TransactionAspectSupport.invokeWithinTransaction(TransactionAspectSupport.java:380)
	at org.springframework.transaction.interceptor.TransactionInterceptor.invoke(TransactionInterceptor.java:119)
	at org.springframework.aop.framework.ReflectiveMethodInvocation.proceed(ReflectiveMethodInvocation.java:184)
	at org.springframework.dao.support.PersistenceExceptionTranslationInterceptor.invoke(PersistenceExceptionTranslationInterceptor.java:138)
	at org.springframework.aop.framework.ReflectiveMethodInvocation.proceed(ReflectiveMethodInvocation.java:184)
	at org.springframework.data.jpa.repository.support.CrudMethodMetadataPostProcessor$CrudMethodMetadataPopulatingMethodInterceptor.invoke(CrudMethodMetadataPostProcessor.java:165)
	at org.springframework.aop.framework.ReflectiveMethodInvocation.proceed(ReflectiveMethodInvocation.java:184)
	at org.springframework.aop.framework.JdkDynamicAopProxy.invoke(JdkDynamicAopProxy.java:223)
	at jdk.proxy2/jdk.proxy2.$Proxy125.save(Unknown Source)
	at com.example.pic.ServiceImpl.OauthImpl.tryAutoLogin(OauthImpl.java:371)
	at com.example.pic.ServiceImpl.OauthImpl.getAuthUrl(OauthImpl.java:156)
	at java.base/jdk.internal.reflect.DirectMethodHandleAccessor.invoke(DirectMethodHandleAccessor.java:103)
	at java.base/java.lang.reflect.Method.invoke(Method.java:580)
	at org.springframework.aop.support.AopUtils.invokeJoinpointUsingReflection(AopUtils.java:360)
	at org.springframework.aop.framework.CglibAopProxy$DynamicAdvisedInterceptor.intercept(CglibAopProxy.java:724)
	at com.example.pic.ServiceImpl.OauthImpl$$SpringCGLIB$$0.getAuthUrl(<generated>)
	at com.example.pic.Controller.OidcController.getAuthCode(OidcController.java:63)
	at java.base/jdk.internal.reflect.DirectMethodHandleAccessor.invoke(DirectMethodHandleAccessor.java:103)
	at java.base/java.lang.reflect.Method.invoke(Method.java:580)
	at org.springframework.web.method.support.InvocableHandlerMethod.doInvoke(InvocableHandlerMethod.java:258)
	at org.springframework.web.method.support.InvocableHandlerMethod.invokeForRequest(InvocableHandlerMethod.java:191)
	at org.springframework.web.servlet.mvc.method.annotation.ServletInvocableHandlerMethod.invokeAndHandle(ServletInvocableHandlerMethod.java:118)
	at org.springframework.web.servlet.mvc.method.annotation.RequestMappingHandlerAdapter.invokeHandlerMethod(RequestMappingHandlerAdapter.java:991)
	at org.springframework.web.servlet.mvc.method.annotation.RequestMappingHandlerAdapter.handleInternal(RequestMappingHandlerAdapter.java:896)
	at org.springframework.web.servlet.mvc.method.AbstractHandlerMethodAdapter.handle(AbstractHandlerMethodAdapter.java:87)
	at org.springframework.web.servlet.DispatcherServlet.doDispatch(DispatcherServlet.java:1089)
	at org.springframework.web.servlet.DispatcherServlet.doService(DispatcherServlet.java:979)
	at org.springframework.web.servlet.FrameworkServlet.processRequest(FrameworkServlet.java:1014)
	at org.springframework.web.servlet.FrameworkServlet.doGet(FrameworkServlet.java:903)
	at jakarta.servlet.http.HttpServlet.service(HttpServlet.java:564)
	at org.springframework.web.servlet.FrameworkServlet.service(FrameworkServlet.java:885)
	at jakarta.servlet.http.HttpServlet.service(HttpServlet.java:658)
	at org.apache.catalina.core.ApplicationFilterChain.internalDoFilter(ApplicationFilterChain.java:195)
	at org.apache.catalina.core.ApplicationFilterChain.doFilter(ApplicationFilterChain.java:140)
	at org.apache.tomcat.websocket.server.WsFilter.doFilter(WsFilter.java:51)
	at org.apache.catalina.core.ApplicationFilterChain.internalDoFilter(ApplicationFilterChain.java:164)
	at org.apache.catalina.core.ApplicationFilterChain.doFilter(ApplicationFilterChain.java:140)
	at com.example.pic.config.TraceIdFilter.doFilter(TraceIdFilter.java:29)
	at org.apache.catalina.core.ApplicationFilterChain.internalDoFilter(ApplicationFilterChain.java:164)
	at org.apache.catalina.core.ApplicationFilterChain.doFilter(ApplicationFilterChain.java:140)
	at org.springframework.web.filter.RequestContextFilter.doFilterInternal(RequestContextFilter.java:100)
	at org.springframework.web.filter.OncePerRequestFilter.doFilter(OncePerRequestFilter.java:116)
	at org.apache.catalina.core.ApplicationFilterChain.internalDoFilter(ApplicationFilterChain.java:164)
	at org.apache.catalina.core.ApplicationFilterChain.doFilter(ApplicationFilterChain.java:140)
	at org.springframework.web.filter.FormContentFilter.doFilterInternal(FormContentFilter.java:93)
	at org.springframework.web.filter.OncePerRequestFilter.doFilter(OncePerRequestFilter.java:116)
	at org.apache.catalina.core.ApplicationFilterChain.internalDoFilter(ApplicationFilterChain.java:164)
	at org.apache.catalina.core.ApplicationFilterChain.doFilter(ApplicationFilterChain.java:140)
	at org.springframework.web.filter.CharacterEncodingFilter.doFilterInternal(CharacterEncodingFilter.java:201)
	at org.springframework.web.filter.OncePerRequestFilter.doFilter(OncePerRequestFilter.java:116)
	at org.apache.catalina.core.ApplicationFilterChain.internalDoFilter(ApplicationFilterChain.java:164)
	at org.apache.catalina.core.ApplicationFilterChain.doFilter(ApplicationFilterChain.java:140)
	at org.apache.catalina.core.StandardWrapperValve.invoke(StandardWrapperValve.java:167)
	at org.apache.catalina.core.StandardContextValve.invoke(StandardContextValve.java:90)
	at org.apache.catalina.authenticator.AuthenticatorBase.invoke(AuthenticatorBase.java:483)
	at org.apache.catalina.core.StandardHostValve.invoke(StandardHostValve.java:116)
	at org.apache.catalina.valves.ErrorReportValve.invoke(ErrorReportValve.java:93)
	at org.apache.catalina.core.StandardEngineValve.invoke(StandardEngineValve.java:74)
	at org.apache.catalina.connector.CoyoteAdapter.service(CoyoteAdapter.java:344)
	at org.apache.coyote.http11.Http11Processor.service(Http11Processor.java:398)
	at org.apache.coyote.AbstractProcessorLight.process(AbstractProcessorLight.java:63)
	at org.apache.coyote.AbstractProtocol$ConnectionHandler.process(AbstractProtocol.java:903)
	at org.apache.tomcat.util.net.NioEndpoint$SocketProcessor.doRun(NioEndpoint.java:1776)
	at org.apache.tomcat.util.net.SocketProcessorBase.run(SocketProcessorBase.java:52)
	at org.apache.tomcat.util.threads.ThreadPoolExecutor.runWorker(ThreadPoolExecutor.java:975)
	at org.apache.tomcat.util.threads.ThreadPoolExecutor$Worker.run(ThreadPoolExecutor.java:493)
	at org.apache.tomcat.util.threads.TaskThread$WrappingRunnable.run(TaskThread.java:63)
	at java.base/java.lang.Thread.run(Thread.java:1583)
Caused by: java.net.SocketException: Connection reset by peer
	at java.base/sun.nio.ch.SocketDispatcher.write0(Native Method)
	at java.base/sun.nio.ch.SocketDispatcher.write(SocketDispatcher.java:54)
	at java.base/sun.nio.ch.NioSocketImpl.tryWrite(NioSocketImpl.java:394)
	at java.base/sun.nio.ch.NioSocketImpl.implWrite(NioSocketImpl.java:410)
	at java.base/sun.nio.ch.NioSocketImpl.write(NioSocketImpl.java:440)
	at java.base/sun.nio.ch.NioSocketImpl$2.write(NioSocketImpl.java:819)
	at java.base/java.net.Socket$SocketOutputStream.write(Socket.java:1195)
	at org.postgresql.util.internal.PgBufferedOutputStream.flushBuffer(PgBufferedOutputStream.java:41)
	at org.postgresql.util.internal.PgBufferedOutputStream.flush(PgBufferedOutputStream.java:48)
	at org.postgresql.core.PGStream.flush(PGStream.java:708)
	at org.postgresql.core.v3.QueryExecutorImpl.sendSimpleQuery(QueryExecutorImpl.java:2063)
	at org.postgresql.core.v3.QueryExecutorImpl.sendOneQuery(QueryExecutorImpl.java:1944)
	at org.postgresql.core.v3.QueryExecutorImpl.sendQueryPreamble(QueryExecutorImpl.java:624)
	at org.postgresql.core.v3.QueryExecutorImpl.execute(QueryExecutorImpl.java:362)
	... 139 common frames omitted
2025-11-26 16:43:56.683 | WARN  | traceId=c289f42b-cdbd-4125-9cec-ee7d9ac20a0c | o.h.e.j.spi.SqlExceptionHelper.logExceptions | SQL Error: 0, SQLState: 08006
2025-11-26 16:43:56.684 | ERROR | traceId=c289f42b-cdbd-4125-9cec-ee7d9ac20a0c | o.h.e.j.spi.SqlExceptionHelper.logExceptions | An I/O error occurred while sending to the backend.
2025-11-26 16:43:56.687 | INFO  | traceId=c289f42b-cdbd-4125-9cec-ee7d9ac20a0c | o.h.e.i.DefaultLoadEventListener.doOnLoad | HHH000327: Error performing load command
org.hibernate.exception.JDBCConnectionException: JDBC exception executing SQL [select oact1_0.code,oact1_0.client_id,oact1_0.code_challenge,oact1_0.code_challenge_method,oact1_0.expires_at,oact1_0.redirect_uri,oact1_0.scope,oact1_0.used,oact1_0.user_id from oauth_authorize_code oact1_0 where oact1_0.code=?] [An I/O error occurred while sending to the backend.] [n/a]
	at org.hibernate.exception.internal.SQLStateConversionDelegate.convert(SQLStateConversionDelegate.java:100)
	at org.hibernate.exception.internal.StandardSQLExceptionConverter.convert(StandardSQLExceptionConverter.java:58)
	at org.hibernate.engine.jdbc.spi.SqlExceptionHelper.convert(SqlExceptionHelper.java:108)
	at org.hibernate.engine.jdbc.spi.SqlExceptionHelper.convert(SqlExceptionHelper.java:94)
	at org.hibernate.sql.results.jdbc.internal.DeferredResultSetAccess.executeQuery(DeferredResultSetAccess.java:269)
	at org.hibernate.sql.results.jdbc.internal.DeferredResultSetAccess.getResultSet(DeferredResultSetAccess.java:172)
	at org.hibernate.sql.results.jdbc.internal.JdbcValuesResultSetImpl.<init>(JdbcValuesResultSetImpl.java:74)
	at org.hibernate.sql.exec.internal.JdbcSelectExecutorStandardImpl.resolveJdbcValuesSource(JdbcSelectExecutorStandardImpl.java:355)
	at org.hibernate.sql.exec.internal.JdbcSelectExecutorStandardImpl.doExecuteQuery(JdbcSelectExecutorStandardImpl.java:137)
	at org.hibernate.sql.exec.internal.JdbcSelectExecutorStandardImpl.executeQuery(JdbcSelectExecutorStandardImpl.java:102)
	at org.hibernate.sql.exec.spi.JdbcSelectExecutor.executeQuery(JdbcSelectExecutor.java:91)
	at org.hibernate.sql.exec.spi.JdbcSelectExecutor.list(JdbcSelectExecutor.java:165)
	at org.hibernate.loader.ast.internal.SingleIdLoadPlan.load(SingleIdLoadPlan.java:145)
	at org.hibernate.loader.ast.internal.SingleIdLoadPlan.load(SingleIdLoadPlan.java:117)
	at org.hibernate.loader.ast.internal.SingleIdEntityLoaderStandardImpl.load(SingleIdEntityLoaderStandardImpl.java:74)
	at org.hibernate.persister.entity.AbstractEntityPersister.doLoad(AbstractEntityPersister.java:3908)
	at org.hibernate.persister.entity.AbstractEntityPersister.load(AbstractEntityPersister.java:3897)
	at org.hibernate.event.internal.DefaultLoadEventListener.loadFromDatasource(DefaultLoadEventListener.java:604)
	at org.hibernate.event.internal.DefaultLoadEventListener.loadFromCacheOrDatasource(DefaultLoadEventListener.java:590)
	at org.hibernate.event.internal.DefaultLoadEventListener.load(DefaultLoadEventListener.java:560)
	at org.hibernate.event.internal.DefaultLoadEventListener.doLoad(DefaultLoadEventListener.java:544)
	at org.hibernate.event.internal.DefaultLoadEventListener.load(DefaultLoadEventListener.java:206)
	at org.hibernate.event.internal.DefaultLoadEventListener.loadWithRegularProxy(DefaultLoadEventListener.java:289)
	at org.hibernate.event.internal.DefaultLoadEventListener.proxyOrLoad(DefaultLoadEventListener.java:241)
	at org.hibernate.event.internal.DefaultLoadEventListener.doOnLoad(DefaultLoadEventListener.java:110)
	at org.hibernate.event.internal.DefaultLoadEventListener.onLoad(DefaultLoadEventListener.java:69)
	at org.hibernate.event.service.internal.EventListenerGroupImpl.fireEventOnEachListener(EventListenerGroupImpl.java:138)
	at org.hibernate.internal.SessionImpl.fireLoadNoChecks(SessionImpl.java:1229)
	at org.hibernate.internal.SessionImpl.fireLoad(SessionImpl.java:1217)
	at org.hibernate.loader.internal.IdentifierLoadAccessImpl.load(IdentifierLoadAccessImpl.java:210)
	at org.hibernate.loader.internal.IdentifierLoadAccessImpl.doLoad(IdentifierLoadAccessImpl.java:161)
	at org.hibernate.loader.internal.IdentifierLoadAccessImpl.lambda$load$1(IdentifierLoadAccessImpl.java:150)
	at org.hibernate.loader.internal.IdentifierLoadAccessImpl.perform(IdentifierLoadAccessImpl.java:113)
	at org.hibernate.loader.internal.IdentifierLoadAccessImpl.load(IdentifierLoadAccessImpl.java:150)
	at org.hibernate.internal.SessionImpl.get(SessionImpl.java:1030)
	at org.hibernate.event.internal.DefaultMergeEventListener.lambda$entityIsDetached$0(DefaultMergeEventListener.java:413)
	at org.hibernate.engine.spi.LoadQueryInfluencers.fromInternalFetchProfile(LoadQueryInfluencers.java:109)
	at org.hibernate.event.internal.DefaultMergeEventListener.entityIsDetached(DefaultMergeEventListener.java:411)
	at org.hibernate.event.internal.DefaultMergeEventListener.merge(DefaultMergeEventListener.java:214)
	at org.hibernate.event.internal.DefaultMergeEventListener.doMerge(DefaultMergeEventListener.java:152)
	at org.hibernate.event.internal.DefaultMergeEventListener.onMerge(DefaultMergeEventListener.java:136)
	at org.hibernate.event.internal.DefaultMergeEventListener.onMerge(DefaultMergeEventListener.java:89)
	at org.hibernate.event.service.internal.EventListenerGroupImpl.fireEventOnEachListener(EventListenerGroupImpl.java:127)
	at org.hibernate.internal.SessionImpl.fireMerge(SessionImpl.java:854)
	at org.hibernate.internal.SessionImpl.merge(SessionImpl.java:840)
	at java.base/jdk.internal.reflect.DirectMethodHandleAccessor.invoke(DirectMethodHandleAccessor.java:103)
	at java.base/java.lang.reflect.Method.invoke(Method.java:580)
	at org.springframework.orm.jpa.ExtendedEntityManagerCreator$ExtendedEntityManagerInvocationHandler.invoke(ExtendedEntityManagerCreator.java:364)
	at jdk.proxy2/jdk.proxy2.$Proxy118.merge(Unknown Source)
	at java.base/jdk.internal.reflect.DirectMethodHandleAccessor.invoke(DirectMethodHandleAccessor.java:103)
	at java.base/java.lang.reflect.Method.invoke(Method.java:580)
	at org.springframework.orm.jpa.SharedEntityManagerCreator$SharedEntityManagerInvocationHandler.invoke(SharedEntityManagerCreator.java:320)
	at jdk.proxy2/jdk.proxy2.$Proxy118.merge(Unknown Source)
	at org.springframework.data.jpa.repository.support.SimpleJpaRepository.save(SimpleJpaRepository.java:657)
	at java.base/jdk.internal.reflect.DirectMethodHandleAccessor.invoke(DirectMethodHandleAccessor.java:103)
	at java.base/java.lang.reflect.Method.invoke(Method.java:580)
	at org.springframework.aop.support.AopUtils.invokeJoinpointUsingReflection(AopUtils.java:360)
	at org.springframework.data.repository.core.support.RepositoryMethodInvoker$RepositoryFragmentMethodInvoker.lambda$new$0(RepositoryMethodInvoker.java:277)
	at org.springframework.data.repository.core.support.RepositoryMethodInvoker.doInvoke(RepositoryMethodInvoker.java:170)
	at org.springframework.data.repository.core.support.RepositoryMethodInvoker.invoke(RepositoryMethodInvoker.java:158)
	at org.springframework.data.repository.core.support.RepositoryComposition$RepositoryFragments.invoke(RepositoryComposition.java:515)
	at org.springframework.data.repository.core.support.RepositoryComposition.invoke(RepositoryComposition.java:284)
	at org.springframework.data.repository.core.support.RepositoryFactorySupport$ImplementationMethodExecutionInterceptor.invoke(RepositoryFactorySupport.java:734)
	at org.springframework.aop.framework.ReflectiveMethodInvocation.proceed(ReflectiveMethodInvocation.java:184)
	at org.springframework.data.repository.core.support.QueryExecutorMethodInterceptor.doInvoke(QueryExecutorMethodInterceptor.java:174)
	at org.springframework.data.repository.core.support.QueryExecutorMethodInterceptor.invoke(QueryExecutorMethodInterceptor.java:149)
	at org.springframework.aop.framework.ReflectiveMethodInvocation.proceed(ReflectiveMethodInvocation.java:184)
	at org.springframework.data.projection.DefaultMethodInvokingMethodInterceptor.invoke(DefaultMethodInvokingMethodInterceptor.java:69)
	at org.springframework.aop.framework.ReflectiveMethodInvocation.proceed(ReflectiveMethodInvocation.java:184)
	at org.springframework.transaction.interceptor.TransactionAspectSupport.invokeWithinTransaction(TransactionAspectSupport.java:380)
	at org.springframework.transaction.interceptor.TransactionInterceptor.invoke(TransactionInterceptor.java:119)
	at org.springframework.aop.framework.ReflectiveMethodInvocation.proceed(ReflectiveMethodInvocation.java:184)
	at org.springframework.dao.support.PersistenceExceptionTranslationInterceptor.invoke(PersistenceExceptionTranslationInterceptor.java:138)
	at org.springframework.aop.framework.ReflectiveMethodInvocation.proceed(ReflectiveMethodInvocation.java:184)
	at org.springframework.data.jpa.repository.support.CrudMethodMetadataPostProcessor$CrudMethodMetadataPopulatingMethodInterceptor.invoke(CrudMethodMetadataPostProcessor.java:165)
	at org.springframework.aop.framework.ReflectiveMethodInvocation.proceed(ReflectiveMethodInvocation.java:184)
	at org.springframework.aop.framework.JdkDynamicAopProxy.invoke(JdkDynamicAopProxy.java:223)
	at jdk.proxy2/jdk.proxy2.$Proxy125.save(Unknown Source)
	at com.example.pic.ServiceImpl.OauthImpl.tryAutoLogin(OauthImpl.java:371)
	at com.example.pic.ServiceImpl.OauthImpl.getAuthUrl(OauthImpl.java:156)
	at java.base/jdk.internal.reflect.DirectMethodHandleAccessor.invoke(DirectMethodHandleAccessor.java:103)
	at java.base/java.lang.reflect.Method.invoke(Method.java:580)
	at org.springframework.aop.support.AopUtils.invokeJoinpointUsingReflection(AopUtils.java:360)
	at org.springframework.aop.framework.CglibAopProxy$DynamicAdvisedInterceptor.intercept(CglibAopProxy.java:724)
	at com.example.pic.ServiceImpl.OauthImpl$$SpringCGLIB$$0.getAuthUrl(<generated>)
	at com.example.pic.Controller.OidcController.getAuthCode(OidcController.java:63)
	at java.base/jdk.internal.reflect.DirectMethodHandleAccessor.invoke(DirectMethodHandleAccessor.java:103)
	at java.base/java.lang.reflect.Method.invoke(Method.java:580)
	at org.springframework.web.method.support.InvocableHandlerMethod.doInvoke(InvocableHandlerMethod.java:258)
	at org.springframework.web.method.support.InvocableHandlerMethod.invokeForRequest(InvocableHandlerMethod.java:191)
	at org.springframework.web.servlet.mvc.method.annotation.ServletInvocableHandlerMethod.invokeAndHandle(ServletInvocableHandlerMethod.java:118)
	at org.springframework.web.servlet.mvc.method.annotation.RequestMappingHandlerAdapter.invokeHandlerMethod(RequestMappingHandlerAdapter.java:991)
	at org.springframework.web.servlet.mvc.method.annotation.RequestMappingHandlerAdapter.handleInternal(RequestMappingHandlerAdapter.java:896)
	at org.springframework.web.servlet.mvc.method.AbstractHandlerMethodAdapter.handle(AbstractHandlerMethodAdapter.java:87)
	at org.springframework.web.servlet.DispatcherServlet.doDispatch(DispatcherServlet.java:1089)
	at org.springframework.web.servlet.DispatcherServlet.doService(DispatcherServlet.java:979)
	at org.springframework.web.servlet.FrameworkServlet.processRequest(FrameworkServlet.java:1014)
	at org.springframework.web.servlet.FrameworkServlet.doGet(FrameworkServlet.java:903)
	at jakarta.servlet.http.HttpServlet.service(HttpServlet.java:564)
	at org.springframework.web.servlet.FrameworkServlet.service(FrameworkServlet.java:885)
	at jakarta.servlet.http.HttpServlet.service(HttpServlet.java:658)
	at org.apache.catalina.core.ApplicationFilterChain.internalDoFilter(ApplicationFilterChain.java:195)
	at org.apache.catalina.core.ApplicationFilterChain.doFilter(ApplicationFilterChain.java:140)
	at org.apache.tomcat.websocket.server.WsFilter.doFilter(WsFilter.java:51)
	at org.apache.catalina.core.ApplicationFilterChain.internalDoFilter(ApplicationFilterChain.java:164)
	at org.apache.catalina.core.ApplicationFilterChain.doFilter(ApplicationFilterChain.java:140)
	at com.example.pic.config.TraceIdFilter.doFilter(TraceIdFilter.java:29)
	at org.apache.catalina.core.ApplicationFilterChain.internalDoFilter(ApplicationFilterChain.java:164)
	at org.apache.catalina.core.ApplicationFilterChain.doFilter(ApplicationFilterChain.java:140)
	at org.springframework.web.filter.RequestContextFilter.doFilterInternal(RequestContextFilter.java:100)
	at org.springframework.web.filter.OncePerRequestFilter.doFilter(OncePerRequestFilter.java:116)
	at org.apache.catalina.core.ApplicationFilterChain.internalDoFilter(ApplicationFilterChain.java:164)
	at org.apache.catalina.core.ApplicationFilterChain.doFilter(ApplicationFilterChain.java:140)
	at org.springframework.web.filter.FormContentFilter.doFilterInternal(FormContentFilter.java:93)
	at org.springframework.web.filter.OncePerRequestFilter.doFilter(OncePerRequestFilter.java:116)
	at org.apache.catalina.core.ApplicationFilterChain.internalDoFilter(ApplicationFilterChain.java:164)
	at org.apache.catalina.core.ApplicationFilterChain.doFilter(ApplicationFilterChain.java:140)
	at org.springframework.web.filter.CharacterEncodingFilter.doFilterInternal(CharacterEncodingFilter.java:201)
	at org.springframework.web.filter.OncePerRequestFilter.doFilter(OncePerRequestFilter.java:116)
	at org.apache.catalina.core.ApplicationFilterChain.internalDoFilter(ApplicationFilterChain.java:164)
	at org.apache.catalina.core.ApplicationFilterChain.doFilter(ApplicationFilterChain.java:140)
	at org.apache.catalina.core.StandardWrapperValve.invoke(StandardWrapperValve.java:167)
	at org.apache.catalina.core.StandardContextValve.invoke(StandardContextValve.java:90)
	at org.apache.catalina.authenticator.AuthenticatorBase.invoke(AuthenticatorBase.java:483)
	at org.apache.catalina.core.StandardHostValve.invoke(StandardHostValve.java:116)
	at org.apache.catalina.valves.ErrorReportValve.invoke(ErrorReportValve.java:93)
	at org.apache.catalina.core.StandardEngineValve.invoke(StandardEngineValve.java:74)
	at org.apache.catalina.connector.CoyoteAdapter.service(CoyoteAdapter.java:344)
	at org.apache.coyote.http11.Http11Processor.service(Http11Processor.java:398)
	at org.apache.coyote.AbstractProcessorLight.process(AbstractProcessorLight.java:63)
	at org.apache.coyote.AbstractProtocol$ConnectionHandler.process(AbstractProtocol.java:903)
	at org.apache.tomcat.util.net.NioEndpoint$SocketProcessor.doRun(NioEndpoint.java:1776)
	at org.apache.tomcat.util.net.SocketProcessorBase.run(SocketProcessorBase.java:52)
	at org.apache.tomcat.util.threads.ThreadPoolExecutor.runWorker(ThreadPoolExecutor.java:975)
	at org.apache.tomcat.util.threads.ThreadPoolExecutor$Worker.run(ThreadPoolExecutor.java:493)
	at org.apache.tomcat.util.threads.TaskThread$WrappingRunnable.run(TaskThread.java:63)
	at java.base/java.lang.Thread.run(Thread.java:1583)
Caused by: org.postgresql.util.PSQLException: An I/O error occurred while sending to the backend.
	at org.postgresql.core.v3.QueryExecutorImpl.execute(QueryExecutorImpl.java:399)
	at org.postgresql.jdbc.PgStatement.executeInternal(PgStatement.java:518)
	at org.postgresql.jdbc.PgStatement.execute(PgStatement.java:435)
	at org.postgresql.jdbc.PgPreparedStatement.executeWithFlags(PgPreparedStatement.java:196)
	at org.postgresql.jdbc.PgPreparedStatement.executeQuery(PgPreparedStatement.java:139)
	at com.zaxxer.hikari.pool.ProxyPreparedStatement.executeQuery(ProxyPreparedStatement.java:52)
	at com.zaxxer.hikari.pool.HikariProxyPreparedStatement.executeQuery(HikariProxyPreparedStatement.java)
	at org.hibernate.sql.results.jdbc.internal.DeferredResultSetAccess.executeQuery(DeferredResultSetAccess.java:251)
	... 132 common frames omitted
Caused by: java.net.SocketException: Connection reset by peer
	at java.base/sun.nio.ch.SocketDispatcher.write0(Native Method)
	at java.base/sun.nio.ch.SocketDispatcher.write(SocketDispatcher.java:54)
	at java.base/sun.nio.ch.NioSocketImpl.tryWrite(NioSocketImpl.java:394)
	at java.base/sun.nio.ch.NioSocketImpl.implWrite(NioSocketImpl.java:410)
	at java.base/sun.nio.ch.NioSocketImpl.write(NioSocketImpl.java:440)
	at java.base/sun.nio.ch.NioSocketImpl$2.write(NioSocketImpl.java:819)
	at java.base/java.net.Socket$SocketOutputStream.write(Socket.java:1195)
	at org.postgresql.util.internal.PgBufferedOutputStream.flushBuffer(PgBufferedOutputStream.java:41)
	at org.postgresql.util.internal.PgBufferedOutputStream.flush(PgBufferedOutputStream.java:48)
	at org.postgresql.core.PGStream.flush(PGStream.java:708)
	at org.postgresql.core.v3.QueryExecutorImpl.sendSimpleQuery(QueryExecutorImpl.java:2063)
	at org.postgresql.core.v3.QueryExecutorImpl.sendOneQuery(QueryExecutorImpl.java:1944)
	at org.postgresql.core.v3.QueryExecutorImpl.sendQueryPreamble(QueryExecutorImpl.java:624)
	at org.postgresql.core.v3.QueryExecutorImpl.execute(QueryExecutorImpl.java:362)
	... 139 common frames omitted
2025-11-26 16:43:56.693 | ERROR | traceId=c289f42b-cdbd-4125-9cec-ee7d9ac20a0c | o.s.t.i.TransactionAspectSupport.completeTransactionAfterThrowing | Application exception overridden by rollback exception
org.hibernate.exception.JDBCConnectionException: JDBC exception executing SQL [select oact1_0.code,oact1_0.client_id,oact1_0.code_challenge,oact1_0.code_challenge_method,oact1_0.expires_at,oact1_0.redirect_uri,oact1_0.scope,oact1_0.used,oact1_0.user_id from oauth_authorize_code oact1_0 where oact1_0.code=?] [An I/O error occurred while sending to the backend.] [n/a]
	at org.hibernate.exception.internal.SQLStateConversionDelegate.convert(SQLStateConversionDelegate.java:100)
	at org.hibernate.exception.internal.StandardSQLExceptionConverter.convert(StandardSQLExceptionConverter.java:58)
	at org.hibernate.engine.jdbc.spi.SqlExceptionHelper.convert(SqlExceptionHelper.java:108)
	at org.hibernate.engine.jdbc.spi.SqlExceptionHelper.convert(SqlExceptionHelper.java:94)
	at org.hibernate.sql.results.jdbc.internal.DeferredResultSetAccess.executeQuery(DeferredResultSetAccess.java:269)
	at org.hibernate.sql.results.jdbc.internal.DeferredResultSetAccess.getResultSet(DeferredResultSetAccess.java:172)
	at org.hibernate.sql.results.jdbc.internal.JdbcValuesResultSetImpl.<init>(JdbcValuesResultSetImpl.java:74)
	at org.hibernate.sql.exec.internal.JdbcSelectExecutorStandardImpl.resolveJdbcValuesSource(JdbcSelectExecutorStandardImpl.java:355)
	at org.hibernate.sql.exec.internal.JdbcSelectExecutorStandardImpl.doExecuteQuery(JdbcSelectExecutorStandardImpl.java:137)
	at org.hibernate.sql.exec.internal.JdbcSelectExecutorStandardImpl.executeQuery(JdbcSelectExecutorStandardImpl.java:102)
	at org.hibernate.sql.exec.spi.JdbcSelectExecutor.executeQuery(JdbcSelectExecutor.java:91)
	at org.hibernate.sql.exec.spi.JdbcSelectExecutor.list(JdbcSelectExecutor.java:165)
	at org.hibernate.loader.ast.internal.SingleIdLoadPlan.load(SingleIdLoadPlan.java:145)
	at org.hibernate.loader.ast.internal.SingleIdLoadPlan.load(SingleIdLoadPlan.java:117)
	at org.hibernate.loader.ast.internal.SingleIdEntityLoaderStandardImpl.load(SingleIdEntityLoaderStandardImpl.java:74)
	at org.hibernate.persister.entity.AbstractEntityPersister.doLoad(AbstractEntityPersister.java:3908)
	at org.hibernate.persister.entity.AbstractEntityPersister.load(AbstractEntityPersister.java:3897)
	at org.hibernate.event.internal.DefaultLoadEventListener.loadFromDatasource(DefaultLoadEventListener.java:604)
	at org.hibernate.event.internal.DefaultLoadEventListener.loadFromCacheOrDatasource(DefaultLoadEventListener.java:590)
	at org.hibernate.event.internal.DefaultLoadEventListener.load(DefaultLoadEventListener.java:560)
	at org.hibernate.event.internal.DefaultLoadEventListener.doLoad(DefaultLoadEventListener.java:544)
	at org.hibernate.event.internal.DefaultLoadEventListener.load(DefaultLoadEventListener.java:206)
	at org.hibernate.event.internal.DefaultLoadEventListener.loadWithRegularProxy(DefaultLoadEventListener.java:289)
	at org.hibernate.event.internal.DefaultLoadEventListener.proxyOrLoad(DefaultLoadEventListener.java:241)
	at org.hibernate.event.internal.DefaultLoadEventListener.doOnLoad(DefaultLoadEventListener.java:110)
	at org.hibernate.event.internal.DefaultLoadEventListener.onLoad(DefaultLoadEventListener.java:69)
	at org.hibernate.event.service.internal.EventListenerGroupImpl.fireEventOnEachListener(EventListenerGroupImpl.java:138)
	at org.hibernate.internal.SessionImpl.fireLoadNoChecks(SessionImpl.java:1229)
	at org.hibernate.internal.SessionImpl.fireLoad(SessionImpl.java:1217)
	at org.hibernate.loader.internal.IdentifierLoadAccessImpl.load(IdentifierLoadAccessImpl.java:210)
	at org.hibernate.loader.internal.IdentifierLoadAccessImpl.doLoad(IdentifierLoadAccessImpl.java:161)
	at org.hibernate.loader.internal.IdentifierLoadAccessImpl.lambda$load$1(IdentifierLoadAccessImpl.java:150)
	at org.hibernate.loader.internal.IdentifierLoadAccessImpl.perform(IdentifierLoadAccessImpl.java:113)
	at org.hibernate.loader.internal.IdentifierLoadAccessImpl.load(IdentifierLoadAccessImpl.java:150)
	at org.hibernate.internal.SessionImpl.get(SessionImpl.java:1030)
	at org.hibernate.event.internal.DefaultMergeEventListener.lambda$entityIsDetached$0(DefaultMergeEventListener.java:413)
	at org.hibernate.engine.spi.LoadQueryInfluencers.fromInternalFetchProfile(LoadQueryInfluencers.java:109)
	at org.hibernate.event.internal.DefaultMergeEventListener.entityIsDetached(DefaultMergeEventListener.java:411)
	at org.hibernate.event.internal.DefaultMergeEventListener.merge(DefaultMergeEventListener.java:214)
	at org.hibernate.event.internal.DefaultMergeEventListener.doMerge(DefaultMergeEventListener.java:152)
	at org.hibernate.event.internal.DefaultMergeEventListener.onMerge(DefaultMergeEventListener.java:136)
	at org.hibernate.event.internal.DefaultMergeEventListener.onMerge(DefaultMergeEventListener.java:89)
	at org.hibernate.event.service.internal.EventListenerGroupImpl.fireEventOnEachListener(EventListenerGroupImpl.java:127)
	at org.hibernate.internal.SessionImpl.fireMerge(SessionImpl.java:854)
	at org.hibernate.internal.SessionImpl.merge(SessionImpl.java:840)
	at java.base/jdk.internal.reflect.DirectMethodHandleAccessor.invoke(DirectMethodHandleAccessor.java:103)
	at java.base/java.lang.reflect.Method.invoke(Method.java:580)
	at org.springframework.orm.jpa.ExtendedEntityManagerCreator$ExtendedEntityManagerInvocationHandler.invoke(ExtendedEntityManagerCreator.java:364)
	at jdk.proxy2/jdk.proxy2.$Proxy118.merge(Unknown Source)
	at java.base/jdk.internal.reflect.DirectMethodHandleAccessor.invoke(DirectMethodHandleAccessor.java:103)
	at java.base/java.lang.reflect.Method.invoke(Method.java:580)
	at org.springframework.orm.jpa.SharedEntityManagerCreator$SharedEntityManagerInvocationHandler.invoke(SharedEntityManagerCreator.java:320)
	at jdk.proxy2/jdk.proxy2.$Proxy118.merge(Unknown Source)
	at org.springframework.data.jpa.repository.support.SimpleJpaRepository.save(SimpleJpaRepository.java:657)
	at java.base/jdk.internal.reflect.DirectMethodHandleAccessor.invoke(DirectMethodHandleAccessor.java:103)
	at java.base/java.lang.reflect.Method.invoke(Method.java:580)
	at org.springframework.aop.support.AopUtils.invokeJoinpointUsingReflection(AopUtils.java:360)
	at org.springframework.data.repository.core.support.RepositoryMethodInvoker$RepositoryFragmentMethodInvoker.lambda$new$0(RepositoryMethodInvoker.java:277)
	at org.springframework.data.repository.core.support.RepositoryMethodInvoker.doInvoke(RepositoryMethodInvoker.java:170)
	at org.springframework.data.repository.core.support.RepositoryMethodInvoker.invoke(RepositoryMethodInvoker.java:158)
	at org.springframework.data.repository.core.support.RepositoryComposition$RepositoryFragments.invoke(RepositoryComposition.java:515)
	at org.springframework.data.repository.core.support.RepositoryComposition.invoke(RepositoryComposition.java:284)
	at org.springframework.data.repository.core.support.RepositoryFactorySupport$ImplementationMethodExecutionInterceptor.invoke(RepositoryFactorySupport.java:734)
	at org.springframework.aop.framework.ReflectiveMethodInvocation.proceed(ReflectiveMethodInvocation.java:184)
	at org.springframework.data.repository.core.support.QueryExecutorMethodInterceptor.doInvoke(QueryExecutorMethodInterceptor.java:174)
	at org.springframework.data.repository.core.support.QueryExecutorMethodInterceptor.invoke(QueryExecutorMethodInterceptor.java:149)
	at org.springframework.aop.framework.ReflectiveMethodInvocation.proceed(ReflectiveMethodInvocation.java:184)
	at org.springframework.data.projection.DefaultMethodInvokingMethodInterceptor.invoke(DefaultMethodInvokingMethodInterceptor.java:69)
	at org.springframework.aop.framework.ReflectiveMethodInvocation.proceed(ReflectiveMethodInvocation.java:184)
	at org.springframework.transaction.interceptor.TransactionAspectSupport.invokeWithinTransaction(TransactionAspectSupport.java:380)
	at org.springframework.transaction.interceptor.TransactionInterceptor.invoke(TransactionInterceptor.java:119)
	at org.springframework.aop.framework.ReflectiveMethodInvocation.proceed(ReflectiveMethodInvocation.java:184)
	at org.springframework.dao.support.PersistenceExceptionTranslationInterceptor.invoke(PersistenceExceptionTranslationInterceptor.java:138)
	at org.springframework.aop.framework.ReflectiveMethodInvocation.proceed(ReflectiveMethodInvocation.java:184)
	at org.springframework.data.jpa.repository.support.CrudMethodMetadataPostProcessor$CrudMethodMetadataPopulatingMethodInterceptor.invoke(CrudMethodMetadataPostProcessor.java:165)
	at org.springframework.aop.framework.ReflectiveMethodInvocation.proceed(ReflectiveMethodInvocation.java:184)
	at org.springframework.aop.framework.JdkDynamicAopProxy.invoke(JdkDynamicAopProxy.java:223)
	at jdk.proxy2/jdk.proxy2.$Proxy125.save(Unknown Source)
	at com.example.pic.ServiceImpl.OauthImpl.tryAutoLogin(OauthImpl.java:371)
	at com.example.pic.ServiceImpl.OauthImpl.getAuthUrl(OauthImpl.java:156)
	at java.base/jdk.internal.reflect.DirectMethodHandleAccessor.invoke(DirectMethodHandleAccessor.java:103)
	at java.base/java.lang.reflect.Method.invoke(Method.java:580)
	at org.springframework.aop.support.AopUtils.invokeJoinpointUsingReflection(AopUtils.java:360)
	at org.springframework.aop.framework.CglibAopProxy$DynamicAdvisedInterceptor.intercept(CglibAopProxy.java:724)
	at com.example.pic.ServiceImpl.OauthImpl$$SpringCGLIB$$0.getAuthUrl(<generated>)
	at com.example.pic.Controller.OidcController.getAuthCode(OidcController.java:63)
	at java.base/jdk.internal.reflect.DirectMethodHandleAccessor.invoke(DirectMethodHandleAccessor.java:103)
	at java.base/java.lang.reflect.Method.invoke(Method.java:580)
	at org.springframework.web.method.support.InvocableHandlerMethod.doInvoke(InvocableHandlerMethod.java:258)
	at org.springframework.web.method.support.InvocableHandlerMethod.invokeForRequest(InvocableHandlerMethod.java:191)
	at org.springframework.web.servlet.mvc.method.annotation.ServletInvocableHandlerMethod.invokeAndHandle(ServletInvocableHandlerMethod.java:118)
	at org.springframework.web.servlet.mvc.method.annotation.RequestMappingHandlerAdapter.invokeHandlerMethod(RequestMappingHandlerAdapter.java:991)
	at org.springframework.web.servlet.mvc.method.annotation.RequestMappingHandlerAdapter.handleInternal(RequestMappingHandlerAdapter.java:896)
	at org.springframework.web.servlet.mvc.method.AbstractHandlerMethodAdapter.handle(AbstractHandlerMethodAdapter.java:87)
	at org.springframework.web.servlet.DispatcherServlet.doDispatch(DispatcherServlet.java:1089)
	at org.springframework.web.servlet.DispatcherServlet.doService(DispatcherServlet.java:979)
	at org.springframework.web.servlet.FrameworkServlet.processRequest(FrameworkServlet.java:1014)
	at org.springframework.web.servlet.FrameworkServlet.doGet(FrameworkServlet.java:903)
	at jakarta.servlet.http.HttpServlet.service(HttpServlet.java:564)
	at org.springframework.web.servlet.FrameworkServlet.service(FrameworkServlet.java:885)
	at jakarta.servlet.http.HttpServlet.service(HttpServlet.java:658)
	at org.apache.catalina.core.ApplicationFilterChain.internalDoFilter(ApplicationFilterChain.java:195)
	at org.apache.catalina.core.ApplicationFilterChain.doFilter(ApplicationFilterChain.java:140)
	at org.apache.tomcat.websocket.server.WsFilter.doFilter(WsFilter.java:51)
	at org.apache.catalina.core.ApplicationFilterChain.internalDoFilter(ApplicationFilterChain.java:164)
	at org.apache.catalina.core.ApplicationFilterChain.doFilter(ApplicationFilterChain.java:140)
	at com.example.pic.config.TraceIdFilter.doFilter(TraceIdFilter.java:29)
	at org.apache.catalina.core.ApplicationFilterChain.internalDoFilter(ApplicationFilterChain.java:164)
	at org.apache.catalina.core.ApplicationFilterChain.doFilter(ApplicationFilterChain.java:140)
	at org.springframework.web.filter.RequestContextFilter.doFilterInternal(RequestContextFilter.java:100)
	at org.springframework.web.filter.OncePerRequestFilter.doFilter(OncePerRequestFilter.java:116)
	at org.apache.catalina.core.ApplicationFilterChain.internalDoFilter(ApplicationFilterChain.java:164)
	at org.apache.catalina.core.ApplicationFilterChain.doFilter(ApplicationFilterChain.java:140)
	at org.springframework.web.filter.FormContentFilter.doFilterInternal(FormContentFilter.java:93)
	at org.springframework.web.filter.OncePerRequestFilter.doFilter(OncePerRequestFilter.java:116)
	at org.apache.catalina.core.ApplicationFilterChain.internalDoFilter(ApplicationFilterChain.java:164)
	at org.apache.catalina.core.ApplicationFilterChain.doFilter(ApplicationFilterChain.java:140)
	at org.springframework.web.filter.CharacterEncodingFilter.doFilterInternal(CharacterEncodingFilter.java:201)
	at org.springframework.web.filter.OncePerRequestFilter.doFilter(OncePerRequestFilter.java:116)
	at org.apache.catalina.core.ApplicationFilterChain.internalDoFilter(ApplicationFilterChain.java:164)
	at org.apache.catalina.core.ApplicationFilterChain.doFilter(ApplicationFilterChain.java:140)
	at org.apache.catalina.core.StandardWrapperValve.invoke(StandardWrapperValve.java:167)
	at org.apache.catalina.core.StandardContextValve.invoke(StandardContextValve.java:90)
	at org.apache.catalina.authenticator.AuthenticatorBase.invoke(AuthenticatorBase.java:483)
	at org.apache.catalina.core.StandardHostValve.invoke(StandardHostValve.java:116)
	at org.apache.catalina.valves.ErrorReportValve.invoke(ErrorReportValve.java:93)
	at org.apache.catalina.core.StandardEngineValve.invoke(StandardEngineValve.java:74)
	at org.apache.catalina.connector.CoyoteAdapter.service(CoyoteAdapter.java:344)
	at org.apache.coyote.http11.Http11Processor.service(Http11Processor.java:398)
	at org.apache.coyote.AbstractProcessorLight.process(AbstractProcessorLight.java:63)
	at org.apache.coyote.AbstractProtocol$ConnectionHandler.process(AbstractProtocol.java:903)
	at org.apache.tomcat.util.net.NioEndpoint$SocketProcessor.doRun(NioEndpoint.java:1776)
	at org.apache.tomcat.util.net.SocketProcessorBase.run(SocketProcessorBase.java:52)
	at org.apache.tomcat.util.threads.ThreadPoolExecutor.runWorker(ThreadPoolExecutor.java:975)
	at org.apache.tomcat.util.threads.ThreadPoolExecutor$Worker.run(ThreadPoolExecutor.java:493)
	at org.apache.tomcat.util.threads.TaskThread$WrappingRunnable.run(TaskThread.java:63)
	at java.base/java.lang.Thread.run(Thread.java:1583)
Caused by: org.postgresql.util.PSQLException: An I/O error occurred while sending to the backend.
	at org.postgresql.core.v3.QueryExecutorImpl.execute(QueryExecutorImpl.java:399)
	at org.postgresql.jdbc.PgStatement.executeInternal(PgStatement.java:518)
	at org.postgresql.jdbc.PgStatement.execute(PgStatement.java:435)
	at org.postgresql.jdbc.PgPreparedStatement.executeWithFlags(PgPreparedStatement.java:196)
	at org.postgresql.jdbc.PgPreparedStatement.executeQuery(PgPreparedStatement.java:139)
	at com.zaxxer.hikari.pool.ProxyPreparedStatement.executeQuery(ProxyPreparedStatement.java:52)
	at com.zaxxer.hikari.pool.HikariProxyPreparedStatement.executeQuery(HikariProxyPreparedStatement.java)
	at org.hibernate.sql.results.jdbc.internal.DeferredResultSetAccess.executeQuery(DeferredResultSetAccess.java:251)
	... 132 common frames omitted
Caused by: java.net.SocketException: Connection reset by peer
	at java.base/sun.nio.ch.SocketDispatcher.write0(Native Method)
	at java.base/sun.nio.ch.SocketDispatcher.write(SocketDispatcher.java:54)
	at java.base/sun.nio.ch.NioSocketImpl.tryWrite(NioSocketImpl.java:394)
	at java.base/sun.nio.ch.NioSocketImpl.implWrite(NioSocketImpl.java:410)
	at java.base/sun.nio.ch.NioSocketImpl.write(NioSocketImpl.java:440)
	at java.base/sun.nio.ch.NioSocketImpl$2.write(NioSocketImpl.java:819)
	at java.base/java.net.Socket$SocketOutputStream.write(Socket.java:1195)
	at org.postgresql.util.internal.PgBufferedOutputStream.flushBuffer(PgBufferedOutputStream.java:41)
	at org.postgresql.util.internal.PgBufferedOutputStream.flush(PgBufferedOutputStream.java:48)
	at org.postgresql.core.PGStream.flush(PGStream.java:708)
	at org.postgresql.core.v3.QueryExecutorImpl.sendSimpleQuery(QueryExecutorImpl.java:2063)
	at org.postgresql.core.v3.QueryExecutorImpl.sendOneQuery(QueryExecutorImpl.java:1944)
	at org.postgresql.core.v3.QueryExecutorImpl.sendQueryPreamble(QueryExecutorImpl.java:624)
	at org.postgresql.core.v3.QueryExecutorImpl.execute(QueryExecutorImpl.java:362)
	... 139 common frames omitted
2025-11-26 16:43:56.696 | ERROR | traceId=c289f42b-cdbd-4125-9cec-ee7d9ac20a0c | c.e.pic.ServiceImpl.OauthImpl.tryAutoLogin | 儲存授權碼失敗
org.springframework.orm.jpa.JpaSystemException: Unable to rollback against JDBC Connection
	at org.springframework.orm.jpa.vendor.HibernateJpaDialect.convertHibernateAccessException(HibernateJpaDialect.java:348)
	at org.springframework.orm.jpa.vendor.HibernateJpaDialect.convertHibernateAccessException(HibernateJpaDialect.java:256)
	at org.springframework.orm.jpa.vendor.HibernateJpaDialect.translateExceptionIfPossible(HibernateJpaDialect.java:241)
	at org.springframework.orm.jpa.JpaTransactionManager.doRollback(JpaTransactionManager.java:594)
	at org.springframework.transaction.support.AbstractPlatformTransactionManager.processRollback(AbstractPlatformTransactionManager.java:897)
	at org.springframework.transaction.support.AbstractPlatformTransactionManager.rollback(AbstractPlatformTransactionManager.java:866)
	at org.springframework.transaction.interceptor.TransactionAspectSupport.completeTransactionAfterThrowing(TransactionAspectSupport.java:716)
	at org.springframework.transaction.interceptor.TransactionAspectSupport.invokeWithinTransaction(TransactionAspectSupport.java:384)
	at org.springframework.transaction.interceptor.TransactionInterceptor.invoke(TransactionInterceptor.java:119)
	at org.springframework.aop.framework.ReflectiveMethodInvocation.proceed(ReflectiveMethodInvocation.java:184)
	at org.springframework.dao.support.PersistenceExceptionTranslationInterceptor.invoke(PersistenceExceptionTranslationInterceptor.java:138)
	at org.springframework.aop.framework.ReflectiveMethodInvocation.proceed(ReflectiveMethodInvocation.java:184)
	at org.springframework.data.jpa.repository.support.CrudMethodMetadataPostProcessor$CrudMethodMetadataPopulatingMethodInterceptor.invoke(CrudMethodMetadataPostProcessor.java:165)
	at org.springframework.aop.framework.ReflectiveMethodInvocation.proceed(ReflectiveMethodInvocation.java:184)
	at org.springframework.aop.framework.JdkDynamicAopProxy.invoke(JdkDynamicAopProxy.java:223)
	at jdk.proxy2/jdk.proxy2.$Proxy125.save(Unknown Source)
	at com.example.pic.ServiceImpl.OauthImpl.tryAutoLogin(OauthImpl.java:371)
	at com.example.pic.ServiceImpl.OauthImpl.getAuthUrl(OauthImpl.java:156)
	at java.base/jdk.internal.reflect.DirectMethodHandleAccessor.invoke(DirectMethodHandleAccessor.java:103)
	at java.base/java.lang.reflect.Method.invoke(Method.java:580)
	at org.springframework.aop.support.AopUtils.invokeJoinpointUsingReflection(AopUtils.java:360)
	at org.springframework.aop.framework.CglibAopProxy$DynamicAdvisedInterceptor.intercept(CglibAopProxy.java:724)
	at com.example.pic.ServiceImpl.OauthImpl$$SpringCGLIB$$0.getAuthUrl(<generated>)
	at com.example.pic.Controller.OidcController.getAuthCode(OidcController.java:63)
	at java.base/jdk.internal.reflect.DirectMethodHandleAccessor.invoke(DirectMethodHandleAccessor.java:103)
	at java.base/java.lang.reflect.Method.invoke(Method.java:580)
	at org.springframework.web.method.support.InvocableHandlerMethod.doInvoke(InvocableHandlerMethod.java:258)
	at org.springframework.web.method.support.InvocableHandlerMethod.invokeForRequest(InvocableHandlerMethod.java:191)
	at org.springframework.web.servlet.mvc.method.annotation.ServletInvocableHandlerMethod.invokeAndHandle(ServletInvocableHandlerMethod.java:118)
	at org.springframework.web.servlet.mvc.method.annotation.RequestMappingHandlerAdapter.invokeHandlerMethod(RequestMappingHandlerAdapter.java:991)
	at org.springframework.web.servlet.mvc.method.annotation.RequestMappingHandlerAdapter.handleInternal(RequestMappingHandlerAdapter.java:896)
	at org.springframework.web.servlet.mvc.method.AbstractHandlerMethodAdapter.handle(AbstractHandlerMethodAdapter.java:87)
	at org.springframework.web.servlet.DispatcherServlet.doDispatch(DispatcherServlet.java:1089)
	at org.springframework.web.servlet.DispatcherServlet.doService(DispatcherServlet.java:979)
	at org.springframework.web.servlet.FrameworkServlet.processRequest(FrameworkServlet.java:1014)
	at org.springframework.web.servlet.FrameworkServlet.doGet(FrameworkServlet.java:903)
	at jakarta.servlet.http.HttpServlet.service(HttpServlet.java:564)
	at org.springframework.web.servlet.FrameworkServlet.service(FrameworkServlet.java:885)
	at jakarta.servlet.http.HttpServlet.service(HttpServlet.java:658)
	at org.apache.catalina.core.ApplicationFilterChain.internalDoFilter(ApplicationFilterChain.java:195)
	at org.apache.catalina.core.ApplicationFilterChain.doFilter(ApplicationFilterChain.java:140)
	at org.apache.tomcat.websocket.server.WsFilter.doFilter(WsFilter.java:51)
	at org.apache.catalina.core.ApplicationFilterChain.internalDoFilter(ApplicationFilterChain.java:164)
	at org.apache.catalina.core.ApplicationFilterChain.doFilter(ApplicationFilterChain.java:140)
	at com.example.pic.config.TraceIdFilter.doFilter(TraceIdFilter.java:29)
	at org.apache.catalina.core.ApplicationFilterChain.internalDoFilter(ApplicationFilterChain.java:164)
	at org.apache.catalina.core.ApplicationFilterChain.doFilter(ApplicationFilterChain.java:140)
	at org.springframework.web.filter.RequestContextFilter.doFilterInternal(RequestContextFilter.java:100)
	at org.springframework.web.filter.OncePerRequestFilter.doFilter(OncePerRequestFilter.java:116)
	at org.apache.catalina.core.ApplicationFilterChain.internalDoFilter(ApplicationFilterChain.java:164)
	at org.apache.catalina.core.ApplicationFilterChain.doFilter(ApplicationFilterChain.java:140)
	at org.springframework.web.filter.FormContentFilter.doFilterInternal(FormContentFilter.java:93)
	at org.springframework.web.filter.OncePerRequestFilter.doFilter(OncePerRequestFilter.java:116)
	at org.apache.catalina.core.ApplicationFilterChain.internalDoFilter(ApplicationFilterChain.java:164)
	at org.apache.catalina.core.ApplicationFilterChain.doFilter(ApplicationFilterChain.java:140)
	at org.springframework.web.filter.CharacterEncodingFilter.doFilterInternal(CharacterEncodingFilter.java:201)
	at org.springframework.web.filter.OncePerRequestFilter.doFilter(OncePerRequestFilter.java:116)
	at org.apache.catalina.core.ApplicationFilterChain.internalDoFilter(ApplicationFilterChain.java:164)
	at org.apache.catalina.core.ApplicationFilterChain.doFilter(ApplicationFilterChain.java:140)
	at org.apache.catalina.core.StandardWrapperValve.invoke(StandardWrapperValve.java:167)
	at org.apache.catalina.core.StandardContextValve.invoke(StandardContextValve.java:90)
	at org.apache.catalina.authenticator.AuthenticatorBase.invoke(AuthenticatorBase.java:483)
	at org.apache.catalina.core.StandardHostValve.invoke(StandardHostValve.java:116)
	at org.apache.catalina.valves.ErrorReportValve.invoke(ErrorReportValve.java:93)
	at org.apache.catalina.core.StandardEngineValve.invoke(StandardEngineValve.java:74)
	at org.apache.catalina.connector.CoyoteAdapter.service(CoyoteAdapter.java:344)
	at org.apache.coyote.http11.Http11Processor.service(Http11Processor.java:398)
	at org.apache.coyote.AbstractProcessorLight.process(AbstractProcessorLight.java:63)
	at org.apache.coyote.AbstractProtocol$ConnectionHandler.process(AbstractProtocol.java:903)
	at org.apache.tomcat.util.net.NioEndpoint$SocketProcessor.doRun(NioEndpoint.java:1776)
	at org.apache.tomcat.util.net.SocketProcessorBase.run(SocketProcessorBase.java:52)
	at org.apache.tomcat.util.threads.ThreadPoolExecutor.runWorker(ThreadPoolExecutor.java:975)
	at org.apache.tomcat.util.threads.ThreadPoolExecutor$Worker.run(ThreadPoolExecutor.java:493)
	at org.apache.tomcat.util.threads.TaskThread$WrappingRunnable.run(TaskThread.java:63)
	at java.base/java.lang.Thread.run(Thread.java:1583)
Caused by: org.hibernate.TransactionException: Unable to rollback against JDBC Connection
	at org.hibernate.resource.jdbc.internal.AbstractLogicalConnectionImplementor.rollback(AbstractLogicalConnectionImplementor.java:137)
	at org.hibernate.resource.transaction.backend.jdbc.internal.JdbcResourceLocalTransactionCoordinatorImpl$TransactionDriverControlImpl.rollback(JdbcResourceLocalTransactionCoordinatorImpl.java:289)
	at org.hibernate.engine.transaction.internal.TransactionImpl.rollback(TransactionImpl.java:142)
	at org.springframework.orm.jpa.JpaTransactionManager.doRollback(JpaTransactionManager.java:590)
	... 71 common frames omitted
Caused by: java.sql.SQLException: Connection is closed
	at com.zaxxer.hikari.pool.ProxyConnection$ClosedConnection.lambda$getClosedConnection$0(ProxyConnection.java:562)
	at jdk.proxy3/jdk.proxy3.$Proxy96.rollback(Unknown Source)
	at com.zaxxer.hikari.pool.ProxyConnection.rollback(ProxyConnection.java:386)
	at com.zaxxer.hikari.pool.HikariProxyConnection.rollback(HikariProxyConnection.java)
	at org.hibernate.resource.jdbc.internal.AbstractLogicalConnectionImplementor.rollback(AbstractLogicalConnectionImplementor.java:127)
	... 74 common frames omitted
2025-11-26 16:43:59.500 | INFO  | traceId=c289f42b-cdbd-4125-9cec-ee7d9ac20a0c | c.e.p.c.RequestLogInterceptor.afterCompletion | API: GET /api/oauth/authorize | Status=200 | 耗時=13006ms
2025-11-26 16:43:59.556 | INFO  | traceId=a808c755-2ac2-45e6-8293-d91110a77392 | c.e.p.c.RequestLogInterceptor.afterCompletion | API: GET /.well-known/appspecific/com.chrome.devtools.json | Status=200 | 耗時=9ms
2025-11-26 16:43:59.636 | INFO  | traceId=53da537a-3223-4b10-889f-549fd61e5c15 | c.e.p.c.RequestLogInterceptor.afterCompletion | API: GET /favicon.ico | Status=200 | 耗時=9ms
2025-11-26 16:44:15.738 | WARN  | traceId= | c.zaxxer.hikari.pool.PoolBase.isConnectionDead | HikariPool-1 - Failed to validate connection org.postgresql.jdbc.PgConnection@58b27966 (This connection has been closed.). Possibly consider using a shorter maxLifetime value.
2025-11-26 16:44:16.830 | WARN  | traceId= | c.zaxxer.hikari.pool.PoolBase.isConnectionDead | HikariPool-1 - Failed to validate connection org.postgresql.jdbc.PgConnection@198f735d (This connection has been closed.). Possibly consider using a shorter maxLifetime value.
2025-11-26 16:44:18.330 | WARN  | traceId= | c.zaxxer.hikari.pool.PoolBase.isConnectionDead | HikariPool-1 - Failed to validate connection org.postgresql.jdbc.PgConnection@636e36f9 (This connection has been closed.). Possibly consider using a shorter maxLifetime value.
2025-11-26 16:44:18.657 | WARN  | traceId= | c.zaxxer.hikari.pool.PoolBase.isConnectionDead | HikariPool-1 - Failed to validate connection org.postgresql.jdbc.PgConnection@285c0abb (This connection has been closed.). Possibly consider using a shorter maxLifetime value.
2025-11-26 16:44:18.999 | WARN  | traceId= | c.zaxxer.hikari.pool.PoolBase.isConnectionDead | HikariPool-1 - Failed to validate connection org.postgresql.jdbc.PgConnection@1b5711be (This connection has been closed.). Possibly consider using a shorter maxLifetime value.
2025-11-26 17:18:02.834 | INFO  | traceId= | o.s.boot.StartupInfoLogger.logStarting | Starting OidcPICApplication using Java 21.0.8 with PID 20084 (C:\Users\p10427815\git\OIDC_Demo\OIDC_PIC\target\classes started by p10427815 in C:\Users\p10427815\git\OIDC_Demo\OIDC_PIC)
2025-11-26 17:18:02.837 | INFO  | traceId= | o.s.boot.SpringApplication.logStartupProfileInfo | No active profile set, falling back to 1 default profile: "default"
2025-11-26 17:18:03.793 | INFO  | traceId= | o.s.d.r.c.RepositoryConfigurationDelegate.registerRepositoriesIn | Bootstrapping Spring Data JPA repositories in DEFAULT mode.
2025-11-26 17:18:03.892 | INFO  | traceId= | o.s.d.r.c.RepositoryConfigurationDelegate.registerRepositoriesIn | Finished Spring Data repository scanning in 83 ms. Found 5 JPA repository interfaces.
2025-11-26 17:18:05.030 | INFO  | traceId= | o.s.b.w.e.t.TomcatWebServer.initialize | Tomcat initialized with port 9090 (http)
2025-11-26 17:18:05.051 | INFO  | traceId= | o.a.juli.logging.DirectJDKLog.log | Initializing ProtocolHandler ["http-nio-9090"]
2025-11-26 17:18:05.056 | INFO  | traceId= | o.a.juli.logging.DirectJDKLog.log | Starting service [Tomcat]
2025-11-26 17:18:05.056 | INFO  | traceId= | o.a.juli.logging.DirectJDKLog.log | Starting Servlet engine: [Apache Tomcat/10.1.46]
2025-11-26 17:18:05.173 | INFO  | traceId= | o.a.juli.logging.DirectJDKLog.log | Initializing Spring embedded WebApplicationContext
2025-11-26 17:18:05.174 | INFO  | traceId= | o.s.b.w.s.c.ServletWebServerApplicationContext.prepareWebApplicationContext | Root WebApplicationContext: initialization completed in 2268 ms
2025-11-26 17:18:05.477 | INFO  | traceId= | o.h.j.internal.util.LogHelper.logPersistenceUnitInformation | HHH000204: Processing PersistenceUnitInfo [name: default]
2025-11-26 17:18:05.627 | INFO  | traceId= | org.hibernate.Version.logVersion | HHH000412: Hibernate ORM core version 6.6.29.Final
2025-11-26 17:18:05.755 | INFO  | traceId= | o.h.c.i.RegionFactoryInitiator.initiateService | HHH000026: Second-level cache disabled
2025-11-26 17:18:06.291 | INFO  | traceId= | o.s.o.j.p.SpringPersistenceUnitInfo.addTransformer | No LoadTimeWeaver setup: ignoring JPA class transformer
2025-11-26 17:18:06.376 | INFO  | traceId= | c.z.hikari.HikariDataSource.getConnection | HikariPool-1 - Starting...
2025-11-26 17:18:07.083 | INFO  | traceId= | c.z.hikari.pool.HikariPool.checkFailFast | HikariPool-1 - Added connection org.postgresql.jdbc.PgConnection@4bbc21bd
2025-11-26 17:18:07.085 | INFO  | traceId= | c.z.hikari.HikariDataSource.getConnection | HikariPool-1 - Start completed.
2025-11-26 17:18:07.185 | WARN  | traceId= | o.h.e.j.d.i.DialectFactoryImpl.constructDialect | HHH90000025: PostgreSQLDialect does not need to be specified explicitly using 'hibernate.dialect' (remove the property setting and it will be selected by default)
2025-11-26 17:18:07.235 | INFO  | traceId= | o.h.e.j.e.i.JdbcEnvironmentInitiator.logConnectionInfo | HHH10001005: Database info:
	Database JDBC URL [Connecting through datasource 'HikariDataSource (HikariPool-1)']
	Database driver: undefined/unknown
	Database version: 17.5
	Autocommit mode: undefined/unknown
	Isolation level: undefined/unknown
	Minimum pool size: undefined/unknown
	Maximum pool size: undefined/unknown
2025-11-26 17:18:08.863 | INFO  | traceId= | o.h.e.t.j.p.i.JtaPlatformInitiator.initiateService | HHH000489: No JTA platform available (set 'hibernate.transaction.jta.platform' to enable JTA platform integration)
2025-11-26 17:18:08.990 | INFO  | traceId= | o.s.o.j.AbstractEntityManagerFactoryBean.buildNativeEntityManagerFactory | Initialized JPA EntityManagerFactory for persistence unit 'default'
2025-11-26 17:18:10.145 | WARN  | traceId= | o.s.b.a.o.j.JpaBaseConfiguration$JpaWebConfiguration.openEntityManagerInViewInterceptor | spring.jpa.open-in-view is enabled by default. Therefore, database queries may be performed during view rendering. Explicitly configure spring.jpa.open-in-view to disable this warning
2025-11-26 17:18:11.038 | INFO  | traceId= | o.a.juli.logging.DirectJDKLog.log | Starting ProtocolHandler ["http-nio-9090"]
2025-11-26 17:18:11.128 | INFO  | traceId= | o.s.b.w.e.t.TomcatWebServer.start | Tomcat started on port 9090 (http) with context path '/'
2025-11-26 17:18:11.143 | INFO  | traceId= | o.s.boot.StartupInfoLogger.logStarted | Started OidcPICApplication in 8.932 seconds (process running for 9.426)
2025-11-26 17:19:16.005 | INFO  | traceId= | o.s.boot.StartupInfoLogger.logStarting | Starting OidcPICApplication using Java 21.0.8 with PID 37228 (C:\Users\p10427815\git\OIDC_Demo\OIDC_PIC\target\classes started by p10427815 in C:\Users\p10427815\git\OIDC_Demo\OIDC_PIC)
2025-11-26 17:19:16.010 | INFO  | traceId= | o.s.boot.SpringApplication.logStartupProfileInfo | No active profile set, falling back to 1 default profile: "default"
2025-11-26 17:19:17.314 | INFO  | traceId= | o.s.d.r.c.RepositoryConfigurationDelegate.registerRepositoriesIn | Bootstrapping Spring Data JPA repositories in DEFAULT mode.
2025-11-26 17:19:17.440 | INFO  | traceId= | o.s.d.r.c.RepositoryConfigurationDelegate.registerRepositoriesIn | Finished Spring Data repository scanning in 111 ms. Found 5 JPA repository interfaces.
2025-11-26 17:19:18.598 | INFO  | traceId= | o.s.b.w.e.t.TomcatWebServer.initialize | Tomcat initialized with port 9090 (http)
2025-11-26 17:19:18.627 | INFO  | traceId= | o.a.juli.logging.DirectJDKLog.log | Initializing ProtocolHandler ["http-nio-9090"]
2025-11-26 17:19:18.632 | INFO  | traceId= | o.a.juli.logging.DirectJDKLog.log | Starting service [Tomcat]
2025-11-26 17:19:18.633 | INFO  | traceId= | o.a.juli.logging.DirectJDKLog.log | Starting Servlet engine: [Apache Tomcat/10.1.46]
2025-11-26 17:19:18.777 | INFO  | traceId= | o.a.juli.logging.DirectJDKLog.log | Initializing Spring embedded WebApplicationContext
2025-11-26 17:19:18.779 | INFO  | traceId= | o.s.b.w.s.c.ServletWebServerApplicationContext.prepareWebApplicationContext | Root WebApplicationContext: initialization completed in 2665 ms
2025-11-26 17:19:19.435 | INFO  | traceId= | o.h.j.internal.util.LogHelper.logPersistenceUnitInformation | HHH000204: Processing PersistenceUnitInfo [name: default]
2025-11-26 17:19:19.622 | INFO  | traceId= | org.hibernate.Version.logVersion | HHH000412: Hibernate ORM core version 6.6.29.Final
2025-11-26 17:19:19.706 | INFO  | traceId= | o.h.c.i.RegionFactoryInitiator.initiateService | HHH000026: Second-level cache disabled
2025-11-26 17:19:20.255 | INFO  | traceId= | o.s.o.j.p.SpringPersistenceUnitInfo.addTransformer | No LoadTimeWeaver setup: ignoring JPA class transformer
2025-11-26 17:19:20.329 | INFO  | traceId= | c.z.hikari.HikariDataSource.getConnection | HikariPool-1 - Starting...
2025-11-26 17:19:20.861 | INFO  | traceId= | c.z.hikari.pool.HikariPool.checkFailFast | HikariPool-1 - Added connection org.postgresql.jdbc.PgConnection@14e3d439
2025-11-26 17:19:20.864 | INFO  | traceId= | c.z.hikari.HikariDataSource.getConnection | HikariPool-1 - Start completed.
2025-11-26 17:19:20.923 | WARN  | traceId= | o.h.e.j.d.i.DialectFactoryImpl.constructDialect | HHH90000025: PostgreSQLDialect does not need to be specified explicitly using 'hibernate.dialect' (remove the property setting and it will be selected by default)
2025-11-26 17:19:20.955 | INFO  | traceId= | o.h.e.j.e.i.JdbcEnvironmentInitiator.logConnectionInfo | HHH10001005: Database info:
	Database JDBC URL [Connecting through datasource 'HikariDataSource (HikariPool-1)']
	Database driver: undefined/unknown
	Database version: 17.5
	Autocommit mode: undefined/unknown
	Isolation level: undefined/unknown
	Minimum pool size: undefined/unknown
	Maximum pool size: undefined/unknown
2025-11-26 17:19:22.691 | INFO  | traceId= | o.h.e.t.j.p.i.JtaPlatformInitiator.initiateService | HHH000489: No JTA platform available (set 'hibernate.transaction.jta.platform' to enable JTA platform integration)
2025-11-26 17:19:22.787 | INFO  | traceId= | o.s.o.j.AbstractEntityManagerFactoryBean.buildNativeEntityManagerFactory | Initialized JPA EntityManagerFactory for persistence unit 'default'
2025-11-26 17:19:23.890 | WARN  | traceId= | o.s.b.a.o.j.JpaBaseConfiguration$JpaWebConfiguration.openEntityManagerInViewInterceptor | spring.jpa.open-in-view is enabled by default. Therefore, database queries may be performed during view rendering. Explicitly configure spring.jpa.open-in-view to disable this warning
2025-11-26 17:19:24.319 | INFO  | traceId= | o.a.juli.logging.DirectJDKLog.log | Starting ProtocolHandler ["http-nio-9090"]
2025-11-26 17:19:24.354 | INFO  | traceId= | o.s.b.w.e.t.TomcatWebServer.start | Tomcat started on port 9090 (http) with context path '/'
2025-11-26 17:19:24.366 | INFO  | traceId= | o.s.boot.StartupInfoLogger.logStarted | Started OidcPICApplication in 9.326 seconds (process running for 10.401)
2025-11-26 17:43:40.774 | INFO  | traceId= | o.s.boot.StartupInfoLogger.logStarting | Starting OidcPICApplication using Java 21.0.8 with PID 7984 (C:\Users\p10427815\git\OIDC_Demo\OIDC_PIC\target\classes started by p10427815 in C:\Users\p10427815\git\OIDC_Demo\OIDC_PIC)
2025-11-26 17:43:40.788 | INFO  | traceId= | o.s.boot.SpringApplication.logStartupProfileInfo | No active profile set, falling back to 1 default profile: "default"
2025-11-26 17:43:42.086 | INFO  | traceId= | o.s.d.r.c.RepositoryConfigurationDelegate.registerRepositoriesIn | Bootstrapping Spring Data JPA repositories in DEFAULT mode.
2025-11-26 17:43:42.210 | INFO  | traceId= | o.s.d.r.c.RepositoryConfigurationDelegate.registerRepositoriesIn | Finished Spring Data repository scanning in 106 ms. Found 5 JPA repository interfaces.
2025-11-26 17:43:43.278 | INFO  | traceId= | o.s.b.w.e.t.TomcatWebServer.initialize | Tomcat initialized with port 9090 (http)
2025-11-26 17:43:43.304 | INFO  | traceId= | o.a.juli.logging.DirectJDKLog.log | Initializing ProtocolHandler ["http-nio-9090"]
2025-11-26 17:43:43.308 | INFO  | traceId= | o.a.juli.logging.DirectJDKLog.log | Starting service [Tomcat]
2025-11-26 17:43:43.309 | INFO  | traceId= | o.a.juli.logging.DirectJDKLog.log | Starting Servlet engine: [Apache Tomcat/10.1.46]
2025-11-26 17:43:43.439 | INFO  | traceId= | o.a.juli.logging.DirectJDKLog.log | Initializing Spring embedded WebApplicationContext
2025-11-26 17:43:43.441 | INFO  | traceId= | o.s.b.w.s.c.ServletWebServerApplicationContext.prepareWebApplicationContext | Root WebApplicationContext: initialization completed in 2583 ms
2025-11-26 17:43:43.845 | INFO  | traceId= | o.h.j.internal.util.LogHelper.logPersistenceUnitInformation | HHH000204: Processing PersistenceUnitInfo [name: default]
2025-11-26 17:43:44.008 | INFO  | traceId= | org.hibernate.Version.logVersion | HHH000412: Hibernate ORM core version 6.6.29.Final
2025-11-26 17:43:44.079 | INFO  | traceId= | o.h.c.i.RegionFactoryInitiator.initiateService | HHH000026: Second-level cache disabled
2025-11-26 17:43:44.667 | INFO  | traceId= | o.s.o.j.p.SpringPersistenceUnitInfo.addTransformer | No LoadTimeWeaver setup: ignoring JPA class transformer
2025-11-26 17:43:44.768 | INFO  | traceId= | c.z.hikari.HikariDataSource.getConnection | HikariPool-1 - Starting...
2025-11-26 17:43:45.352 | INFO  | traceId= | c.z.hikari.pool.HikariPool.checkFailFast | HikariPool-1 - Added connection org.postgresql.jdbc.PgConnection@4b9f7edc
2025-11-26 17:43:45.359 | INFO  | traceId= | c.z.hikari.HikariDataSource.getConnection | HikariPool-1 - Start completed.
2025-11-26 17:43:45.496 | WARN  | traceId= | o.h.e.j.d.i.DialectFactoryImpl.constructDialect | HHH90000025: PostgreSQLDialect does not need to be specified explicitly using 'hibernate.dialect' (remove the property setting and it will be selected by default)
2025-11-26 17:43:45.552 | INFO  | traceId= | o.h.e.j.e.i.JdbcEnvironmentInitiator.logConnectionInfo | HHH10001005: Database info:
	Database JDBC URL [Connecting through datasource 'HikariDataSource (HikariPool-1)']
	Database driver: undefined/unknown
	Database version: 17.5
	Autocommit mode: undefined/unknown
	Isolation level: undefined/unknown
	Minimum pool size: undefined/unknown
	Maximum pool size: undefined/unknown
2025-11-26 17:43:47.891 | INFO  | traceId= | o.h.e.t.j.p.i.JtaPlatformInitiator.initiateService | HHH000489: No JTA platform available (set 'hibernate.transaction.jta.platform' to enable JTA platform integration)
2025-11-26 17:43:47.978 | INFO  | traceId= | o.s.o.j.AbstractEntityManagerFactoryBean.buildNativeEntityManagerFactory | Initialized JPA EntityManagerFactory for persistence unit 'default'
2025-11-26 17:43:49.657 | WARN  | traceId= | o.s.b.a.o.j.JpaBaseConfiguration$JpaWebConfiguration.openEntityManagerInViewInterceptor | spring.jpa.open-in-view is enabled by default. Therefore, database queries may be performed during view rendering. Explicitly configure spring.jpa.open-in-view to disable this warning
2025-11-26 17:43:50.539 | INFO  | traceId= | o.a.juli.logging.DirectJDKLog.log | Starting ProtocolHandler ["http-nio-9090"]
2025-11-26 17:43:50.615 | INFO  | traceId= | o.s.b.w.e.t.TomcatWebServer.start | Tomcat started on port 9090 (http) with context path '/'
2025-11-26 17:43:50.633 | INFO  | traceId= | o.s.boot.StartupInfoLogger.logStarted | Started OidcPICApplication in 10.632 seconds (process running for 11.371)
2025-11-26 17:44:01.171 | INFO  | traceId= | o.a.juli.logging.DirectJDKLog.log | Initializing Spring DispatcherServlet 'dispatcherServlet'
2025-11-26 17:44:01.171 | INFO  | traceId= | o.s.w.servlet.FrameworkServlet.initServletBean | Initializing Servlet 'dispatcherServlet'
2025-11-26 17:44:01.173 | INFO  | traceId= | o.s.w.servlet.FrameworkServlet.initServletBean | Completed initialization in 1 ms
2025-11-26 17:44:01.266 | INFO  | traceId=f04f9c8f-a72d-469b-98a6-7c930e69a88d | c.e.pic.ServiceImpl.OauthImpl.getAuthUrl | 開始接收授權 url
2025-11-26 17:44:01.519 | INFO  | traceId=f04f9c8f-a72d-469b-98a6-7c930e69a88d | c.e.pic.ServiceImpl.OauthImpl.tryAutoLogin | 開始驗證是否免登入
2025-11-26 17:44:01.594 | INFO  | traceId=f04f9c8f-a72d-469b-98a6-7c930e69a88d | c.e.pic.ServiceImpl.OauthImpl.tryAutoLogin | 建立授權code:eb85c2f1-432a-4c02-8192-f5c14a5f4498
2025-11-26 17:44:07.574 | INFO  | traceId=f04f9c8f-a72d-469b-98a6-7c930e69a88d | c.e.pic.ServiceImpl.OauthImpl.getAuthUrl | 使用者免登入,已由 tryAutoLogin 處理流程
2025-11-26 17:44:07.576 | INFO  | traceId=f04f9c8f-a72d-469b-98a6-7c930e69a88d | c.e.p.c.RequestLogInterceptor.afterCompletion | API: GET /api/oauth/authorize | Status=302 | 耗時=6363ms
2025-11-26 17:44:07.899 | INFO  | traceId=c4a5a22b-7213-4a6a-a3af-4b100753bb47 | c.e.p.c.RequestLogInterceptor.afterCompletion | API: POST /api/oauth/token | Status=200 | 耗時=90ms
2025-11-26 17:44:51.842 | INFO  | traceId=33543046-87bd-47dc-9777-01cf97642912 | c.e.p.c.RequestLogInterceptor.afterCompletion | API: GET /.well-known/jwks.json | Status=200 | 耗時=14ms
2025-11-26 17:45:10.324 | INFO  | traceId=62e828ab-47f8-4007-92e9-82c75f90ba8e | c.e.pic.ServiceImpl.OauthImpl.getAuthUrl | 開始接收授權 url
2025-11-26 17:45:10.330 | INFO  | traceId=62e828ab-47f8-4007-92e9-82c75f90ba8e | c.e.pic.ServiceImpl.OauthImpl.tryAutoLogin | 開始驗證是否免登入
2025-11-26 17:45:10.339 | INFO  | traceId=62e828ab-47f8-4007-92e9-82c75f90ba8e | c.e.pic.ServiceImpl.OauthImpl.tryAutoLogin | 建立授權code:535fdd2f-1e87-40e5-8a24-eda3ca3f06bb
2025-11-26 17:45:10.340 | INFO  | traceId=62e828ab-47f8-4007-92e9-82c75f90ba8e | c.e.pic.ServiceImpl.OauthImpl.getAuthUrl | 使用者免登入,已由 tryAutoLogin 處理流程
2025-11-26 17:45:10.341 | INFO  | traceId=62e828ab-47f8-4007-92e9-82c75f90ba8e | c.e.p.c.RequestLogInterceptor.afterCompletion | API: GET /api/oauth/authorize | Status=302 | 耗時=17ms
2025-11-26 17:45:10.453 | INFO  | traceId=52d61537-6b0c-4247-9c46-db5bb98fca66 | c.e.p.c.RequestLogInterceptor.afterCompletion | API: POST /api/oauth/token | Status=200 | 耗時=6ms
2025-11-26 17:45:13.885 | INFO  | traceId=8508570f-0bf6-4dda-a7f3-63b023d7c260 | c.e.p.c.RequestLogInterceptor.afterCompletion | API: GET /.well-known/jwks.json | Status=200 | 耗時=2ms
2025-11-26 17:45:24.670 | INFO  | traceId=88ffdaf4-1146-4367-a6b4-86a169855ca0 | c.e.pic.ServiceImpl.OauthImpl.getAuthUrl | 開始接收授權 url
2025-11-26 17:45:24.675 | INFO  | traceId=88ffdaf4-1146-4367-a6b4-86a169855ca0 | c.e.pic.ServiceImpl.OauthImpl.tryAutoLogin | 開始驗證是否免登入
2025-11-26 17:45:24.683 | INFO  | traceId=88ffdaf4-1146-4367-a6b4-86a169855ca0 | c.e.pic.ServiceImpl.OauthImpl.tryAutoLogin | 建立授權code:5cac7838-f8a2-484a-b1a2-92daac5bc0a2
2025-11-26 17:45:24.683 | INFO  | traceId=88ffdaf4-1146-4367-a6b4-86a169855ca0 | c.e.pic.ServiceImpl.OauthImpl.getAuthUrl | 使用者免登入,已由 tryAutoLogin 處理流程
2025-11-26 17:45:24.684 | INFO  | traceId=88ffdaf4-1146-4367-a6b4-86a169855ca0 | c.e.p.c.RequestLogInterceptor.afterCompletion | API: GET /api/oauth/authorize | Status=302 | 耗時=15ms
2025-11-26 17:45:24.794 | INFO  | traceId=511e0154-1b72-4f4b-bac6-db56dc0e6c98 | c.e.p.c.RequestLogInterceptor.afterCompletion | API: POST /api/oauth/token | Status=200 | 耗時=8ms
2025-11-26 17:45:28.321 | INFO  | traceId=769d4ddc-a865-421c-8ae1-c810295fa83e | c.e.p.c.RequestLogInterceptor.afterCompletion | API: GET /.well-known/jwks.json | Status=200 | 耗時=2ms
2025-11-26 17:45:34.015 | INFO  | traceId=18261c2a-b0b3-469a-98ce-e838fe908ec7 | c.e.pic.ServiceImpl.OauthImpl.getAuthUrl | 開始接收授權 url
2025-11-26 17:45:34.020 | INFO  | traceId=18261c2a-b0b3-469a-98ce-e838fe908ec7 | c.e.pic.ServiceImpl.OauthImpl.tryAutoLogin | 開始驗證是否免登入
2025-11-26 17:45:34.027 | INFO  | traceId=18261c2a-b0b3-469a-98ce-e838fe908ec7 | c.e.pic.ServiceImpl.OauthImpl.tryAutoLogin | 建立授權code:fa8ffd64-404d-4e21-a084-6ca8f5843669
2025-11-26 17:45:34.028 | INFO  | traceId=18261c2a-b0b3-469a-98ce-e838fe908ec7 | c.e.pic.ServiceImpl.OauthImpl.getAuthUrl | 使用者免登入,已由 tryAutoLogin 處理流程
2025-11-26 17:45:34.029 | INFO  | traceId=18261c2a-b0b3-469a-98ce-e838fe908ec7 | c.e.p.c.RequestLogInterceptor.afterCompletion | API: GET /api/oauth/authorize | Status=302 | 耗時=14ms
2025-11-26 17:45:34.139 | INFO  | traceId=82d173fd-a003-4a6a-a052-93fda693faa4 | c.e.p.c.RequestLogInterceptor.afterCompletion | API: POST /api/oauth/token | Status=200 | 耗時=5ms
2025-11-26 17:45:41.239 | INFO  | traceId=fbfb866d-31b8-4c47-bd90-770ac20b9899 | c.e.p.c.RequestLogInterceptor.afterCompletion | API: GET /.well-known/jwks.json | Status=200 | 耗時=2ms
